X [ERROR] Cannot read directory "../../..": Access is denied.

X [ERROR] Could not resolve "./cjs/react-jsx-dev-runtime.development.js"

    node_modules/react/jsx-dev-runtime.js:6:27:
      6 │ ...le.exports = require('./cjs/react-jsx-dev-runtime.development.js');
        ╵                         ~~~~~~~~~~~~~~~~~~~~~~~~~~~~~~~~~~~~~~~~~~~~

X [ERROR] Could not resolve "./lib/axios.js"

    node_modules/axios/index.js:1:18:
      1 │ import axios from './lib/axios.js';
        ╵                   ~~~~~~~~~~~~~~~~

X [ERROR] Could not resolve "./cjs/react-jsx-runtime.development.js"

    node_modules/react/jsx-runtime.js:6:27:
      6 │   module.exports = require('./cjs/react-jsx-runtime.development.js');
        ╵                            ~~~~~~~~~~~~~~~~~~~~~~~~~~~~~~~~~~~~~~~~

X [ERROR] Could not resolve "./components/button/button.js"

    node_modules/@headlessui/react/dist/headlessui.esm.js:1:11:
      1 │ export*from'./components/button/button.js';export*from'./components...
        ╵            ~~~~~~~~~~~~~~~~~~~~~~~~~~~~~~~

X [ERROR] Could not resolve "./container/Surface"

    node_modules/recharts/es6/index.js:6:24:
      6 │ export { Surface } from './container/Surface';
        ╵                         ~~~~~~~~~~~~~~~~~~~~~

X [ERROR] Could not resolve "./base.mjs"

    node_modules/handsontable/index.mjs:2:52:
      2 │ import Handsontable, { CellCoords, CellRange } from "./base.mjs";
        ╵                                                     ~~~~~~~~~~~~

X [ERROR] Could not resolve "./cjs/react-dom.development.js"

    node_modules/react-dom/index.js:37:27:
      37 │   module.exports = require('./cjs/react-dom.development.js');
         ╵                            ~~~~~~~~~~~~~~~~~~~~~~~~~~~~~~~~

X [ERROR] Could not resolve "./Trans.js"

    node_modules/react-i18next/dist/es/index.js:1:22:
      1 │ export { Trans } from './Trans.js';
        ╵                       ~~~~~~~~~~~~

X [ERROR] Could not resolve "./index-907e9a1a.js"

    node_modules/@firebase/auth/dist/esm/index.js:1:2147:
      1 │ ...eEmail, aa as verifyPasswordResetCode } from './index-907e9a1a.js';
        ╵                                                 ~~~~~~~~~~~~~~~~~~~~~

X [ERROR] Could not resolve "./icons/index.js"

    node_modules/lucide-react/dist/esm/lucide-react.js:8:23:
      8 │ import * as index from './icons/index.js';
        ╵                        ~~~~~~~~~~~~~~~~~~

X [ERROR] Could not resolve "./icons/fingerprint-pattern.js"

    node_modules/lucide-react/dist/esm/lucide-react.js:10:200:
      10 │ ... LucideFingerprintPattern } from './icons/fingerprint-pattern.js';
         ╵                                     ~~~~~~~~~~~~~~~~~~~~~~~~~~~~~~~~

X [ERROR] Could not resolve "./utils.js"

    node_modules/i18next-http-backend/esm/index.js:10:28:
      10 │ import { makePromise } from './utils.js';
         ╵                             ~~~~~~~~~~~~

X [ERROR] Could not resolve "./cjs/react.development.js"

    node_modules/react/index.js:6:27:
      6 │   module.exports = require('./cjs/react.development.js');
        ╵                            ~~~~~~~~~~~~~~~~~~~~~~~~~~~~

X [ERROR] Could not resolve "./cjs/react-dom-client.development.js"

    node_modules/react-dom/client.js:37:27:
      37 │   module.exports = require('./cjs/react-dom-client.development.js');
         ╵                            ~~~~~~~~~~~~~~~~~~~~~~~~~~~~~~~~~~~~~~~

X [ERROR] Could not resolve "./client.js"

    node_modules/laravel-precognition/dist/index.js:1:50:
      1 │ export { client, resolveUrl, resolveMethod } from './client.js';
        ╵                                                   ~~~~~~~~~~~~~

X [ERROR] Could not resolve "./add.js"

    node_modules/lodash-es/lodash.js:10:31:
      10 │ export { default as add } from './add.js';
         ╵                                ~~~~~~~~~~

X [ERROR] Could not resolve "./wrap-idb-value.js"

    node_modules/idb/build/index.js:1:45:
      1 │ import { w as wrap, r as replaceTraps } from './wrap-idb-value.js';
        ╵                                              ~~~~~~~~~~~~~~~~~~~~~

X [ERROR] Could not resolve "./postinstall.mjs"

    node_modules/@firebase/util/dist/index.esm.js:1:43:
      1 │ import { getDefaultsFromPostinstall } from './postinstall.mjs';
        ╵                                            ~~~~~~~~~~~~~~~~~~~

X [ERROR] Could not resolve "./stringify"

    node_modules/qs/lib/index.js:3:24:
      3 │ var stringify = require('./stringify');
        ╵                         ~~~~~~~~~~~~~

X [ERROR] Could not resolve "../cjs/use-sync-external-store-shim/with-selector.development.js"

    node_modules/use-sync-external-store/shim/with-selector.js:6:27:
      6 │ ... = require('../cjs/use-sync-external-store-shim/with-selector.de...
        ╵               ~~~~~~~~~~~~~~~~~~~~~~~~~~~~~~~~~~~~~~~~~~~~~~~~~~~~~

X [ERROR] Could not resolve "./zoom.js"

    node_modules/d3-zoom/src/index.js:1:30:
      1 │ export {default as zoom} from "./zoom.js";
        ╵                               ~~~~~~~~~~~

X [ERROR] Could not resolve "./value.js"

    node_modules/d3-interpolate/src/index.js:1:37:
      1 │ export {default as interpolate} from "./value.js";
        ╵                                      ~~~~~~~~~~~~

X [ERROR] Could not resolve "./create.js"

    node_modules/d3-selection/src/index.js:1:32:
      1 │ export {default as create} from "./create.js";
        ╵                                 ~~~~~~~~~~~~~

X [ERROR] Could not resolve "./drag.js"

    node_modules/d3-drag/src/index.js:1:30:
      1 │ export {default as drag} from "./drag.js";
        ╵                               ~~~~~~~~~~~

X [ERROR] Could not resolve "./components/checkbox/checkbox.js"

    node_modules/@headlessui/react/dist/headlessui.esm.js:1:54:
      1 │ ...js';export*from'./components/checkbox/checkbox.js';export*from'....
        ╵                   ~~~~~~~~~~~~~~~~~~~~~~~~~~~~~~~~~~~

X [ERROR] Could not resolve "./container/Layer"

    node_modules/recharts/es6/index.js:7:22:
      7 │ export { Layer } from './container/Layer';
        ╵                       ~~~~~~~~~~~~~~~~~~~

X [ERROR] Could not resolve "./registry.mjs"

    node_modules/handsontable/index.mjs:3:35:
      3 │ import { registerAllModules } from "./registry.mjs";
        ╵                                    ~~~~~~~~~~~~~~~~

X [ERROR] Could not resolve "./TransWithoutContext.js"

    node_modules/react-i18next/dist/es/index.js:2:45:
      2 │ ...t { Trans as TransWithoutContext } from './TransWithoutContext.js';
        ╵                                            ~~~~~~~~~~~~~~~~~~~~~~~~~~

X [ERROR] Could not resolve "./icons/alarm-clock-check.js"

    node_modules/lucide-react/dist/esm/lucide-react.js:11:188:
      11 │ ...lt as LucideAlarmClockCheck } from './icons/alarm-clock-check.js';
         ╵                                       ~~~~~~~~~~~~~~~~~~~~~~~~~~~~~~

X [ERROR] Could not resolve "./request.js"

    node_modules/i18next-http-backend/esm/index.js:11:20:
      11 │ import request from './request.js';
         ╵                     ~~~~~~~~~~~~~~

X [ERROR] Could not resolve "./validator.js"

    node_modules/laravel-precognition/dist/index.js:2:71:
      2 │ ...tor, toSimpleValidationErrors, resolveName } from './validator.js';
        ╵                                                      ~~~~~~~~~~~~~~~~

X [ERROR] Could not resolve "./after.js"

    node_modules/lodash-es/lodash.js:11:33:
      11 │ export { default as after } from './after.js';
         ╵                                  ~~~~~~~~~~~~

X [ERROR] Could not resolve "./parse"

    node_modules/qs/lib/index.js:4:20:
      4 │ var parse = require('./parse');
        ╵                     ~~~~~~~~~

X [ERROR] Could not resolve "./transform.js"

    node_modules/d3-zoom/src/index.js:2:93:
      2 │ ...as zoomIdentity, Transform as ZoomTransform} from "./transform.js";
        ╵                                                      ~~~~~~~~~~~~~~~~

X [ERROR] Could not resolve "./array.js"

    node_modules/d3-interpolate/src/index.js:2:42:
      2 │ export {default as interpolateArray} from "./array.js";
        ╵                                           ~~~~~~~~~~~~

X [ERROR] Could not resolve "./creator.js"

    node_modules/d3-selection/src/index.js:2:33:
      2 │ export {default as creator} from "./creator.js";
        ╵                                  ~~~~~~~~~~~~~~

X [ERROR] Could not resolve "./nodrag.js"

    node_modules/d3-drag/src/index.js:2:60:
      2 │ ...{default as dragDisable, yesdrag as dragEnable} from "./nodrag.js";
        ╵                                                         ~~~~~~~~~~~~~

X [ERROR] Could not resolve "./components/close-button/close-button.js"

    node_modules/@headlessui/react/dist/headlessui.esm.js:1:101:
      1 │ ...export*from'./components/close-button/close-button.js';export*fr...
        ╵               ~~~~~~~~~~~~~~~~~~~~~~~~~~~~~~~~~~~~~~~~~~~

X [ERROR] Could not resolve "./component/Legend"

    node_modules/recharts/es6/index.js:8:23:
      8 │ export { Legend } from './component/Legend';
        ╵                        ~~~~~~~~~~~~~~~~~~~~

X [ERROR] Could not resolve "./eventManager.mjs"

    node_modules/handsontable/index.mjs:4:50:
      4 │ ...rt EventManager, { getListenersCounter } from "./eventManager.mjs";
        ╵                                                  ~~~~~~~~~~~~~~~~~~~~

X [ERROR] Could not resolve "./IcuTrans.js"

    node_modules/react-i18next/dist/es/index.js:3:25:
      3 │ export { IcuTrans } from './IcuTrans.js';
        ╵                          ~~~~~~~~~~~~~~~

X [ERROR] Could not resolve "./icons/alarm-clock-minus.js"

    node_modules/lucide-react/dist/esm/lucide-react.js:12:188:
      12 │ ...default as LucideAlarmMinus } from './icons/alarm-clock-minus.js';
         ╵                                       ~~~~~~~~~~~~~~~~~~~~~~~~~~~~~~

X [ERROR] Could not resolve "./types.js"

    node_modules/laravel-precognition/dist/index.js:3:14:
      3 │ export * from './types.js';
        ╵               ~~~~~~~~~~~~

X [ERROR] Could not resolve "./ary.js"

    node_modules/lodash-es/lodash.js:12:31:
      12 │ export { default as ary } from './ary.js';
         ╵                                ~~~~~~~~~~

X [ERROR] Could not resolve "./formats"

    node_modules/qs/lib/index.js:5:22:
      5 │ var formats = require('./formats');
        ╵                       ~~~~~~~~~~~

X [ERROR] Could not resolve "./basis.js"

    node_modules/d3-interpolate/src/index.js:3:42:
      3 │ export {default as interpolateBasis} from "./basis.js";
        ╵                                           ~~~~~~~~~~~~

X [ERROR] Could not resolve "./local.js"

    node_modules/d3-selection/src/index.js:3:31:
      3 │ export {default as local} from "./local.js";
        ╵                                ~~~~~~~~~~~~

X [ERROR] Could not resolve "./components/combobox/combobox.js"

    node_modules/@headlessui/react/dist/headlessui.esm.js:1:156:
      1 │ ...js';export*from'./components/combobox/combobox.js';export*from'....
        ╵                   ~~~~~~~~~~~~~~~~~~~~~~~~~~~~~~~~~~~

X [ERROR] Could not resolve "./component/DefaultLegendContent"

    node_modules/recharts/es6/index.js:9:37:
      9 │ ...t { DefaultLegendContent } from './component/DefaultLegendContent';
        ╵                                    ~~~~~~~~~~~~~~~~~~~~~~~~~~~~~~~~~~

X [ERROR] Could not resolve "./translations/index.mjs"

    node_modules/handsontable/index.mjs:5:41:
      5 │ import { getRegisteredMapsCounter } from "./translations/index.mjs";
        ╵                                          ~~~~~~~~~~~~~~~~~~~~~~~~~~

X [ERROR] Could not resolve "./IcuTransWithoutContext.js"

    node_modules/react-i18next/dist/es/index.js:4:39:
      4 │ export { IcuTransWithoutContext } from './IcuTransWithoutContext.js';
        ╵                                        ~~~~~~~~~~~~~~~~~~~~~~~~~~~~~

X [ERROR] Could not resolve "./icons/alarm-clock-plus.js"

    node_modules/lucide-react/dist/esm/lucide-react.js:13:182:
      13 │ ..., default as LucideAlarmPlus } from './icons/alarm-clock-plus.js';
         ╵                                        ~~~~~~~~~~~~~~~~~~~~~~~~~~~~~

X [ERROR] Could not resolve "./assign.js"

    node_modules/lodash-es/lodash.js:13:34:
      13 │ export { default as assign } from './assign.js';
         ╵                                   ~~~~~~~~~~~~~

X [ERROR] Could not resolve "./basisClosed.js"

    node_modules/d3-interpolate/src/index.js:4:48:
      4 │ export {default as interpolateBasisClosed} from "./basisClosed.js";
        ╵                                                 ~~~~~~~~~~~~~~~~~~

X [ERROR] Could not resolve "./matcher.js"

    node_modules/d3-selection/src/index.js:4:33:
      4 │ export {default as matcher} from "./matcher.js";
        ╵                                  ~~~~~~~~~~~~~~

X [ERROR] Could not resolve "./components/data-interactive/data-interactive.js"

    node_modules/@headlessui/react/dist/headlessui.esm.js:1:203:
      1 │ ...export*from'./components/data-interactive/data-interactive.js';i...
        ╵               ~~~~~~~~~~~~~~~~~~~~~~~~~~~~~~~~~~~~~~~~~~~~~~~~~~~

X [ERROR] Could not resolve "./component/Tooltip"

    node_modules/recharts/es6/index.js:10:24:
      10 │ export { Tooltip } from './component/Tooltip';
         ╵                         ~~~~~~~~~~~~~~~~~~~~~

X [ERROR] Could not resolve "./helpers/wrappers/jquery.mjs"

    node_modules/handsontable/index.mjs:6:26:
      6 │ import jQueryWrapper from "./helpers/wrappers/jquery.mjs";
        ╵                           ~~~~~~~~~~~~~~~~~~~~~~~~~~~~~~~

X [ERROR] Could not resolve "./useTranslation.js"

    node_modules/react-i18next/dist/es/index.js:5:31:
      5 │ export { useTranslation } from './useTranslation.js';
        ╵                                ~~~~~~~~~~~~~~~~~~~~~

X [ERROR] Could not resolve "./icons/arrow-down-a-z.js"

    node_modules/lucide-react/dist/esm/lucide-react.js:14:179:
      14 │ ..., default as LucideArrowDownAz } from './icons/arrow-down-a-z.js';
         ╵                                          ~~~~~~~~~~~~~~~~~~~~~~~~~~~

X [ERROR] Could not resolve "./assignIn.js"

    node_modules/lodash-es/lodash.js:14:36:
      14 │ export { default as assignIn } from './assignIn.js';
         ╵                                     ~~~~~~~~~~~~~~~

X [ERROR] Could not resolve "./date.js"

    node_modules/d3-interpolate/src/index.js:5:41:
      5 │ export {default as interpolateDate} from "./date.js";
        ╵                                          ~~~~~~~~~~~

X [ERROR] Could not resolve "./namespace.js"

    node_modules/d3-selection/src/index.js:5:35:
      5 │ export {default as namespace} from "./namespace.js";
        ╵                                    ~~~~~~~~~~~~~~~~

X [ERROR] Could not resolve "./components/description/description.js"

    node_modules/@headlessui/react/dist/headlessui.esm.js:1:283:
      1 │ ...on as x}from'./components/description/description.js';export*fro...
        ╵                ~~~~~~~~~~~~~~~~~~~~~~~~~~~~~~~~~~~~~~~~~

X [ERROR] Could not resolve "./component/DefaultTooltipContent"

    node_modules/recharts/es6/index.js:11:38:
      11 │ ... DefaultTooltipContent } from './component/DefaultTooltipContent';
         ╵                                  ~~~~~~~~~~~~~~~~~~~~~~~~~~~~~~~~~~~

X [ERROR] Could not resolve "./utils/ghostTable.mjs"

    node_modules/handsontable/index.mjs:7:23:
      7 │ import GhostTable from "./utils/ghostTable.mjs";
        ╵                        ~~~~~~~~~~~~~~~~~~~~~~~~

X [ERROR] Could not resolve "./withTranslation.js"

    node_modules/react-i18next/dist/es/index.js:6:32:
      6 │ export { withTranslation } from './withTranslation.js';
        ╵                                 ~~~~~~~~~~~~~~~~~~~~~~

X [ERROR] Could not resolve "./icons/arrow-down-wide-narrow.js"

    node_modules/lucide-react/dist/esm/lucide-react.js:15:194:
      15 │ ...efault as SortDescIcon } from './icons/arrow-down-wide-narrow.js';
         ╵                                  ~~~~~~~~~~~~~~~~~~~~~~~~~~~~~~~~~~~

X [ERROR] Could not resolve "./assignInWith.js"

    node_modules/lodash-es/lodash.js:15:40:
      15 │ export { default as assignInWith } from './assignInWith.js';
         ╵                                         ~~~~~~~~~~~~~~~~~~~

X [ERROR] Could not resolve "./discrete.js"

    node_modules/d3-interpolate/src/index.js:6:45:
      6 │ export {default as interpolateDiscrete} from "./discrete.js";
        ╵                                              ~~~~~~~~~~~~~~~

X [ERROR] Could not resolve "./namespaces.js"

    node_modules/d3-selection/src/index.js:6:36:
      6 │ export {default as namespaces} from "./namespaces.js";
        ╵                                     ~~~~~~~~~~~~~~~~~

X [ERROR] Could not resolve "./components/dialog/dialog.js"

    node_modules/@headlessui/react/dist/headlessui.esm.js:1:336:
      1 │ ...n.js';export*from'./components/dialog/dialog.js';export*from'./c...
        ╵                     ~~~~~~~~~~~~~~~~~~~~~~~~~~~~~~~

X [ERROR] Could not resolve "./component/ResponsiveContainer"

    node_modules/recharts/es6/index.js:12:36:
      12 │ ...rt { ResponsiveContainer } from './component/ResponsiveContainer';
         ╵                                    ~~~~~~~~~~~~~~~~~~~~~~~~~~~~~~~~~

X [ERROR] Could not resolve "./utils/parseTable.mjs"

    node_modules/handsontable/index.mjs:8:35:
      8 │ import * as parseTableHelpers from "./utils/parseTable.mjs";
        ╵                                    ~~~~~~~~~~~~~~~~~~~~~~~~

X [ERROR] Could not resolve "./Translation.js"

    node_modules/react-i18next/dist/es/index.js:7:28:
      7 │ export { Translation } from './Translation.js';
        ╵                             ~~~~~~~~~~~~~~~~~~

X [ERROR] Could not resolve "./icons/arrow-down-z-a.js"

    node_modules/lucide-react/dist/esm/lucide-react.js:16:179:
      16 │ ..., default as LucideArrowDownZa } from './icons/arrow-down-z-a.js';
         ╵                                          ~~~~~~~~~~~~~~~~~~~~~~~~~~~

X [ERROR] Could not resolve "./assignWith.js"

    node_modules/lodash-es/lodash.js:16:38:
      16 │ export { default as assignWith } from './assignWith.js';
         ╵                                       ~~~~~~~~~~~~~~~~~

X [ERROR] Could not resolve "./hue.js"

    node_modules/d3-interpolate/src/index.js:7:40:
      7 │ export {default as interpolateHue} from "./hue.js";
        ╵                                         ~~~~~~~~~~

X [ERROR] Could not resolve "./pointer.js"

    node_modules/d3-selection/src/index.js:7:33:
      7 │ export {default as pointer} from "./pointer.js";
        ╵                                  ~~~~~~~~~~~~~~

X [ERROR] Could not resolve "./components/disclosure/disclosure.js"

    node_modules/@headlessui/react/dist/headlessui.esm.js:1:379:
      1 │ ...';export*from'./components/disclosure/disclosure.js';export*from...
        ╵                 ~~~~~~~~~~~~~~~~~~~~~~~~~~~~~~~~~~~~~~~

X [ERROR] Could not resolve "./component/Cell"

    node_modules/recharts/es6/index.js:13:21:
      13 │ export { Cell } from './component/Cell';
         ╵                      ~~~~~~~~~~~~~~~~~~

X [ERROR] Could not resolve "./helpers/array.mjs"

    node_modules/handsontable/index.mjs:9:30:
      9 │ import * as arrayHelpers from "./helpers/array.mjs";
        ╵                               ~~~~~~~~~~~~~~~~~~~~~

X [ERROR] Could not resolve "./I18nextProvider.js"

    node_modules/react-i18next/dist/es/index.js:8:32:
      8 │ export { I18nextProvider } from './I18nextProvider.js';
        ╵                                 ~~~~~~~~~~~~~~~~~~~~~~

X [ERROR] Could not resolve "./icons/arrow-up-a-z.js"

    node_modules/lucide-react/dist/esm/lucide-react.js:17:167:
      17 │ ...UpAZ, default as LucideArrowUpAz } from './icons/arrow-up-a-z.js';
         ╵                                            ~~~~~~~~~~~~~~~~~~~~~~~~~

X [ERROR] Could not resolve "./at.js"

    node_modules/lodash-es/lodash.js:17:30:
      17 │ export { default as at } from './at.js';
         ╵                               ~~~~~~~~~

X [ERROR] Could not resolve "./number.js"

    node_modules/d3-interpolate/src/index.js:8:43:
      8 │ export {default as interpolateNumber} from "./number.js";
        ╵                                            ~~~~~~~~~~~~~

X [ERROR] Could not resolve "./pointers.js"

    node_modules/d3-selection/src/index.js:8:34:
      8 │ export {default as pointers} from "./pointers.js";
        ╵                                   ~~~~~~~~~~~~~~~

X [ERROR] Could not resolve "./components/field/field.js"

    node_modules/@headlessui/react/dist/headlessui.esm.js:1:430:
      1 │ ...re.js';export*from'./components/field/field.js';export*from'./co...
        ╵                      ~~~~~~~~~~~~~~~~~~~~~~~~~~~~~

X [ERROR] Could not resolve "./component/Text"

    node_modules/recharts/es6/index.js:14:21:
      14 │ export { Text } from './component/Text';
         ╵                      ~~~~~~~~~~~~~~~~~~

X [ERROR] Could not resolve "./helpers/browser.mjs"

    node_modules/handsontable/index.mjs:10:32:
      10 │ import * as browserHelpers from "./helpers/browser.mjs";
         ╵                                 ~~~~~~~~~~~~~~~~~~~~~~~

X [ERROR] Could not resolve "./withSSR.js"

    node_modules/react-i18next/dist/es/index.js:9:24:
      9 │ export { withSSR } from './withSSR.js';
        ╵                         ~~~~~~~~~~~~~~

X [ERROR] Could not resolve "./icons/arrow-up-narrow-wide.js"

    node_modules/lucide-react/dist/esm/lucide-react.js:18:185:
      18 │ ..., default as SortAscIcon } from './icons/arrow-up-narrow-wide.js';
         ╵                                    ~~~~~~~~~~~~~~~~~~~~~~~~~~~~~~~~~

X [ERROR] Could not resolve "./attempt.js"

    node_modules/lodash-es/lodash.js:18:35:
      18 │ export { default as attempt } from './attempt.js';
         ╵                                    ~~~~~~~~~~~~~~

X [ERROR] Could not resolve "./numberArray.js"

    node_modules/d3-interpolate/src/index.js:9:48:
      9 │ export {default as interpolateNumberArray} from "./numberArray.js";
        ╵                                                 ~~~~~~~~~~~~~~~~~~

X [ERROR] Could not resolve "./select.js"

    node_modules/d3-selection/src/index.js:9:32:
      9 │ export {default as select} from "./select.js";
        ╵                                 ~~~~~~~~~~~~~

X [ERROR] Could not resolve "./components/fieldset/fieldset.js"

    node_modules/@headlessui/react/dist/headlessui.esm.js:1:471:
      1 │ ...js';export*from'./components/fieldset/fieldset.js';export*from'....
        ╵                   ~~~~~~~~~~~~~~~~~~~~~~~~~~~~~~~~~~~

X [ERROR] Could not resolve "./component/Label"

    node_modules/recharts/es6/index.js:15:22:
      15 │ export { Label } from './component/Label';
         ╵                       ~~~~~~~~~~~~~~~~~~~

X [ERROR] Could not resolve "./helpers/data.mjs"

    node_modules/handsontable/index.mjs:11:29:
      11 │ import * as dataHelpers from "./helpers/data.mjs";
         ╵                              ~~~~~~~~~~~~~~~~~~~~

X [ERROR] Could not resolve "./useSSR.js"

    node_modules/react-i18next/dist/es/index.js:10:23:
      10 │ export { useSSR } from './useSSR.js';
         ╵                        ~~~~~~~~~~~~~

X [ERROR] Could not resolve "./icons/arrow-up-z-a.js"

    node_modules/lucide-react/dist/esm/lucide-react.js:19:167:
      19 │ ...UpZA, default as LucideArrowUpZa } from './icons/arrow-up-z-a.js';
         ╵                                            ~~~~~~~~~~~~~~~~~~~~~~~~~

X [ERROR] Could not resolve "./before.js"

    node_modules/lodash-es/lodash.js:19:34:
      19 │ export { default as before } from './before.js';
         ╵                                   ~~~~~~~~~~~~~

X [ERROR] Could not resolve "./object.js"

    node_modules/d3-interpolate/src/index.js:10:43:
      10 │ export {default as interpolateObject} from "./object.js";
         ╵                                            ~~~~~~~~~~~~~

X [ERROR] Could not resolve "./selectAll.js"

    node_modules/d3-selection/src/index.js:10:35:
      10 │ export {default as selectAll} from "./selectAll.js";
         ╵                                    ~~~~~~~~~~~~~~~~

X [ERROR] Could not resolve "./components/focus-trap/focus-trap.js"

    node_modules/@headlessui/react/dist/headlessui.esm.js:1:518:
      1 │ ...';export*from'./components/focus-trap/focus-trap.js';export*from...
        ╵                 ~~~~~~~~~~~~~~~~~~~~~~~~~~~~~~~~~~~~~~~

X [ERROR] Could not resolve "./component/LabelList"

    node_modules/recharts/es6/index.js:16:26:
      16 │ export { LabelList } from './component/LabelList';
         ╵                           ~~~~~~~~~~~~~~~~~~~~~~~

X [ERROR] Could not resolve "./helpers/dateTime.mjs"

    node_modules/handsontable/index.mjs:12:33:
      12 │ import * as dateTimeHelpers from "./helpers/dateTime.mjs";
         ╵                                  ~~~~~~~~~~~~~~~~~~~~~~~~

X [ERROR] Could not resolve "./initReactI18next.js"

    node_modules/react-i18next/dist/es/index.js:11:33:
      11 │ export { initReactI18next } from './initReactI18next.js';
         ╵                                  ~~~~~~~~~~~~~~~~~~~~~~~

X [ERROR] Could not resolve "./icons/axis-3d.js"

    node_modules/lucide-react/dist/esm/lucide-react.js:20:149:
      20 │ ...LucideAxis3D, default as LucideAxis3d } from './icons/axis-3d.js';
         ╵                                                 ~~~~~~~~~~~~~~~~~~~~

X [ERROR] Could not resolve "./bind.js"

    node_modules/lodash-es/lodash.js:20:32:
      20 │ export { default as bind } from './bind.js';
         ╵                                 ~~~~~~~~~~~

X [ERROR] Could not resolve "./round.js"

    node_modules/d3-interpolate/src/index.js:11:42:
      11 │ export {default as interpolateRound} from "./round.js";
         ╵                                           ~~~~~~~~~~~~

X [ERROR] Could not resolve "./selection/index.js"

    node_modules/d3-selection/src/index.js:11:35:
      11 │ export {default as selection} from "./selection/index.js";
         ╵                                    ~~~~~~~~~~~~~~~~~~~~~~

X [ERROR] Could not resolve "./components/input/input.js"

    node_modules/@headlessui/react/dist/headlessui.esm.js:1:569:
      1 │ ...ap.js';export*from'./components/input/input.js';import{Label as ...
        ╵                      ~~~~~~~~~~~~~~~~~~~~~~~~~~~~~

X [ERROR] Could not resolve "./component/Customized"

    node_modules/recharts/es6/index.js:17:27:
      17 │ export { Customized } from './component/Customized';
         ╵                            ~~~~~~~~~~~~~~~~~~~~~~~~

X [ERROR] Could not resolve "./helpers/errors.mjs"

    node_modules/handsontable/index.mjs:13:31:
      13 │ import * as errorsHelpers from "./helpers/errors.mjs";
         ╵                                ~~~~~~~~~~~~~~~~~~~~~~

X [ERROR] Could not resolve "./defaults.js"

    node_modules/react-i18next/dist/es/index.js:12:41:
      12 │ export { setDefaults, getDefaults } from './defaults.js';
         ╵                                          ~~~~~~~~~~~~~~~

X [ERROR] Could not resolve "./icons/badge-check.js"

    node_modules/lucide-react/dist/esm/lucide-react.js:21:167:
      21 │ ...Verified, default as VerifiedIcon } from './icons/badge-check.js';
         ╵                                             ~~~~~~~~~~~~~~~~~~~~~~~~

X [ERROR] Could not resolve "./bindAll.js"

    node_modules/lodash-es/lodash.js:21:35:
      21 │ export { default as bindAll } from './bindAll.js';
         ╵                                    ~~~~~~~~~~~~~~

X [ERROR] Could not resolve "./string.js"

    node_modules/d3-interpolate/src/index.js:12:43:
      12 │ export {default as interpolateString} from "./string.js";
         ╵                                            ~~~~~~~~~~~~~

X [ERROR] Could not resolve "./selector.js"

    node_modules/d3-selection/src/index.js:12:34:
      12 │ export {default as selector} from "./selector.js";
         ╵                                   ~~~~~~~~~~~~~~~

X [ERROR] Could not resolve "./components/label/label.js"

    node_modules/@headlessui/react/dist/headlessui.esm.js:1:621:
      1 │ ...rt{Label as n}from'./components/label/label.js';export*from'./co...
        ╵                      ~~~~~~~~~~~~~~~~~~~~~~~~~~~~~

X [ERROR] Could not resolve "./shape/Sector"

    node_modules/recharts/es6/index.js:18:23:
      18 │ export { Sector } from './shape/Sector';
         ╵                        ~~~~~~~~~~~~~~~~

X [ERROR] Could not resolve "./helpers/feature.mjs"

    node_modules/handsontable/index.mjs:14:32:
      14 │ import * as featureHelpers from "./helpers/feature.mjs";
         ╵                                 ~~~~~~~~~~~~~~~~~~~~~~~

X [ERROR] Could not resolve "./i18nInstance.js"

    node_modules/react-i18next/dist/es/index.js:13:33:
      13 │ export { setI18n, getI18n } from './i18nInstance.js';
         ╵                                  ~~~~~~~~~~~~~~~~~~~

X [ERROR] Could not resolve "./icons/badge-question-mark.js"

    node_modules/lucide-react/dist/esm/lucide-react.js:22:191:
      22 │ ...s LucideBadgeQuestionMark } from './icons/badge-question-mark.js';
         ╵                                     ~~~~~~~~~~~~~~~~~~~~~~~~~~~~~~~~

X [ERROR] Could not resolve "./bindKey.js"

    node_modules/lodash-es/lodash.js:22:35:
      22 │ export { default as bindKey } from './bindKey.js';
         ╵                                    ~~~~~~~~~~~~~~

X [ERROR] Could not resolve "./transform/index.js"

    node_modules/d3-interpolate/src/index.js:13:63:
      13 │ ...ransformCss, interpolateTransformSvg} from "./transform/index.js";
         ╵                                               ~~~~~~~~~~~~~~~~~~~~~~

X [ERROR] Could not resolve "./selectorAll.js"

    node_modules/d3-selection/src/index.js:13:37:
      13 │ export {default as selectorAll} from "./selectorAll.js";
         ╵                                      ~~~~~~~~~~~~~~~~~~

X [ERROR] Could not resolve "./components/legend/legend.js"

    node_modules/@headlessui/react/dist/headlessui.esm.js:1:662:
      1 │ ...l.js';export*from'./components/legend/legend.js';export*from'./c...
        ╵                     ~~~~~~~~~~~~~~~~~~~~~~~~~~~~~~~

X [ERROR] Could not resolve "./shape/Curve"

    node_modules/recharts/es6/index.js:19:22:
      19 │ export { Curve } from './shape/Curve';
         ╵                       ~~~~~~~~~~~~~~~

X [ERROR] Could not resolve "./helpers/function.mjs"

    node_modules/handsontable/index.mjs:15:33:
      15 │ import * as functionHelpers from "./helpers/function.mjs";
         ╵                                  ~~~~~~~~~~~~~~~~~~~~~~~~

X [ERROR] Could not resolve "./context.js"

    node_modules/react-i18next/dist/es/index.js:15:66:
      15 │ ...ntext, composeInitialProps, getInitialProps } from './context.js';
         ╵                                                       ~~~~~~~~~~~~~~

X [ERROR] Could not resolve "./icons/between-horizontal-end.js"

    node_modules/lucide-react/dist/esm/lucide-react.js:23:230:
      23 │ ...deBetweenHorizontalEnd } from './icons/between-horizontal-end.js';
         ╵                                  ~~~~~~~~~~~~~~~~~~~~~~~~~~~~~~~~~~~

X [ERROR] Could not resolve "./camelCase.js"

    node_modules/lodash-es/lodash.js:23:37:
      23 │ export { default as camelCase } from './camelCase.js';
         ╵                                      ~~~~~~~~~~~~~~~~

X [ERROR] Could not resolve "./zoom.js"

    node_modules/d3-interpolate/src/index.js:14:41:
      14 │ export {default as interpolateZoom} from "./zoom.js";
         ╵                                          ~~~~~~~~~~~

X [ERROR] Could not resolve "./selection/style.js"

    node_modules/d3-selection/src/index.js:14:34:
      14 │ export {styleValue as style} from "./selection/style.js";
         ╵                                   ~~~~~~~~~~~~~~~~~~~~~~

X [ERROR] Could not resolve "./components/listbox/listbox.js"

    node_modules/@headlessui/react/dist/headlessui.esm.js:1:705:
      1 │ ....js';export*from'./components/listbox/listbox.js';export*from'./...
        ╵                    ~~~~~~~~~~~~~~~~~~~~~~~~~~~~~~~~~

X [ERROR] Could not resolve "./shape/Rectangle"

    node_modules/recharts/es6/index.js:20:26:
      20 │ export { Rectangle } from './shape/Rectangle';
         ╵                           ~~~~~~~~~~~~~~~~~~~

X [ERROR] Could not resolve "./helpers/mixed.mjs"

    node_modules/handsontable/index.mjs:16:30:
      16 │ import * as mixedHelpers from "./helpers/mixed.mjs";
         ╵                               ~~~~~~~~~~~~~~~~~~~~~

X [ERROR] Could not resolve "./icons/between-horizontal-start.js"

    node_modules/lucide-react/dist/esm/lucide-react.js:24:242:
      24 │ ...tweenHorizontalStart } from './icons/between-horizontal-start.js';
         ╵                                ~~~~~~~~~~~~~~~~~~~~~~~~~~~~~~~~~~~~~

X [ERROR] Could not resolve "./capitalize.js"

    node_modules/lodash-es/lodash.js:24:38:
      24 │ export { default as capitalize } from './capitalize.js';
         ╵                                       ~~~~~~~~~~~~~~~~~

X [ERROR] Could not resolve "./rgb.js"

    node_modules/d3-interpolate/src/index.js:15:118:
      15 │ ...sis, rgbBasisClosed as interpolateRgbBasisClosed} from "./rgb.js";
         ╵                                                           ~~~~~~~~~~

X [ERROR] Could not resolve "./window.js"

    node_modules/d3-selection/src/index.js:15:32:
      15 │ export {default as window} from "./window.js";
         ╵                                 ~~~~~~~~~~~~~

X [ERROR] Could not resolve "./components/menu/menu.js"

    node_modules/@headlessui/react/dist/headlessui.esm.js:1:750:
      1 │ ...box.js';export*from'./components/menu/menu.js';export*from'./com...
        ╵                       ~~~~~~~~~~~~~~~~~~~~~~~~~~~

X [ERROR] Could not resolve "./shape/Polygon"

    node_modules/recharts/es6/index.js:21:24:
      21 │ export { Polygon } from './shape/Polygon';
         ╵                         ~~~~~~~~~~~~~~~~~

X [ERROR] Could not resolve "./helpers/number.mjs"

    node_modules/handsontable/index.mjs:17:31:
      17 │ import * as numberHelpers from "./helpers/number.mjs";
         ╵                                ~~~~~~~~~~~~~~~~~~~~~~

X [ERROR] Could not resolve "./icons/book-dashed.js"

    node_modules/lucide-react/dist/esm/lucide-react.js:25:179:
      25 │ ...ed, default as LucideBookTemplate } from './icons/book-dashed.js';
         ╵                                             ~~~~~~~~~~~~~~~~~~~~~~~~

X [ERROR] Could not resolve "./castArray.js"

    node_modules/lodash-es/lodash.js:25:37:
      25 │ export { default as castArray } from './castArray.js';
         ╵                                      ~~~~~~~~~~~~~~~~

X [ERROR] Could not resolve "./hsl.js"

    node_modules/d3-interpolate/src/index.js:16:71:
      16 │ ...as interpolateHsl, hslLong as interpolateHslLong} from "./hsl.js";
         ╵                                                           ~~~~~~~~~~

X [ERROR] Could not resolve "./components/popover/popover.js"

    node_modules/@headlessui/react/dist/headlessui.esm.js:1:789:
      1 │ ....js';export*from'./components/popover/popover.js';import{Portal ...
        ╵                    ~~~~~~~~~~~~~~~~~~~~~~~~~~~~~~~~~

X [ERROR] Could not resolve "./shape/Dot"

    node_modules/recharts/es6/index.js:22:20:
      22 │ export { Dot } from './shape/Dot';
         ╵                     ~~~~~~~~~~~~~

X [ERROR] Could not resolve "./helpers/object.mjs"

    node_modules/handsontable/index.mjs:18:31:
      18 │ import * as objectHelpers from "./helpers/object.mjs";
         ╵                                ~~~~~~~~~~~~~~~~~~~~~~

X [ERROR] Could not resolve "./icons/braces.js"

    node_modules/lucide-react/dist/esm/lucide-react.js:26:164:
      26 │ ...deBraces, default as LucideCurlyBraces } from './icons/braces.js';
         ╵                                                  ~~~~~~~~~~~~~~~~~~~

X [ERROR] Could not resolve "./ceil.js"

    node_modules/lodash-es/lodash.js:26:32:
      26 │ export { default as ceil } from './ceil.js';
         ╵                                 ~~~~~~~~~~~

X [ERROR] Could not resolve "./lab.js"

    node_modules/d3-interpolate/src/index.js:17:40:
      17 │ export {default as interpolateLab} from "./lab.js";
         ╵                                         ~~~~~~~~~~

X [ERROR] Could not resolve "./components/portal/portal.js"

    node_modules/@headlessui/react/dist/headlessui.esm.js:1:846:
      1 │ ...{Portal as d}from'./components/portal/portal.js';export*from'./c...
        ╵                     ~~~~~~~~~~~~~~~~~~~~~~~~~~~~~~~

X [ERROR] Could not resolve "./shape/Cross"

    node_modules/recharts/es6/index.js:23:22:
      23 │ export { Cross } from './shape/Cross';
         ╵                       ~~~~~~~~~~~~~~~

X [ERROR] Could not resolve "./helpers/string.mjs"

    node_modules/handsontable/index.mjs:19:31:
      19 │ import * as stringHelpers from "./helpers/string.mjs";
         ╵                                ~~~~~~~~~~~~~~~~~~~~~~

X [ERROR] Could not resolve "./icons/captions.js"

    node_modules/lucide-react/dist/esm/lucide-react.js:27:164:
      27 │ ... Subtitles, default as SubtitlesIcon } from './icons/captions.js';
         ╵                                                ~~~~~~~~~~~~~~~~~~~~~

X [ERROR] Could not resolve "./chain.js"

    node_modules/lodash-es/lodash.js:27:33:
      27 │ export { default as chain } from './chain.js';
         ╵                                  ~~~~~~~~~~~~

X [ERROR] Could not resolve "./hcl.js"

    node_modules/d3-interpolate/src/index.js:18:71:
      18 │ ...as interpolateHcl, hclLong as interpolateHclLong} from "./hcl.js";
         ╵                                                           ~~~~~~~~~~

X [ERROR] Could not resolve "./components/radio-group/radio-group.js"

    node_modules/@headlessui/react/dist/headlessui.esm.js:1:889:
      1 │ ...;export*from'./components/radio-group/radio-group.js';export*fro...
        ╵                ~~~~~~~~~~~~~~~~~~~~~~~~~~~~~~~~~~~~~~~~~

X [ERROR] Could not resolve "./shape/Symbols"

    node_modules/recharts/es6/index.js:24:24:
      24 │ export { Symbols } from './shape/Symbols';
         ╵                         ~~~~~~~~~~~~~~~~~

X [ERROR] Could not resolve "./helpers/unicode.mjs"

    node_modules/handsontable/index.mjs:20:32:
      20 │ import * as unicodeHelpers from "./helpers/unicode.mjs";
         ╵                                 ~~~~~~~~~~~~~~~~~~~~~~~

X [ERROR] Could not resolve "./icons/chart-area.js"

    node_modules/lucide-react/dist/esm/lucide-react.js:28:167:
      28 │ ...aChart, default as LucideChartArea } from './icons/chart-area.js';
         ╵                                              ~~~~~~~~~~~~~~~~~~~~~~~

X [ERROR] Could not resolve "./chunk.js"

    node_modules/lodash-es/lodash.js:28:33:
      28 │ export { default as chunk } from './chunk.js';
         ╵                                  ~~~~~~~~~~~~

X [ERROR] Could not resolve "./cubehelix.js"

    node_modules/d3-interpolate/src/index.js:19:89:
      19 │ ... cubehelixLong as interpolateCubehelixLong} from "./cubehelix.js";
         ╵                                                     ~~~~~~~~~~~~~~~~

X [ERROR] Could not resolve "./components/select/select.js"

    node_modules/@headlessui/react/dist/headlessui.esm.js:1:942:
      1 │ ...p.js';export*from'./components/select/select.js';export*from'./c...
        ╵                     ~~~~~~~~~~~~~~~~~~~~~~~~~~~~~~~

X [ERROR] Could not resolve "./polar/PolarGrid"

    node_modules/recharts/es6/index.js:25:26:
      25 │ export { PolarGrid } from './polar/PolarGrid';
         ╵                           ~~~~~~~~~~~~~~~~~~~

X [ERROR] Could not resolve "./helpers/dom/element.mjs"

    node_modules/handsontable/index.mjs:21:28:
      21 │ import * as domHelpers from "./helpers/dom/element.mjs";
         ╵                             ~~~~~~~~~~~~~~~~~~~~~~~~~~~

X [ERROR] Could not resolve "./icons/chart-bar-big.js"

    node_modules/lucide-react/dist/esm/lucide-react.js:29:209:
      29 │ ...g, default as LucideChartBarBig } from './icons/chart-bar-big.js';
         ╵                                           ~~~~~~~~~~~~~~~~~~~~~~~~~~

X [ERROR] Could not resolve "./clamp.js"

    node_modules/lodash-es/lodash.js:29:33:
      29 │ export { default as clamp } from './clamp.js';
         ╵                                  ~~~~~~~~~~~~

X [ERROR] Could not resolve "./piecewise.js"

    node_modules/d3-interpolate/src/index.js:20:35:
      20 │ export {default as piecewise} from "./piecewise.js";
         ╵                                    ~~~~~~~~~~~~~~~~

X [ERROR] Could not resolve "./components/switch/switch.js"

    node_modules/@headlessui/react/dist/headlessui.esm.js:1:985:
      1 │ ...t.js';export*from'./components/switch/switch.js';export*from'./c...
        ╵                     ~~~~~~~~~~~~~~~~~~~~~~~~~~~~~~~

X [ERROR] Could not resolve "./polar/PolarRadiusAxis"

    node_modules/recharts/es6/index.js:26:32:
      26 │ export { PolarRadiusAxis } from './polar/PolarRadiusAxis';
         ╵                                 ~~~~~~~~~~~~~~~~~~~~~~~~~

X [ERROR] Could not resolve "./helpers/dom/event.mjs"

    node_modules/handsontable/index.mjs:22:33:
      22 │ import * as domEventHelpers from "./helpers/dom/event.mjs";
         ╵                                  ~~~~~~~~~~~~~~~~~~~~~~~~~

X [ERROR] Could not resolve "./icons/chart-bar.js"

    node_modules/lucide-react/dist/esm/lucide-react.js:30:191:
      30 │ ...rizontal, default as LucideChartBar } from './icons/chart-bar.js';
         ╵                                               ~~~~~~~~~~~~~~~~~~~~~~

X [ERROR] Could not resolve "./clone.js"

    node_modules/lodash-es/lodash.js:30:33:
      30 │ export { default as clone } from './clone.js';
         ╵                                  ~~~~~~~~~~~~

X [ERROR] Could not resolve "./quantize.js"

    node_modules/d3-interpolate/src/index.js:21:34:
      21 │ export {default as quantize} from "./quantize.js";
         ╵                                   ~~~~~~~~~~~~~~~

X [ERROR] Could not resolve "./components/tabs/tabs.js"

    node_modules/@headlessui/react/dist/headlessui.esm.js:1:1028:
      1 │ ...tch.js';export*from'./components/tabs/tabs.js';export*from'./com...
        ╵                       ~~~~~~~~~~~~~~~~~~~~~~~~~~~

X [ERROR] Could not resolve "./polar/PolarAngleAxis"

    node_modules/recharts/es6/index.js:27:31:
      27 │ export { PolarAngleAxis } from './polar/PolarAngleAxis';
         ╵                                ~~~~~~~~~~~~~~~~~~~~~~~~

X [ERROR] Could not resolve "./editors/registry.mjs"

    node_modules/handsontable/index.mjs:23:68:
      23 │ ...rNames, getEditor, registerEditor } from "./editors/registry.mjs";
         ╵                                             ~~~~~~~~~~~~~~~~~~~~~~~~

X [ERROR] Could not resolve "./icons/chart-candlestick.js"

    node_modules/lucide-react/dist/esm/lucide-react.js:31:209:
      31 │ ...t as LucideChartCandlestick } from './icons/chart-candlestick.js';
         ╵                                       ~~~~~~~~~~~~~~~~~~~~~~~~~~~~~~

X [ERROR] Could not resolve "./cloneDeep.js"

    node_modules/lodash-es/lodash.js:31:37:
      31 │ export { default as cloneDeep } from './cloneDeep.js';
         ╵                                      ~~~~~~~~~~~~~~~~

X [ERROR] Could not resolve "./components/textarea/textarea.js"

    node_modules/@headlessui/react/dist/headlessui.esm.js:1:1067:
      1 │ ...js';export*from'./components/textarea/textarea.js';import{useClo...
        ╵                   ~~~~~~~~~~~~~~~~~~~~~~~~~~~~~~~~~~~

X [ERROR] Could not resolve "./polar/Pie"

    node_modules/recharts/es6/index.js:28:20:
      28 │ export { Pie } from './polar/Pie';
         ╵                     ~~~~~~~~~~~~~

X [ERROR] Could not resolve "./editors/factory.mjs"

    node_modules/handsontable/index.mjs:24:30:
      24 │ import { editorFactory } from "./editors/factory.mjs";
         ╵                               ~~~~~~~~~~~~~~~~~~~~~~~

X [ERROR] Could not resolve "./icons/chart-column-big.js"

    node_modules/lucide-react/dist/esm/lucide-react.js:32:188:
      32 │ ...ault as LucideChartColumnBig } from './icons/chart-column-big.js';
         ╵                                        ~~~~~~~~~~~~~~~~~~~~~~~~~~~~~

X [ERROR] Could not resolve "./cloneDeepWith.js"

    node_modules/lodash-es/lodash.js:32:41:
      32 │ export { default as cloneDeepWith } from './cloneDeepWith.js';
         ╵                                          ~~~~~~~~~~~~~~~~~~~~

X [ERROR] Could not resolve "./internal/close-provider.js"

    node_modules/@headlessui/react/dist/headlessui.esm.js:1:1128:
      1 │ ...seClose as w}from'./internal/close-provider.js';export*from'./co...
        ╵                     ~~~~~~~~~~~~~~~~~~~~~~~~~~~~~~

X [ERROR] Could not resolve "./polar/Radar"

    node_modules/recharts/es6/index.js:29:22:
      29 │ export { Radar } from './polar/Radar';
         ╵                       ~~~~~~~~~~~~~~~

X [ERROR] Could not resolve "./renderers/registry.mjs"

    node_modules/handsontable/index.mjs:25:74:
      25 │ ..., getRenderer, registerRenderer } from "./renderers/registry.mjs";
         ╵                                           ~~~~~~~~~~~~~~~~~~~~~~~~~~

X [ERROR] Could not resolve "./icons/chart-column-increasing.js"

    node_modules/lucide-react/dist/esm/lucide-react.js:33:203:
      33 │ ...ChartColumnIncreasing } from './icons/chart-column-increasing.js';
         ╵                                 ~~~~~~~~~~~~~~~~~~~~~~~~~~~~~~~~~~~~

X [ERROR] Could not resolve "./cloneWith.js"

    node_modules/lodash-es/lodash.js:33:37:
      33 │ export { default as cloneWith } from './cloneWith.js';
         ╵                                      ~~~~~~~~~~~~~~~~

X [ERROR] Could not resolve "./components/transition/transition.js"

    node_modules/@headlessui/react/dist/headlessui.esm.js:1:1170:
      1 │ ...';export*from'./components/transition/transition.js';export{x as...
        ╵                 ~~~~~~~~~~~~~~~~~~~~~~~~~~~~~~~~~~~~~~~

X [ERROR] Could not resolve "./polar/RadialBar"

    node_modules/recharts/es6/index.js:30:26:
      30 │ export { RadialBar } from './polar/RadialBar';
         ╵                           ~~~~~~~~~~~~~~~~~~~

X [ERROR] Could not resolve "./renderers/factory.mjs"

    node_modules/handsontable/index.mjs:26:32:
      26 │ import { rendererFactory } from "./renderers/factory.mjs";
         ╵                                 ~~~~~~~~~~~~~~~~~~~~~~~~~

X [ERROR] Could not resolve "./icons/chart-column.js"

    node_modules/lucide-react/dist/esm/lucide-react.js:34:173:
      34 │ ...t3, default as LucideChartColumn } from './icons/chart-column.js';
         ╵                                            ~~~~~~~~~~~~~~~~~~~~~~~~~

X [ERROR] Could not resolve "./commit.js"

    node_modules/lodash-es/lodash.js:34:34:
      34 │ export { default as commit } from './commit.js';
         ╵                                   ~~~~~~~~~~~~~

X [ERROR] Could not resolve "./cartesian/Brush"

    node_modules/recharts/es6/index.js:31:22:
      31 │ export { Brush } from './cartesian/Brush';
         ╵                       ~~~~~~~~~~~~~~~~~~~

X [ERROR] Could not resolve "./validators/registry.mjs"

    node_modules/handsontable/index.mjs:27:77:
      27 │ ...etValidator, registerValidator } from "./validators/registry.mjs";
         ╵                                          ~~~~~~~~~~~~~~~~~~~~~~~~~~~

X [ERROR] Could not resolve "./icons/chart-line.js"

    node_modules/lucide-react/dist/esm/lucide-react.js:35:167:
      35 │ ...rtLine, default as LucideLineChart } from './icons/chart-line.js';
         ╵                                              ~~~~~~~~~~~~~~~~~~~~~~~

X [ERROR] Could not resolve "./compact.js"

    node_modules/lodash-es/lodash.js:35:35:
      35 │ export { default as compact } from './compact.js';
         ╵                                    ~~~~~~~~~~~~~~

X [ERROR] Could not resolve "./cartesian/ReferenceLine"

    node_modules/recharts/es6/index.js:32:30:
      32 │ export { ReferenceLine } from './cartesian/ReferenceLine';
         ╵                               ~~~~~~~~~~~~~~~~~~~~~~~~~~~

X [ERROR] Could not resolve "./cellTypes/registry.mjs"

    node_modules/handsontable/index.mjs:28:74:
      28 │ ..., getCellType, registerCellType } from "./cellTypes/registry.mjs";
         ╵                                           ~~~~~~~~~~~~~~~~~~~~~~~~~~

X [ERROR] Could not resolve "./icons/chart-no-axes-column-increasing.js"

    node_modules/lucide-react/dist/esm/lucide-react.js:36:218:
      36 │ ...umnIncreasing } from './icons/chart-no-axes-column-increasing.js';
         ╵                         ~~~~~~~~~~~~~~~~~~~~~~~~~~~~~~~~~~~~~~~~~~~~

X [ERROR] Could not resolve "./concat.js"

    node_modules/lodash-es/lodash.js:36:34:
      36 │ export { default as concat } from './concat.js';
         ╵                                   ~~~~~~~~~~~~~

X [ERROR] Could not resolve "./cartesian/ReferenceDot"

    node_modules/recharts/es6/index.js:33:29:
      33 │ export { ReferenceDot } from './cartesian/ReferenceDot';
         ╵                              ~~~~~~~~~~~~~~~~~~~~~~~~~~

X [ERROR] Could not resolve "./plugins/registry.mjs"

    node_modules/handsontable/index.mjs:29:59:
      29 │ ...sNames, getPlugin, registerPlugin } from "./plugins/registry.mjs";
         ╵                                             ~~~~~~~~~~~~~~~~~~~~~~~~

X [ERROR] Could not resolve "./icons/chart-no-axes-column.js"

    node_modules/lucide-react/dist/esm/lucide-react.js:37:191:
      37 │ ... LucideChartNoAxesColumn } from './icons/chart-no-axes-column.js';
         ╵                                    ~~~~~~~~~~~~~~~~~~~~~~~~~~~~~~~~~

X [ERROR] Could not resolve "./cond.js"

    node_modules/lodash-es/lodash.js:37:32:
      37 │ export { default as cond } from './cond.js';
         ╵                                 ~~~~~~~~~~~

X [ERROR] Could not resolve "./cartesian/ReferenceArea"

    node_modules/recharts/es6/index.js:34:30:
      34 │ export { ReferenceArea } from './cartesian/ReferenceArea';
         ╵                               ~~~~~~~~~~~~~~~~~~~~~~~~~~~

X [ERROR] Could not resolve "./plugins/base/index.mjs"

    node_modules/handsontable/index.mjs:30:27:
      30 │ import { BasePlugin } from "./plugins/base/index.mjs";
         ╵                            ~~~~~~~~~~~~~~~~~~~~~~~~~~

X [ERROR] Could not resolve "./icons/chart-no-axes-gantt.js"

    node_modules/lucide-react/dist/esm/lucide-react.js:38:191:
      38 │ ...fault as LucideGanttChart } from './icons/chart-no-axes-gantt.js';
         ╵                                     ~~~~~~~~~~~~~~~~~~~~~~~~~~~~~~~~

X [ERROR] Could not resolve "./conforms.js"

    node_modules/lodash-es/lodash.js:38:36:
      38 │ export { default as conforms } from './conforms.js';
         ╵                                     ~~~~~~~~~~~~~~~

X [ERROR] Could not resolve "./cartesian/CartesianAxis"

    node_modules/recharts/es6/index.js:35:30:
      35 │ export { CartesianAxis } from './cartesian/CartesianAxis';
         ╵                               ~~~~~~~~~~~~~~~~~~~~~~~~~~~

X [ERROR] Could not resolve "./themes/registry.mjs"

    node_modules/handsontable/index.mjs:31:89:
      31 │ ...Themes, registerTheme, reinitTheme } from "./themes/registry.mjs";
         ╵                                              ~~~~~~~~~~~~~~~~~~~~~~~

X [ERROR] Could not resolve "./icons/chart-pie.js"

    node_modules/lucide-react/dist/esm/lucide-react.js:39:161:
      39 │ ...s PieChart, default as PieChartIcon } from './icons/chart-pie.js';
         ╵                                               ~~~~~~~~~~~~~~~~~~~~~~

X [ERROR] Could not resolve "./conformsTo.js"

    node_modules/lodash-es/lodash.js:39:38:
      39 │ export { default as conformsTo } from './conformsTo.js';
         ╵                                       ~~~~~~~~~~~~~~~~~

X [ERROR] Could not resolve "./cartesian/CartesianGrid"

    node_modules/recharts/es6/index.js:36:30:
      36 │ export { CartesianGrid } from './cartesian/CartesianGrid';
         ╵                               ~~~~~~~~~~~~~~~~~~~~~~~~~~~

X [ERROR] Could not resolve "./icons/chart-scatter.js"

    node_modules/lucide-react/dist/esm/lucide-react.js:40:185:
      40 │ ...rt, default as ScatterChartIcon } from './icons/chart-scatter.js';
         ╵                                           ~~~~~~~~~~~~~~~~~~~~~~~~~~

X [ERROR] Could not resolve "./constant.js"

    node_modules/lodash-es/lodash.js:40:36:
      40 │ export { default as constant } from './constant.js';
         ╵                                     ~~~~~~~~~~~~~~~

X [ERROR] Could not resolve "./cartesian/Line"

    node_modules/recharts/es6/index.js:37:21:
      37 │ export { Line } from './cartesian/Line';
         ╵                      ~~~~~~~~~~~~~~~~~~

X [ERROR] Could not resolve "./icons/chromium.js"

    node_modules/lucide-react/dist/esm/lucide-react.js:41:155:
      41 │ ...ideChrome, default as LucideChromium } from './icons/chromium.js';
         ╵                                                ~~~~~~~~~~~~~~~~~~~~~

X [ERROR] Could not resolve "./countBy.js"

    node_modules/lodash-es/lodash.js:41:35:
      41 │ export { default as countBy } from './countBy.js';
         ╵                                    ~~~~~~~~~~~~~~

X [ERROR] Could not resolve "./cartesian/Area"

    node_modules/recharts/es6/index.js:38:21:
      38 │ export { Area } from './cartesian/Area';
         ╵                      ~~~~~~~~~~~~~~~~~~

X [ERROR] Could not resolve "./icons/circle-arrow-down.js"

    node_modules/lucide-react/dist/esm/lucide-react.js:42:203:
      42 │ ...lt as LucideCircleArrowDown } from './icons/circle-arrow-down.js';
         ╵                                       ~~~~~~~~~~~~~~~~~~~~~~~~~~~~~~

X [ERROR] Could not resolve "./create.js"

    node_modules/lodash-es/lodash.js:42:34:
      42 │ export { default as create } from './create.js';
         ╵                                   ~~~~~~~~~~~~~

X [ERROR] Could not resolve "./cartesian/Bar"

    node_modules/recharts/es6/index.js:39:20:
      39 │ export { Bar } from './cartesian/Bar';
         ╵                     ~~~~~~~~~~~~~~~~~

X [ERROR] Could not resolve "./icons/circle-alert.js"

    node_modules/lucide-react/dist/esm/lucide-react.js:43:179:
      43 │ ...le, default as LucideCircleAlert } from './icons/circle-alert.js';
         ╵                                            ~~~~~~~~~~~~~~~~~~~~~~~~~

X [ERROR] Could not resolve "./curry.js"

    node_modules/lodash-es/lodash.js:43:33:
      43 │ export { default as curry } from './curry.js';
         ╵                                  ~~~~~~~~~~~~

X [ERROR] Could not resolve "./cartesian/BarStack"

    node_modules/recharts/es6/index.js:40:25:
      40 │ export { BarStack } from './cartesian/BarStack';
         ╵                          ~~~~~~~~~~~~~~~~~~~~~~

X [ERROR] Could not resolve "./icons/circle-arrow-left.js"

    node_modules/lucide-react/dist/esm/lucide-react.js:44:203:
      44 │ ...lt as LucideCircleArrowLeft } from './icons/circle-arrow-left.js';
         ╵                                       ~~~~~~~~~~~~~~~~~~~~~~~~~~~~~~

X [ERROR] Could not resolve "./curryRight.js"

    node_modules/lodash-es/lodash.js:44:38:
      44 │ export { default as curryRight } from './curryRight.js';
         ╵                                       ~~~~~~~~~~~~~~~~~

X [ERROR] Could not resolve "./cartesian/Scatter"

    node_modules/recharts/es6/index.js:41:24:
      41 │ export { Scatter } from './cartesian/Scatter';
         ╵                         ~~~~~~~~~~~~~~~~~~~~~

X [ERROR] Could not resolve "./icons/circle-arrow-out-down-left.js"

    node_modules/lucide-react/dist/esm/lucide-react.js:45:248:
      45 │ ...leArrowOutDownLeft } from './icons/circle-arrow-out-down-left.js';
         ╵                              ~~~~~~~~~~~~~~~~~~~~~~~~~~~~~~~~~~~~~~~

X [ERROR] Could not resolve "./debounce.js"

    node_modules/lodash-es/lodash.js:45:36:
      45 │ export { default as debounce } from './debounce.js';
         ╵                                     ~~~~~~~~~~~~~~~

X [ERROR] Could not resolve "./cartesian/XAxis"

    node_modules/recharts/es6/index.js:42:22:
      42 │ export { XAxis } from './cartesian/XAxis';
         ╵                       ~~~~~~~~~~~~~~~~~~~

X [ERROR] Could not resolve "./icons/circle-arrow-out-down-right.js"

    node_modules/lucide-react/dist/esm/lucide-react.js:46:254:
      46 │ ...ArrowOutDownRight } from './icons/circle-arrow-out-down-right.js';
         ╵                             ~~~~~~~~~~~~~~~~~~~~~~~~~~~~~~~~~~~~~~~~

X [ERROR] Could not resolve "./deburr.js"

    node_modules/lodash-es/lodash.js:46:34:
      46 │ export { default as deburr } from './deburr.js';
         ╵                                   ~~~~~~~~~~~~~

X [ERROR] Could not resolve "./cartesian/YAxis"

    node_modules/recharts/es6/index.js:43:22:
      43 │ export { YAxis } from './cartesian/YAxis';
         ╵                       ~~~~~~~~~~~~~~~~~~~

X [ERROR] Could not resolve "./icons/circle-arrow-out-up-left.js"

    node_modules/lucide-react/dist/esm/lucide-react.js:47:236:
      47 │ ...CircleArrowOutUpLeft } from './icons/circle-arrow-out-up-left.js';
         ╵                                ~~~~~~~~~~~~~~~~~~~~~~~~~~~~~~~~~~~~~

X [ERROR] Could not resolve "./defaultTo.js"

    node_modules/lodash-es/lodash.js:47:37:
      47 │ export { default as defaultTo } from './defaultTo.js';
         ╵                                      ~~~~~~~~~~~~~~~~

X [ERROR] Could not resolve "./cartesian/ZAxis"

    node_modules/recharts/es6/index.js:44:22:
      44 │ export { ZAxis } from './cartesian/ZAxis';
         ╵                       ~~~~~~~~~~~~~~~~~~~

X [ERROR] Could not resolve "./icons/circle-arrow-out-up-right.js"

    node_modules/lucide-react/dist/esm/lucide-react.js:48:242:
      48 │ ...rcleArrowOutUpRight } from './icons/circle-arrow-out-up-right.js';
         ╵                               ~~~~~~~~~~~~~~~~~~~~~~~~~~~~~~~~~~~~~~

X [ERROR] Could not resolve "./defaults.js"

    node_modules/lodash-es/lodash.js:48:36:
      48 │ export { default as defaults } from './defaults.js';
         ╵                                     ~~~~~~~~~~~~~~~

X [ERROR] Could not resolve "./cartesian/ErrorBar"

    node_modules/recharts/es6/index.js:45:25:
      45 │ export { ErrorBar } from './cartesian/ErrorBar';
         ╵                          ~~~~~~~~~~~~~~~~~~~~~~

X [ERROR] Could not resolve "./icons/circle-arrow-right.js"

    node_modules/lucide-react/dist/esm/lucide-react.js:49:209:
      49 │ ... as LucideCircleArrowRight } from './icons/circle-arrow-right.js';
         ╵                                      ~~~~~~~~~~~~~~~~~~~~~~~~~~~~~~~

X [ERROR] Could not resolve "./defaultsDeep.js"

    node_modules/lodash-es/lodash.js:49:40:
      49 │ export { default as defaultsDeep } from './defaultsDeep.js';
         ╵                                         ~~~~~~~~~~~~~~~~~~~

X [ERROR] Could not resolve "./chart/LineChart"

    node_modules/recharts/es6/index.js:46:26:
      46 │ export { LineChart } from './chart/LineChart';
         ╵                           ~~~~~~~~~~~~~~~~~~~

X [ERROR] Could not resolve "./icons/circle-arrow-up.js"

    node_modules/lucide-react/dist/esm/lucide-react.js:50:191:
      50 │ ...efault as LucideCircleArrowUp } from './icons/circle-arrow-up.js';
         ╵                                         ~~~~~~~~~~~~~~~~~~~~~~~~~~~~

X [ERROR] Could not resolve "./defer.js"

    node_modules/lodash-es/lodash.js:50:33:
      50 │ export { default as defer } from './defer.js';
         ╵                                  ~~~~~~~~~~~~

X [ERROR] Could not resolve "./chart/BarChart"

    node_modules/recharts/es6/index.js:47:25:
      47 │ export { BarChart } from './chart/BarChart';
         ╵                          ~~~~~~~~~~~~~~~~~~

X [ERROR] Could not resolve "./icons/circle-check.js"

    node_modules/lucide-react/dist/esm/lucide-react.js:51:182:
      51 │ ...e2, default as LucideCircleCheck } from './icons/circle-check.js';
         ╵                                            ~~~~~~~~~~~~~~~~~~~~~~~~~

X [ERROR] Could not resolve "./delay.js"

    node_modules/lodash-es/lodash.js:51:33:
      51 │ export { default as delay } from './delay.js';
         ╵                                  ~~~~~~~~~~~~

X [ERROR] Could not resolve "./chart/PieChart"

    node_modules/recharts/es6/index.js:48:25:
      48 │ export { PieChart } from './chart/PieChart';
         ╵                          ~~~~~~~~~~~~~~~~~~

X [ERROR] Could not resolve "./icons/circle-check-big.js"

    node_modules/lucide-react/dist/esm/lucide-react.js:52:188:
      52 │ ...ault as LucideCircleCheckBig } from './icons/circle-check-big.js';
         ╵                                        ~~~~~~~~~~~~~~~~~~~~~~~~~~~~~

X [ERROR] Could not resolve "./difference.js"

    node_modules/lodash-es/lodash.js:52:38:
      52 │ export { default as difference } from './difference.js';
         ╵                                       ~~~~~~~~~~~~~~~~~

X [ERROR] Could not resolve "./chart/Treemap"

    node_modules/recharts/es6/index.js:49:24:
      49 │ export { Treemap } from './chart/Treemap';
         ╵                         ~~~~~~~~~~~~~~~~~

X [ERROR] Could not resolve "./icons/circle-chevron-down.js"

    node_modules/lucide-react/dist/esm/lucide-react.js:53:215:
      53 │ ...s LucideCircleChevronDown } from './icons/circle-chevron-down.js';
         ╵                                     ~~~~~~~~~~~~~~~~~~~~~~~~~~~~~~~~

X [ERROR] Could not resolve "./differenceBy.js"

    node_modules/lodash-es/lodash.js:53:40:
      53 │ export { default as differenceBy } from './differenceBy.js';
         ╵                                         ~~~~~~~~~~~~~~~~~~~

X [ERROR] Could not resolve "./chart/Sankey"

    node_modules/recharts/es6/index.js:50:23:
      50 │ export { Sankey } from './chart/Sankey';
         ╵                        ~~~~~~~~~~~~~~~~

X [ERROR] Could not resolve "./icons/circle-chevron-left.js"

    node_modules/lucide-react/dist/esm/lucide-react.js:54:215:
      54 │ ...s LucideCircleChevronLeft } from './icons/circle-chevron-left.js';
         ╵                                     ~~~~~~~~~~~~~~~~~~~~~~~~~~~~~~~~

X [ERROR] Could not resolve "./differenceWith.js"

    node_modules/lodash-es/lodash.js:54:42:
      54 │ export { default as differenceWith } from './differenceWith.js';
         ╵                                           ~~~~~~~~~~~~~~~~~~~~~

X [ERROR] Could not resolve "./chart/RadarChart"

    node_modules/recharts/es6/index.js:51:27:
      51 │ export { RadarChart } from './chart/RadarChart';
         ╵                            ~~~~~~~~~~~~~~~~~~~~

X [ERROR] Could not resolve "./icons/circle-chevron-right.js"

    node_modules/lucide-react/dist/esm/lucide-react.js:55:221:
      55 │ ...LucideCircleChevronRight } from './icons/circle-chevron-right.js';
         ╵                                    ~~~~~~~~~~~~~~~~~~~~~~~~~~~~~~~~~

X [ERROR] Could not resolve "./divide.js"

    node_modules/lodash-es/lodash.js:55:34:
      55 │ export { default as divide } from './divide.js';
         ╵                                   ~~~~~~~~~~~~~

X [ERROR] Could not resolve "./chart/ScatterChart"

    node_modules/recharts/es6/index.js:52:29:
      52 │ export { ScatterChart } from './chart/ScatterChart';
         ╵                              ~~~~~~~~~~~~~~~~~~~~~~

X [ERROR] Could not resolve "./icons/circle-chevron-up.js"

    node_modules/lucide-react/dist/esm/lucide-react.js:56:203:
      56 │ ...lt as LucideCircleChevronUp } from './icons/circle-chevron-up.js';
         ╵                                       ~~~~~~~~~~~~~~~~~~~~~~~~~~~~~~

X [ERROR] Could not resolve "./drop.js"

    node_modules/lodash-es/lodash.js:56:32:
      56 │ export { default as drop } from './drop.js';
         ╵                                 ~~~~~~~~~~~

X [ERROR] Could not resolve "./chart/AreaChart"

    node_modules/recharts/es6/index.js:53:26:
      53 │ export { AreaChart } from './chart/AreaChart';
         ╵                           ~~~~~~~~~~~~~~~~~~~

X [ERROR] Could not resolve "./icons/circle-divide.js"

    node_modules/lucide-react/dist/esm/lucide-react.js:57:185:
      57 │ ..., default as LucideDivideCircle } from './icons/circle-divide.js';
         ╵                                           ~~~~~~~~~~~~~~~~~~~~~~~~~~

X [ERROR] Could not resolve "./dropRight.js"

    node_modules/lodash-es/lodash.js:57:37:
      57 │ export { default as dropRight } from './dropRight.js';
         ╵                                      ~~~~~~~~~~~~~~~~

X [ERROR] Could not resolve "./chart/RadialBarChart"

    node_modules/recharts/es6/index.js:54:31:
      54 │ export { RadialBarChart } from './chart/RadialBarChart';
         ╵                                ~~~~~~~~~~~~~~~~~~~~~~~~

X [ERROR] Could not resolve "./icons/circle-gauge.js"

    node_modules/lucide-react/dist/esm/lucide-react.js:58:179:
      58 │ ...ge, default as LucideGaugeCircle } from './icons/circle-gauge.js';
         ╵                                            ~~~~~~~~~~~~~~~~~~~~~~~~~

X [ERROR] Could not resolve "./dropRightWhile.js"

    node_modules/lodash-es/lodash.js:58:42:
      58 │ export { default as dropRightWhile } from './dropRightWhile.js';
         ╵                                           ~~~~~~~~~~~~~~~~~~~~~

X [ERROR] Could not resolve "./chart/ComposedChart"

    node_modules/recharts/es6/index.js:55:30:
      55 │ export { ComposedChart } from './chart/ComposedChart';
         ╵                               ~~~~~~~~~~~~~~~~~~~~~~~

X [ERROR] Could not resolve "./icons/circle-minus.js"

    node_modules/lucide-react/dist/esm/lucide-react.js:59:179:
      59 │ ...rcle, default as MinusCircleIcon } from './icons/circle-minus.js';
         ╵                                            ~~~~~~~~~~~~~~~~~~~~~~~~~

X [ERROR] Could not resolve "./dropWhile.js"

    node_modules/lodash-es/lodash.js:59:37:
      59 │ export { default as dropWhile } from './dropWhile.js';
         ╵                                      ~~~~~~~~~~~~~~~~

X [ERROR] Could not resolve "./chart/SunburstChart"

    node_modules/recharts/es6/index.js:56:30:
      56 │ export { SunburstChart } from './chart/SunburstChart';
         ╵                               ~~~~~~~~~~~~~~~~~~~~~~~

X [ERROR] Could not resolve "./icons/circle-parking-off.js"

    node_modules/lucide-react/dist/esm/lucide-react.js:60:209:
      60 │ ...lt as ParkingCircleOffIcon } from './icons/circle-parking-off.js';
         ╵                                      ~~~~~~~~~~~~~~~~~~~~~~~~~~~~~~~

X [ERROR] Could not resolve "./each.js"

    node_modules/lodash-es/lodash.js:60:32:
      60 │ export { default as each } from './each.js';
         ╵                                 ~~~~~~~~~~~

X [ERROR] Could not resolve "./cartesian/Funnel"

    node_modules/recharts/es6/index.js:57:23:
      57 │ export { Funnel } from './cartesian/Funnel';
         ╵                        ~~~~~~~~~~~~~~~~~~~~

X [ERROR] Could not resolve "./icons/circle-parking.js"

    node_modules/lucide-react/dist/esm/lucide-react.js:61:191:
      61 │ ..., default as ParkingCircleIcon } from './icons/circle-parking.js';
         ╵                                          ~~~~~~~~~~~~~~~~~~~~~~~~~~~

X [ERROR] Could not resolve "./eachRight.js"

    node_modules/lodash-es/lodash.js:61:37:
      61 │ export { default as eachRight } from './eachRight.js';
         ╵                                      ~~~~~~~~~~~~~~~~

X [ERROR] Could not resolve "./chart/FunnelChart"

    node_modules/recharts/es6/index.js:58:28:
      58 │ export { FunnelChart } from './chart/FunnelChart';
         ╵                             ~~~~~~~~~~~~~~~~~~~~~

X [ERROR] Could not resolve "./icons/circle-pause.js"

    node_modules/lucide-react/dist/esm/lucide-react.js:62:179:
      62 │ ...rcle, default as PauseCircleIcon } from './icons/circle-pause.js';
         ╵                                            ~~~~~~~~~~~~~~~~~~~~~~~~~

X [ERROR] Could not resolve "./endsWith.js"

    node_modules/lodash-es/lodash.js:62:36:
      62 │ export { default as endsWith } from './endsWith.js';
         ╵                                     ~~~~~~~~~~~~~~~

X [ERROR] Could not resolve "./shape/Trapezoid"

    node_modules/recharts/es6/index.js:59:26:
      59 │ export { Trapezoid } from './shape/Trapezoid';
         ╵                           ~~~~~~~~~~~~~~~~~~~

X [ERROR] Could not resolve "./icons/circle-play.js"

    node_modules/lucide-react/dist/esm/lucide-react.js:63:173:
      63 │ ...Circle, default as PlayCircleIcon } from './icons/circle-play.js';
         ╵                                             ~~~~~~~~~~~~~~~~~~~~~~~~

X [ERROR] Could not resolve "./entries.js"

    node_modules/lodash-es/lodash.js:63:35:
      63 │ export { default as entries } from './entries.js';
         ╵                                    ~~~~~~~~~~~~~~

X [ERROR] Could not resolve "./util/Global"

    node_modules/recharts/es6/index.js:60:23:
      60 │ export { Global } from './util/Global';
         ╵                        ~~~~~~~~~~~~~~~

X [ERROR] Could not resolve "./icons/circle-percent.js"

    node_modules/lucide-react/dist/esm/lucide-react.js:64:191:
      64 │ ..., default as PercentCircleIcon } from './icons/circle-percent.js';
         ╵                                          ~~~~~~~~~~~~~~~~~~~~~~~~~~~

X [ERROR] Could not resolve "./entriesIn.js"

    node_modules/lodash-es/lodash.js:64:37:
      64 │ export { default as entriesIn } from './entriesIn.js';
         ╵                                      ~~~~~~~~~~~~~~~~

X [ERROR] Could not resolve "./zIndex/ZIndexLayer"

    node_modules/recharts/es6/index.js:61:28:
      61 │ export { ZIndexLayer } from './zIndex/ZIndexLayer';
         ╵                             ~~~~~~~~~~~~~~~~~~~~~~

X [ERROR] Could not resolve "./icons/circle-plus.js"

    node_modules/lucide-react/dist/esm/lucide-react.js:65:173:
      65 │ ...Circle, default as PlusCircleIcon } from './icons/circle-plus.js';
         ╵                                             ~~~~~~~~~~~~~~~~~~~~~~~~

X [ERROR] Could not resolve "./eq.js"

    node_modules/lodash-es/lodash.js:65:30:
      65 │ export { default as eq } from './eq.js';
         ╵                               ~~~~~~~~~

X [ERROR] Could not resolve "./zIndex/DefaultZIndexes"

    node_modules/recharts/es6/index.js:62:32:
      62 │ export { DefaultZIndexes } from './zIndex/DefaultZIndexes';
         ╵                                 ~~~~~~~~~~~~~~~~~~~~~~~~~~

X [ERROR] Could not resolve "./icons/circle-power.js"

    node_modules/lucide-react/dist/esm/lucide-react.js:66:179:
      66 │ ...rcle, default as PowerCircleIcon } from './icons/circle-power.js';
         ╵                                            ~~~~~~~~~~~~~~~~~~~~~~~~~

X [ERROR] Could not resolve "./escape.js"

    node_modules/lodash-es/lodash.js:66:34:
      66 │ export { default as escape } from './escape.js';
         ╵                                   ~~~~~~~~~~~~~

X [ERROR] Could not resolve "./util/scale/getNiceTickValues"

    node_modules/recharts/es6/index.js:65:34:
      65 │ export { getNiceTickValues } from './util/scale/getNiceTickValues';
         ╵                                   ~~~~~~~~~~~~~~~~~~~~~~~~~~~~~~~~

X [ERROR] Could not resolve "./icons/circle-question-mark.js"

    node_modules/lucide-react/dist/esm/lucide-react.js:67:276:
      67 │ ...ault as LucideHelpCircle } from './icons/circle-question-mark.js';
         ╵                                    ~~~~~~~~~~~~~~~~~~~~~~~~~~~~~~~~~

X [ERROR] Could not resolve "./escapeRegExp.js"

    node_modules/lodash-es/lodash.js:67:40:
      67 │ export { default as escapeRegExp } from './escapeRegExp.js';
         ╵                                         ~~~~~~~~~~~~~~~~~~~

X [ERROR] Could not resolve "./hooks"

    node_modules/recharts/es6/index.js:66:413:
      66 │ ... useXAxisTicks, useYAxisTicks, useCartesianScale } from './hooks';
         ╵                                                            ~~~~~~~~~

X [ERROR] Could not resolve "./icons/circle-slash-2.js"

    node_modules/lucide-react/dist/esm/lucide-react.js:68:188:
      68 │ ...default as LucideCircleSlashed } from './icons/circle-slash-2.js';
         ╵                                          ~~~~~~~~~~~~~~~~~~~~~~~~~~~

X [ERROR] Could not resolve "./every.js"

    node_modules/lodash-es/lodash.js:68:33:
      68 │ export { default as every } from './every.js';
         ╵                                  ~~~~~~~~~~~~

X [ERROR] Could not resolve "./context/chartLayoutContext"

    node_modules/recharts/es6/index.js:67:57:
      67 │ ...t, useChartWidth, useMargin } from './context/chartLayoutContext';
         ╵                                       ~~~~~~~~~~~~~~~~~~~~~~~~~~~~~~

X [ERROR] Could not resolve "./icons/circle-stop.js"

    node_modules/lucide-react/dist/esm/lucide-react.js:69:173:
      69 │ ...Circle, default as StopCircleIcon } from './icons/circle-stop.js';
         ╵                                             ~~~~~~~~~~~~~~~~~~~~~~~~

X [ERROR] Could not resolve "./extend.js"

    node_modules/lodash-es/lodash.js:69:34:
      69 │ export { default as extend } from './extend.js';
         ╵                                   ~~~~~~~~~~~~~

X [ERROR] Could not resolve "./util/getRelativeCoordinate"

    node_modules/recharts/es6/index.js:68:38:
      68 │ export { getRelativeCoordinate } from './util/getRelativeCoordinate';
         ╵                                       ~~~~~~~~~~~~~~~~~~~~~~~~~~~~~~

X [ERROR] Could not resolve "./icons/circle-user-round.js"

    node_modules/lucide-react/dist/esm/lucide-react.js:70:191:
      70 │ ... default as UserCircle2Icon } from './icons/circle-user-round.js';
         ╵                                       ~~~~~~~~~~~~~~~~~~~~~~~~~~~~~~

X [ERROR] Could not resolve "./extendWith.js"

    node_modules/lodash-es/lodash.js:70:38:
      70 │ export { default as extendWith } from './extendWith.js';
         ╵                                       ~~~~~~~~~~~~~~~~~

X [ERROR] Could not resolve "./util/createCartesianCharts"

    node_modules/recharts/es6/index.js:69:59:
      69 │ ...lChart, createVerticalChart } from './util/createCartesianCharts';
         ╵                                       ~~~~~~~~~~~~~~~~~~~~~~~~~~~~~~

X [ERROR] Could not resolve "./icons/circle-user.js"

    node_modules/lucide-react/dist/esm/lucide-react.js:71:173:
      71 │ ...Circle, default as UserCircleIcon } from './icons/circle-user.js';
         ╵                                             ~~~~~~~~~~~~~~~~~~~~~~~~

X [ERROR] Could not resolve "./fill.js"

    node_modules/lodash-es/lodash.js:71:32:
      71 │ export { default as fill } from './fill.js';
         ╵                                 ~~~~~~~~~~~

X [ERROR] Could not resolve "./util/createPolarCharts"

    node_modules/recharts/es6/index.js:70:54:
      70 │ ...CentricChart, createRadialChart } from './util/createPolarCharts';
         ╵                                           ~~~~~~~~~~~~~~~~~~~~~~~~~~

X [ERROR] Could not resolve "./icons/circle-x.js"

    node_modules/lucide-react/dist/esm/lucide-react.js:72:155:
      72 │ ...t as XCircle, default as XCircleIcon } from './icons/circle-x.js';
         ╵                                                ~~~~~~~~~~~~~~~~~~~~~

X [ERROR] Could not resolve "./filter.js"

    node_modules/lodash-es/lodash.js:72:34:
      72 │ export { default as filter } from './filter.js';
         ╵                                   ~~~~~~~~~~~~~

X [ERROR] Could not resolve "./icons/clipboard-pen-line.js"

    node_modules/lucide-react/dist/esm/lucide-react.js:73:215:
      73 │ ...s LucideClipboardSignature } from './icons/clipboard-pen-line.js';
         ╵                                      ~~~~~~~~~~~~~~~~~~~~~~~~~~~~~~~

X [ERROR] Could not resolve "./find.js"

    node_modules/lodash-es/lodash.js:73:32:
      73 │ export { default as find } from './find.js';
         ╵                                 ~~~~~~~~~~~

X [ERROR] Could not resolve "./icons/clipboard-pen.js"

    node_modules/lucide-react/dist/esm/lucide-react.js:74:188:
      74 │ ..., default as LucideClipboardPen } from './icons/clipboard-pen.js';
         ╵                                           ~~~~~~~~~~~~~~~~~~~~~~~~~~

X [ERROR] Could not resolve "./findIndex.js"

    node_modules/lodash-es/lodash.js:74:37:
      74 │ export { default as findIndex } from './findIndex.js';
         ╵                                      ~~~~~~~~~~~~~~~~

X [ERROR] Could not resolve "./icons/cloud-download.js"

    node_modules/lucide-react/dist/esm/lucide-react.js:75:191:
      75 │ ...default as LucideDownloadCloud } from './icons/cloud-download.js';
         ╵                                          ~~~~~~~~~~~~~~~~~~~~~~~~~~~

X [ERROR] Could not resolve "./findKey.js"

    node_modules/lodash-es/lodash.js:75:35:
      75 │ export { default as findKey } from './findKey.js';
         ╵                                    ~~~~~~~~~~~~~~

X [ERROR] Could not resolve "./icons/cloud-upload.js"

    node_modules/lucide-react/dist/esm/lucide-react.js:76:179:
      76 │ ...loud, default as UploadCloudIcon } from './icons/cloud-upload.js';
         ╵                                            ~~~~~~~~~~~~~~~~~~~~~~~~~

X [ERROR] Could not resolve "./findLast.js"

    node_modules/lodash-es/lodash.js:76:36:
      76 │ export { default as findLast } from './findLast.js';
         ╵                                     ~~~~~~~~~~~~~~~

X [ERROR] Could not resolve "./icons/code-xml.js"

    node_modules/lucide-react/dist/esm/lucide-react.js:77:149:
      77 │ ...ucideCode2, default as LucideCodeXml } from './icons/code-xml.js';
         ╵                                                ~~~~~~~~~~~~~~~~~~~~~

X [ERROR] Could not resolve "./findLastIndex.js"

    node_modules/lodash-es/lodash.js:77:41:
      77 │ export { default as findLastIndex } from './findLastIndex.js';
         ╵                                          ~~~~~~~~~~~~~~~~~~~~

X [ERROR] Could not resolve "./icons/columns-2.js"

    node_modules/lucide-react/dist/esm/lucide-react.js:78:158:
      78 │ ...eColumns, default as LucideColumns2 } from './icons/columns-2.js';
         ╵                                               ~~~~~~~~~~~~~~~~~~~~~~

X [ERROR] Could not resolve "./findLastKey.js"

    node_modules/lodash-es/lodash.js:78:39:
      78 │ export { default as findLastKey } from './findLastKey.js';
         ╵                                        ~~~~~~~~~~~~~~~~~~

X [ERROR] Could not resolve "./icons/columns-3-cog.js"

    node_modules/lucide-react/dist/esm/lucide-react.js:79:273:
      79 │ ...fig, default as TableConfigIcon } from './icons/columns-3-cog.js';
         ╵                                           ~~~~~~~~~~~~~~~~~~~~~~~~~~

X [ERROR] Could not resolve "./first.js"

    node_modules/lodash-es/lodash.js:79:33:
      79 │ export { default as first } from './first.js';
         ╵                                  ~~~~~~~~~~~~

X [ERROR] Could not resolve "./icons/columns-3.js"

    node_modules/lucide-react/dist/esm/lucide-react.js:80:182:
      80 │ ...ght, default as PanelsLeftRightIcon } from './icons/columns-3.js';
         ╵                                               ~~~~~~~~~~~~~~~~~~~~~~

X [ERROR] Could not resolve "./flatMap.js"

    node_modules/lodash-es/lodash.js:80:35:
      80 │ export { default as flatMap } from './flatMap.js';
         ╵                                    ~~~~~~~~~~~~~~

X [ERROR] Could not resolve "./icons/contact-round.js"

    node_modules/lucide-react/dist/esm/lucide-react.js:81:173:
      81 │ ..., default as LucideContactRound } from './icons/contact-round.js';
         ╵                                           ~~~~~~~~~~~~~~~~~~~~~~~~~~

X [ERROR] Could not resolve "./flatMapDeep.js"

    node_modules/lodash-es/lodash.js:81:39:
      81 │ export { default as flatMapDeep } from './flatMapDeep.js';
         ╵                                        ~~~~~~~~~~~~~~~~~~

X [ERROR] Could not resolve "./icons/diamond-percent.js"

    node_modules/lucide-react/dist/esm/lucide-react.js:82:197:
      82 │ ...default as PercentDiamondIcon } from './icons/diamond-percent.js';
         ╵                                         ~~~~~~~~~~~~~~~~~~~~~~~~~~~~

X [ERROR] Could not resolve "./flatMapDepth.js"

    node_modules/lodash-es/lodash.js:82:40:
      82 │ export { default as flatMapDepth } from './flatMapDepth.js';
         ╵                                         ~~~~~~~~~~~~~~~~~~~

X [ERROR] Could not resolve "./icons/earth.js"

    node_modules/lucide-react/dist/esm/lucide-react.js:83:146:
      83 │ ...as LucideEarth, default as LucideGlobe2 } from './icons/earth.js';
         ╵                                                   ~~~~~~~~~~~~~~~~~~

X [ERROR] Could not resolve "./flatten.js"

    node_modules/lodash-es/lodash.js:83:35:
      83 │ export { default as flatten } from './flatten.js';
         ╵                                    ~~~~~~~~~~~~~~

X [ERROR] Could not resolve "./flattenDeep.js"

    node_modules/lodash-es/lodash.js:84:39:
      84 │ export { default as flattenDeep } from './flattenDeep.js';
         ╵                                        ~~~~~~~~~~~~~~~~~~

X [ERROR] Could not resolve "./icons/ellipsis-vertical.js"

    node_modules/lucide-react/dist/esm/lucide-react.js:84:197:
      84 │ ...default as MoreVerticalIcon } from './icons/ellipsis-vertical.js';
         ╵                                       ~~~~~~~~~~~~~~~~~~~~~~~~~~~~~~

X [ERROR] Could not resolve "./flattenDepth.js"

    node_modules/lodash-es/lodash.js:85:40:
      85 │ export { default as flattenDepth } from './flattenDepth.js';
         ╵                                         ~~~~~~~~~~~~~~~~~~~

X [ERROR] Could not resolve "./icons/ellipsis.js"

    node_modules/lucide-react/dist/esm/lucide-react.js:85:179:
      85 │ ...ontal, default as MoreHorizontalIcon } from './icons/ellipsis.js';
         ╵                                                ~~~~~~~~~~~~~~~~~~~~~

X [ERROR] Could not resolve "./flip.js"

    node_modules/lodash-es/lodash.js:86:32:
      86 │ export { default as flip } from './flip.js';
         ╵                                 ~~~~~~~~~~~

X [ERROR] Could not resolve "./floor.js"

    node_modules/lodash-es/lodash.js:87:33:
      87 │ export { default as floor } from './floor.js';
         ╵                                  ~~~~~~~~~~~~

X [ERROR] Could not resolve "./icons/file-axis-3d.js"

    node_modules/lucide-react/dist/esm/lucide-react.js:86:173:
      86 │ ...s3D, default as LucideFileAxis3d } from './icons/file-axis-3d.js';
         ╵                                            ~~~~~~~~~~~~~~~~~~~~~~~~~

X [ERROR] Could not resolve "./flow.js"

    node_modules/lodash-es/lodash.js:88:32:
      88 │ export { default as flow } from './flow.js';
         ╵                                 ~~~~~~~~~~~

X [ERROR] Could not resolve "./icons/file-badge.js"

    node_modules/lucide-react/dist/esm/lucide-react.js:87:170:
      87 │ ...Badge, default as LucideFileBadge2 } from './icons/file-badge.js';
         ╵                                              ~~~~~~~~~~~~~~~~~~~~~~~

X [ERROR] Could not resolve "./flowRight.js"

    node_modules/lodash-es/lodash.js:89:37:
      89 │ export { default as flowRight } from './flowRight.js';
         ╵                                      ~~~~~~~~~~~~~~~~

X [ERROR] Could not resolve "./forEach.js"

    node_modules/lodash-es/lodash.js:90:35:
      90 │ export { default as forEach } from './forEach.js';
         ╵                                    ~~~~~~~~~~~~~~

X [ERROR] Could not resolve "./icons/file-braces-corner.js"

    node_modules/lucide-react/dist/esm/lucide-react.js:88:188:
      88 │ ...default as LucideFileJson2 } from './icons/file-braces-corner.js';
         ╵                                      ~~~~~~~~~~~~~~~~~~~~~~~~~~~~~~~

X [ERROR] Could not resolve "./icons/file-braces.js"

    node_modules/lucide-react/dist/esm/lucide-react.js:89:167:
      89 │ ...Braces, default as LucideFileJson } from './icons/file-braces.js';
         ╵                                             ~~~~~~~~~~~~~~~~~~~~~~~~

X [ERROR] Could not resolve "./forEachRight.js"

    node_modules/lodash-es/lodash.js:91:40:
      91 │ export { default as forEachRight } from './forEachRight.js';
         ╵                                         ~~~~~~~~~~~~~~~~~~~

X [ERROR] Could not resolve "./forIn.js"

    node_modules/lodash-es/lodash.js:92:33:
      92 │ export { default as forIn } from './forIn.js';
         ╵                                  ~~~~~~~~~~~~

X [ERROR] Could not resolve "./icons/file-chart-column-increasing.js"

    node_modules/lucide-react/dist/esm/lucide-react.js:90:224:
      90 │ ...ColumnIncreasing } from './icons/file-chart-column-increasing.js';
         ╵                            ~~~~~~~~~~~~~~~~~~~~~~~~~~~~~~~~~~~~~~~~~

X [ERROR] Could not resolve "./icons/file-chart-column.js"

    node_modules/lucide-react/dist/esm/lucide-react.js:91:197:
      91 │ ...lt as LucideFileChartColumn } from './icons/file-chart-column.js';
         ╵                                       ~~~~~~~~~~~~~~~~~~~~~~~~~~~~~~

X [ERROR] Could not resolve "./forInRight.js"

    node_modules/lodash-es/lodash.js:93:38:
      93 │ export { default as forInRight } from './forInRight.js';
         ╵                                       ~~~~~~~~~~~~~~~~~

X [ERROR] Could not resolve "./icons/file-chart-line.js"

    node_modules/lucide-react/dist/esm/lucide-react.js:92:191:
      92 │ ...efault as LucideFileLineChart } from './icons/file-chart-line.js';
         ╵                                         ~~~~~~~~~~~~~~~~~~~~~~~~~~~~

X [ERROR] Could not resolve "./forOwn.js"

    node_modules/lodash-es/lodash.js:94:34:
      94 │ export { default as forOwn } from './forOwn.js';
         ╵                                   ~~~~~~~~~~~~~

X [ERROR] Could not resolve "./forOwnRight.js"

    node_modules/lodash-es/lodash.js:95:39:
      95 │ export { default as forOwnRight } from './forOwnRight.js';
         ╵                                        ~~~~~~~~~~~~~~~~~~

X [ERROR] Could not resolve "./icons/file-chart-pie.js"

    node_modules/lucide-react/dist/esm/lucide-react.js:93:185:
      93 │ ... default as LucideFilePieChart } from './icons/file-chart-pie.js';
         ╵                                          ~~~~~~~~~~~~~~~~~~~~~~~~~~~

X [ERROR] Could not resolve "./icons/file-check-corner.js"

    node_modules/lucide-react/dist/esm/lucide-react.js:94:188:
      94 │ ...lt as LucideFileCheckCorner } from './icons/file-check-corner.js';
         ╵                                       ~~~~~~~~~~~~~~~~~~~~~~~~~~~~~~

X [ERROR] Could not resolve "./fromPairs.js"

    node_modules/lodash-es/lodash.js:96:37:
      96 │ export { default as fromPairs } from './fromPairs.js';
         ╵                                      ~~~~~~~~~~~~~~~~

X [ERROR] Could not resolve "./icons/file-code-corner.js"

    node_modules/lucide-react/dist/esm/lucide-react.js:95:182:
      95 │ ...ault as LucideFileCodeCorner } from './icons/file-code-corner.js';
         ╵                                        ~~~~~~~~~~~~~~~~~~~~~~~~~~~~~

X [ERROR] Could not resolve "./functions.js"

    node_modules/lodash-es/lodash.js:97:37:
      97 │ export { default as functions } from './functions.js';
         ╵                                      ~~~~~~~~~~~~~~~~

X [ERROR] Could not resolve "./icons/file-cog.js"

    node_modules/lucide-react/dist/esm/lucide-react.js:96:158:
      96 │ ...deFileCog, default as LucideFileCog2 } from './icons/file-cog.js';
         ╵                                                ~~~~~~~~~~~~~~~~~~~~~

X [ERROR] Could not resolve "./functionsIn.js"

    node_modules/lodash-es/lodash.js:98:39:
      98 │ export { default as functionsIn } from './functionsIn.js';
         ╵                                        ~~~~~~~~~~~~~~~~~~

X [ERROR] Could not resolve "./get.js"

    node_modules/lodash-es/lodash.js:99:31:
      99 │ export { default as get } from './get.js';
         ╵                                ~~~~~~~~~~

X [ERROR] Could not resolve "./icons/file-exclamation-point.js"

    node_modules/lucide-react/dist/esm/lucide-react.js:97:206:
      97 │ ...t as LucideFileWarning } from './icons/file-exclamation-point.js';
         ╵                                  ~~~~~~~~~~~~~~~~~~~~~~~~~~~~~~~~~~~

X [ERROR] Could not resolve "./icons/file-headphone.js"

    node_modules/lucide-react/dist/esm/lucide-react.js:98:258:
      98 │ ...default as LucideFileHeadphone } from './icons/file-headphone.js';
         ╵                                          ~~~~~~~~~~~~~~~~~~~~~~~~~~~

X [ERROR] Could not resolve "./groupBy.js"

    node_modules/lodash-es/lodash.js:100:35:
      100 │ export { default as groupBy } from './groupBy.js';
          ╵                                    ~~~~~~~~~~~~~~

X [ERROR] Could not resolve "./icons/file-key.js"

    node_modules/lucide-react/dist/esm/lucide-react.js:99:158:
      99 │ ...deFileKey, default as LucideFileKey2 } from './icons/file-key.js';
         ╵                                                ~~~~~~~~~~~~~~~~~~~~~

X [ERROR] Could not resolve "./gt.js"

    node_modules/lodash-es/lodash.js:101:30:
      101 │ export { default as gt } from './gt.js';
          ╵                               ~~~~~~~~~

X [ERROR] Could not resolve "./gte.js"

    node_modules/lodash-es/lodash.js:102:31:
      102 │ export { default as gte } from './gte.js';
          ╵                                ~~~~~~~~~~

X [ERROR] Could not resolve "./icons/file-lock.js"

    node_modules/lucide-react/dist/esm/lucide-react.js:100:164:
      100 │ ...leLock, default as LucideFileLock2 } from './icons/file-lock.js';
          ╵                                              ~~~~~~~~~~~~~~~~~~~~~~

X [ERROR] Could not resolve "./icons/file-minus-corner.js"

    node_modules/lucide-react/dist/esm/lucide-react.js:101:188:
      101 │ ...t as LucideFileMinusCorner } from './icons/file-minus-corner.js';
          ╵                                      ~~~~~~~~~~~~~~~~~~~~~~~~~~~~~~

X [ERROR] Could not resolve "./has.js"

    node_modules/lodash-es/lodash.js:103:31:
      103 │ export { default as has } from './has.js';
          ╵                                ~~~~~~~~~~

X [ERROR] Could not resolve "./hasIn.js"

    node_modules/lodash-es/lodash.js:104:33:
      104 │ export { default as hasIn } from './hasIn.js';
          ╵                                  ~~~~~~~~~~~~

X [ERROR] Could not resolve "./icons/file-pen-line.js"

    node_modules/lucide-react/dist/esm/lucide-react.js:102:185:
      102 │ ...default as LucideFileSignature } from './icons/file-pen-line.js';
          ╵                                          ~~~~~~~~~~~~~~~~~~~~~~~~~~

X [ERROR] Could not resolve "./icons/file-pen.js"

    node_modules/lucide-react/dist/esm/lucide-react.js:103:158:
      103 │ ...eFileEdit, default as LucideFilePen } from './icons/file-pen.js';
          ╵                                               ~~~~~~~~~~~~~~~~~~~~~

X [ERROR] Could not resolve "./head.js"

    node_modules/lodash-es/lodash.js:105:32:
      105 │ export { default as head } from './head.js';
          ╵                                 ~~~~~~~~~~~

X [ERROR] Could not resolve "./identity.js"

    node_modules/lodash-es/lodash.js:106:36:
      106 │ export { default as identity } from './identity.js';
          ╵                                     ~~~~~~~~~~~~~~~

X [ERROR] Could not resolve "./icons/file-play.js"

    node_modules/lucide-react/dist/esm/lucide-react.js:104:164:
      104 │ ...lePlay, default as LucideFileVideo } from './icons/file-play.js';
          ╵                                              ~~~~~~~~~~~~~~~~~~~~~~

X [ERROR] Could not resolve "./inRange.js"

    node_modules/lodash-es/lodash.js:107:35:
      107 │ export { default as inRange } from './inRange.js';
          ╵                                    ~~~~~~~~~~~~~~

X [ERROR] Could not resolve "./includes.js"

    node_modules/lodash-es/lodash.js:108:36:
      108 │ export { default as includes } from './includes.js';
          ╵                                     ~~~~~~~~~~~~~~~

X [ERROR] Could not resolve "./icons/file-plus-corner.js"

    node_modules/lucide-react/dist/esm/lucide-react.js:105:182:
      105 │ ...ult as LucideFilePlusCorner } from './icons/file-plus-corner.js';
          ╵                                       ~~~~~~~~~~~~~~~~~~~~~~~~~~~~~

X [ERROR] Could not resolve "./icons/file-question-mark.js"

    node_modules/lucide-react/dist/esm/lucide-react.js:106:197:
      106 │ ...as LucideFileQuestionMark } from './icons/file-question-mark.js';
          ╵                                     ~~~~~~~~~~~~~~~~~~~~~~~~~~~~~~~

X [ERROR] Could not resolve "./indexOf.js"

    node_modules/lodash-es/lodash.js:109:35:
      109 │ export { default as indexOf } from './indexOf.js';
          ╵                                    ~~~~~~~~~~~~~~

X [ERROR] Could not resolve "./initial.js"

    node_modules/lodash-es/lodash.js:110:35:
      110 │ export { default as initial } from './initial.js';
          ╵                                    ~~~~~~~~~~~~~~

X [ERROR] Could not resolve "./icons/file-search-corner.js"

    node_modules/lucide-react/dist/esm/lucide-react.js:107:194:
      107 │ ...as LucideFileSearchCorner } from './icons/file-search-corner.js';
          ╵                                     ~~~~~~~~~~~~~~~~~~~~~~~~~~~~~~~

X [ERROR] Could not resolve "./intersection.js"

    node_modules/lodash-es/lodash.js:111:40:
      111 │ export { default as intersection } from './intersection.js';
          ╵                                         ~~~~~~~~~~~~~~~~~~~

X [ERROR] Could not resolve "./icons/file-signal.js"

    node_modules/lucide-react/dist/esm/lucide-react.js:108:176:
      108 │ ...al, default as LucideFileVolume2 } from './icons/file-signal.js';
          ╵                                            ~~~~~~~~~~~~~~~~~~~~~~~~

X [ERROR] Could not resolve "./intersectionBy.js"

    node_modules/lodash-es/lodash.js:112:42:
      112 │ export { default as intersectionBy } from './intersectionBy.js';
          ╵                                           ~~~~~~~~~~~~~~~~~~~~~

X [ERROR] Could not resolve "./icons/file-type-corner.js"

    node_modules/lucide-react/dist/esm/lucide-react.js:109:182:
      109 │ ...ult as LucideFileTypeCorner } from './icons/file-type-corner.js';
          ╵                                       ~~~~~~~~~~~~~~~~~~~~~~~~~~~~~

X [ERROR] Could not resolve "./intersectionWith.js"

    node_modules/lodash-es/lodash.js:113:44:
      113 │ export { default as intersectionWith } from './intersectionWith.js';
          ╵                                             ~~~~~~~~~~~~~~~~~~~~~~~

X [ERROR] Could not resolve "./icons/file-video-camera.js"

    node_modules/lucide-react/dist/esm/lucide-react.js:110:188:
      110 │ ...t as LucideFileVideoCamera } from './icons/file-video-camera.js';
          ╵                                      ~~~~~~~~~~~~~~~~~~~~~~~~~~~~~~

X [ERROR] Could not resolve "./invert.js"

    node_modules/lodash-es/lodash.js:114:34:
      114 │ export { default as invert } from './invert.js';
          ╵                                   ~~~~~~~~~~~~~

X [ERROR] Could not resolve "./icons/file-x-corner.js"

    node_modules/lucide-react/dist/esm/lucide-react.js:111:164:
      111 │ ..., default as LucideFileXCorner } from './icons/file-x-corner.js';
          ╵                                          ~~~~~~~~~~~~~~~~~~~~~~~~~~

X [ERROR] Could not resolve "./invertBy.js"

    node_modules/lodash-es/lodash.js:115:36:
      115 │ export { default as invertBy } from './invertBy.js';
          ╵                                     ~~~~~~~~~~~~~~~

X [ERROR] Could not resolve "./icons/folder-cog.js"

    node_modules/lucide-react/dist/esm/lucide-react.js:112:170:
      112 │ ...rCog, default as LucideFolderCog2 } from './icons/folder-cog.js';
          ╵                                             ~~~~~~~~~~~~~~~~~~~~~~~

X [ERROR] Could not resolve "./invoke.js"

    node_modules/lodash-es/lodash.js:116:34:
      116 │ export { default as invoke } from './invoke.js';
          ╵                                   ~~~~~~~~~~~~~

X [ERROR] Could not resolve "./icons/folder-pen.js"

    node_modules/lucide-react/dist/esm/lucide-react.js:113:170:
      113 │ ...rEdit, default as LucideFolderPen } from './icons/folder-pen.js';
          ╵                                             ~~~~~~~~~~~~~~~~~~~~~~~

X [ERROR] Could not resolve "./invokeMap.js"

    node_modules/lodash-es/lodash.js:117:37:
      117 │ export { default as invokeMap } from './invokeMap.js';
          ╵                                      ~~~~~~~~~~~~~~~~

X [ERROR] Could not resolve "./icons/funnel-x.js"

    node_modules/lucide-react/dist/esm/lucide-react.js:114:155:
      114 │ ...deFilterX, default as LucideFunnelX } from './icons/funnel-x.js';
          ╵                                               ~~~~~~~~~~~~~~~~~~~~~

X [ERROR] Could not resolve "./isArguments.js"

    node_modules/lodash-es/lodash.js:118:39:
      118 │ export { default as isArguments } from './isArguments.js';
          ╵                                        ~~~~~~~~~~~~~~~~~~

X [ERROR] Could not resolve "./icons/funnel.js"

    node_modules/lucide-react/dist/esm/lucide-react.js:115:149:
      115 │ ...LucideFilter, default as LucideFunnel } from './icons/funnel.js';
          ╵                                                 ~~~~~~~~~~~~~~~~~~~

X [ERROR] Could not resolve "./isArray.js"

    node_modules/lodash-es/lodash.js:119:35:
      119 │ export { default as isArray } from './isArray.js';
          ╵                                    ~~~~~~~~~~~~~~

X [ERROR] Could not resolve "./icons/git-commit-horizontal.js"

    node_modules/lucide-react/dist/esm/lucide-react.js:116:197:
      116 │ ...ideGitCommitHorizontal } from './icons/git-commit-horizontal.js';
          ╵                                  ~~~~~~~~~~~~~~~~~~~~~~~~~~~~~~~~~~

X [ERROR] Could not resolve "./isArrayBuffer.js"

    node_modules/lodash-es/lodash.js:120:41:
      120 │ export { default as isArrayBuffer } from './isArrayBuffer.js';
          ╵                                          ~~~~~~~~~~~~~~~~~~~~

X [ERROR] Could not resolve "./icons/grid-2x2-check.js"

    node_modules/lucide-react/dist/esm/lucide-react.js:117:185:
      117 │ ...default as LucideGrid2x2Check } from './icons/grid-2x2-check.js';
          ╵                                         ~~~~~~~~~~~~~~~~~~~~~~~~~~~

X [ERROR] Could not resolve "./isArrayLike.js"

    node_modules/lodash-es/lodash.js:121:39:
      121 │ export { default as isArrayLike } from './isArrayLike.js';
          ╵                                        ~~~~~~~~~~~~~~~~~~

X [ERROR] Could not resolve "./icons/grid-2x2-x.js"

    node_modules/lucide-react/dist/esm/lucide-react.js:118:161:
      118 │ ...id2X2X, default as LucideGrid2x2X } from './icons/grid-2x2-x.js';
          ╵                                             ~~~~~~~~~~~~~~~~~~~~~~~

X [ERROR] Could not resolve "./isArrayLikeObject.js"

    node_modules/lodash-es/lodash.js:122:45:
      122 │ ...t { default as isArrayLikeObject } from './isArrayLikeObject.js';
          ╵                                            ~~~~~~~~~~~~~~~~~~~~~~~~

X [ERROR] Could not resolve "./icons/grid-2x2-plus.js"

    node_modules/lucide-react/dist/esm/lucide-react.js:119:179:
      119 │ ..., default as LucideGrid2x2Plus } from './icons/grid-2x2-plus.js';
          ╵                                          ~~~~~~~~~~~~~~~~~~~~~~~~~~

X [ERROR] Could not resolve "./isBoolean.js"

    node_modules/lodash-es/lodash.js:123:37:
      123 │ export { default as isBoolean } from './isBoolean.js';
          ╵                                      ~~~~~~~~~~~~~~~~

X [ERROR] Could not resolve "./icons/grid-2x2.js"

    node_modules/lucide-react/dist/esm/lucide-react.js:120:155:
      120 │ ...deGrid2X2, default as LucideGrid2x2 } from './icons/grid-2x2.js';
          ╵                                               ~~~~~~~~~~~~~~~~~~~~~

X [ERROR] Could not resolve "./isBuffer.js"

    node_modules/lodash-es/lodash.js:124:36:
      124 │ export { default as isBuffer } from './isBuffer.js';
          ╵                                     ~~~~~~~~~~~~~~~

X [ERROR] Could not resolve "./icons/grid-3x3.js"

    node_modules/lucide-react/dist/esm/lucide-react.js:121:216:
      121 │ ...deGrid3X3, default as LucideGrid3x3 } from './icons/grid-3x3.js';
          ╵                                               ~~~~~~~~~~~~~~~~~~~~~

X [ERROR] Could not resolve "./isDate.js"

    node_modules/lodash-es/lodash.js:125:34:
      125 │ export { default as isDate } from './isDate.js';
          ╵                                   ~~~~~~~~~~~~~

X [ERROR] Could not resolve "./icons/hand-grab.js"

    node_modules/lucide-react/dist/esm/lucide-react.js:122:149:
      122 │ ...ideGrab, default as LucideHandGrab } from './icons/hand-grab.js';
          ╵                                              ~~~~~~~~~~~~~~~~~~~~~~

X [ERROR] Could not resolve "./isElement.js"

    node_modules/lodash-es/lodash.js:126:37:
      126 │ export { default as isElement } from './isElement.js';
          ╵                                      ~~~~~~~~~~~~~~~~

X [ERROR] Could not resolve "./icons/hand-helping.js"

    node_modules/lucide-react/dist/esm/lucide-react.js:123:179:
      123 │ ...g, default as LucideHelpingHand } from './icons/hand-helping.js';
          ╵                                           ~~~~~~~~~~~~~~~~~~~~~~~~~

X [ERROR] Could not resolve "./isEmpty.js"

    node_modules/lodash-es/lodash.js:127:35:
      127 │ export { default as isEmpty } from './isEmpty.js';
          ╵                                    ~~~~~~~~~~~~~~

X [ERROR] Could not resolve "./icons/house.js"

    node_modules/lucide-react/dist/esm/lucide-react.js:124:140:
      124 │ ... as LucideHome, default as LucideHouse } from './icons/house.js';
          ╵                                                  ~~~~~~~~~~~~~~~~~~

X [ERROR] Could not resolve "./isEqual.js"

    node_modules/lodash-es/lodash.js:128:35:
      128 │ export { default as isEqual } from './isEqual.js';
          ╵                                    ~~~~~~~~~~~~~~

X [ERROR] Could not resolve "./icons/ice-cream-bowl.js"

    node_modules/lucide-react/dist/esm/lucide-react.js:125:176:
      125 │ ...default as LucideIceCreamBowl } from './icons/ice-cream-bowl.js';
          ╵                                         ~~~~~~~~~~~~~~~~~~~~~~~~~~~

X [ERROR] Could not resolve "./isEqualWith.js"

    node_modules/lodash-es/lodash.js:129:39:
      129 │ export { default as isEqualWith } from './isEqualWith.js';
          ╵                                        ~~~~~~~~~~~~~~~~~~

X [ERROR] Could not resolve "./icons/ice-cream-cone.js"

    node_modules/lucide-react/dist/esm/lucide-react.js:126:173:
      126 │ ...default as LucideIceCreamCone } from './icons/ice-cream-cone.js';
          ╵                                         ~~~~~~~~~~~~~~~~~~~~~~~~~~~

X [ERROR] Could not resolve "./isError.js"

    node_modules/lodash-es/lodash.js:130:35:
      130 │ export { default as isError } from './isError.js';
          ╵                                    ~~~~~~~~~~~~~~

X [ERROR] Could not resolve "./icons/laptop-minimal.js"

    node_modules/lucide-react/dist/esm/lucide-react.js:127:173:
      127 │ ...efault as LucideLaptopMinimal } from './icons/laptop-minimal.js';
          ╵                                         ~~~~~~~~~~~~~~~~~~~~~~~~~~~

X [ERROR] Could not resolve "./isFinite.js"

    node_modules/lodash-es/lodash.js:131:36:
      131 │ export { default as isFinite } from './isFinite.js';
          ╵                                     ~~~~~~~~~~~~~~~

X [ERROR] Could not resolve "./icons/layers.js"

    node_modules/lucide-react/dist/esm/lucide-react.js:128:152:
      128 │ ...ucideLayers, default as LucideLayers3 } from './icons/layers.js';
          ╵                                                 ~~~~~~~~~~~~~~~~~~~

X [ERROR] Could not resolve "./isFunction.js"

    node_modules/lodash-es/lodash.js:132:38:
      132 │ export { default as isFunction } from './isFunction.js';
          ╵                                       ~~~~~~~~~~~~~~~~~

X [ERROR] Could not resolve "./icons/list-indent-decrease.js"

    node_modules/lucide-react/dist/esm/lucide-react.js:129:279:
      129 │ ... default as OutdentIcon } from './icons/list-indent-decrease.js';
          ╵                                   ~~~~~~~~~~~~~~~~~~~~~~~~~~~~~~~~~

X [ERROR] Could not resolve "./isInteger.js"

    node_modules/lodash-es/lodash.js:133:37:
      133 │ export { default as isInteger } from './isInteger.js';
          ╵                                      ~~~~~~~~~~~~~~~~

X [ERROR] Could not resolve "./icons/list-indent-increase.js"

    node_modules/lucide-react/dist/esm/lucide-react.js:130:276:
      130 │ ...ucideListIndentIncrease } from './icons/list-indent-increase.js';
          ╵                                   ~~~~~~~~~~~~~~~~~~~~~~~~~~~~~~~~~

X [ERROR] Could not resolve "./isLength.js"

    node_modules/lodash-es/lodash.js:134:36:
      134 │ export { default as isLength } from './isLength.js';
          ╵                                     ~~~~~~~~~~~~~~~

X [ERROR] Could not resolve "./icons/loader-circle.js"

    node_modules/lucide-react/dist/esm/lucide-react.js:131:170:
      131 │ ... default as LucideLoaderCircle } from './icons/loader-circle.js';
          ╵                                          ~~~~~~~~~~~~~~~~~~~~~~~~~~

X [ERROR] Could not resolve "./isMap.js"

    node_modules/lodash-es/lodash.js:135:33:
      135 │ export { default as isMap } from './isMap.js';
          ╵                                  ~~~~~~~~~~~~

X [ERROR] Could not resolve "./icons/lock-keyhole-open.js"

    node_modules/lucide-react/dist/esm/lucide-react.js:132:197:
      132 │ ...fault as UnlockKeyholeIcon } from './icons/lock-keyhole-open.js';
          ╵                                      ~~~~~~~~~~~~~~~~~~~~~~~~~~~~~~

X [ERROR] Could not resolve "./isMatch.js"

    node_modules/lodash-es/lodash.js:136:35:
      136 │ export { default as isMatch } from './isMatch.js';
          ╵                                    ~~~~~~~~~~~~~~

X [ERROR] Could not resolve "./icons/lock-open.js"

    node_modules/lucide-react/dist/esm/lucide-react.js:133:155:
      133 │ ...t as Unlock, default as UnlockIcon } from './icons/lock-open.js';
          ╵                                              ~~~~~~~~~~~~~~~~~~~~~~

X [ERROR] Could not resolve "./isMatchWith.js"

    node_modules/lodash-es/lodash.js:137:39:
      137 │ export { default as isMatchWith } from './isMatchWith.js';
          ╵                                        ~~~~~~~~~~~~~~~~~~

X [ERROR] Could not resolve "./icons/mail-question-mark.js"

    node_modules/lucide-react/dist/esm/lucide-react.js:134:197:
      134 │ ...t as MailQuestionMarkIcon } from './icons/mail-question-mark.js';
          ╵                                     ~~~~~~~~~~~~~~~~~~~~~~~~~~~~~~~

X [ERROR] Could not resolve "./isNaN.js"

    node_modules/lodash-es/lodash.js:138:33:
      138 │ export { default as isNaN } from './isNaN.js';
          ╵                                  ~~~~~~~~~~~~

X [ERROR] Could not resolve "./icons/map-pin-pen.js"

    node_modules/lucide-react/dist/esm/lucide-react.js:135:176:
      135 │ ...PinPen, default as MapPinPenIcon } from './icons/map-pin-pen.js';
          ╵                                            ~~~~~~~~~~~~~~~~~~~~~~~~

X [ERROR] Could not resolve "./isNative.js"

    node_modules/lodash-es/lodash.js:139:36:
      139 │ export { default as isNative } from './isNative.js';
          ╵                                     ~~~~~~~~~~~~~~~

X [ERROR] Could not resolve "./icons/message-circle-question-mark.js"

    node_modules/lucide-react/dist/esm/lucide-react.js:136:251:
      136 │ ...uestionMarkIcon } from './icons/message-circle-question-mark.js';
          ╵                           ~~~~~~~~~~~~~~~~~~~~~~~~~~~~~~~~~~~~~~~~~

X [ERROR] Could not resolve "./isNil.js"

    node_modules/lodash-es/lodash.js:140:33:
      140 │ export { default as isNil } from './isNil.js';
          ╵                                  ~~~~~~~~~~~~

X [ERROR] Could not resolve "./icons/mic-vocal.js"

    node_modules/lucide-react/dist/esm/lucide-react.js:137:149:
      137 │ ... MicVocal, default as MicVocalIcon } from './icons/mic-vocal.js';
          ╵                                              ~~~~~~~~~~~~~~~~~~~~~~

X [ERROR] Could not resolve "./isNull.js"

    node_modules/lodash-es/lodash.js:141:34:
      141 │ export { default as isNull } from './isNull.js';
          ╵                                   ~~~~~~~~~~~~~

X [ERROR] Could not resolve "./icons/move-3d.js"

    node_modules/lucide-react/dist/esm/lucide-react.js:138:149:
      138 │ ...ult as Move3d, default as Move3dIcon } from './icons/move-3d.js';
          ╵                                                ~~~~~~~~~~~~~~~~~~~~

X [ERROR] Could not resolve "./isNumber.js"

    node_modules/lodash-es/lodash.js:142:36:
      142 │ export { default as isNumber } from './isNumber.js';
          ╵                                     ~~~~~~~~~~~~~~~

X [ERROR] Could not resolve "./icons/octagon-alert.js"

    node_modules/lucide-react/dist/esm/lucide-react.js:139:185:
      139 │ ...t, default as OctagonAlertIcon } from './icons/octagon-alert.js';
          ╵                                          ~~~~~~~~~~~~~~~~~~~~~~~~~~

X [ERROR] Could not resolve "./isObject.js"

    node_modules/lodash-es/lodash.js:143:36:
      143 │ export { default as isObject } from './isObject.js';
          ╵                                     ~~~~~~~~~~~~~~~

X [ERROR] Could not resolve "./icons/octagon-pause.js"

    node_modules/lucide-react/dist/esm/lucide-react.js:140:185:
      140 │ ...n, default as PauseOctagonIcon } from './icons/octagon-pause.js';
          ╵                                          ~~~~~~~~~~~~~~~~~~~~~~~~~~

X [ERROR] Could not resolve "./isObjectLike.js"

    node_modules/lodash-es/lodash.js:144:40:
      144 │ export { default as isObjectLike } from './isObjectLike.js';
          ╵                                         ~~~~~~~~~~~~~~~~~~~

X [ERROR] Could not resolve "./icons/octagon-x.js"

    node_modules/lucide-react/dist/esm/lucide-react.js:141:161:
      141 │ ... XOctagon, default as XOctagonIcon } from './icons/octagon-x.js';
          ╵                                              ~~~~~~~~~~~~~~~~~~~~~~

X [ERROR] Could not resolve "./isPlainObject.js"

    node_modules/lodash-es/lodash.js:145:41:
      145 │ export { default as isPlainObject } from './isPlainObject.js';
          ╵                                          ~~~~~~~~~~~~~~~~~~~~

X [ERROR] Could not resolve "./icons/paintbrush-vertical.js"

    node_modules/lucide-react/dist/esm/lucide-react.js:142:200:
      142 │ ...s PaintbrushVerticalIcon } from './icons/paintbrush-vertical.js';
          ╵                                    ~~~~~~~~~~~~~~~~~~~~~~~~~~~~~~~~

X [ERROR] Could not resolve "./isRegExp.js"

    node_modules/lodash-es/lodash.js:146:36:
      146 │ export { default as isRegExp } from './isRegExp.js';
          ╵                                     ~~~~~~~~~~~~~~~

X [ERROR] Could not resolve "./icons/panel-bottom-dashed.js"

    node_modules/lucide-react/dist/esm/lucide-react.js:143:221:
      143 │ ... PanelBottomInactiveIcon } from './icons/panel-bottom-dashed.js';
          ╵                                    ~~~~~~~~~~~~~~~~~~~~~~~~~~~~~~~~

X [ERROR] Could not resolve "./isSafeInteger.js"

    node_modules/lodash-es/lodash.js:147:41:
      147 │ export { default as isSafeInteger } from './isSafeInteger.js';
          ╵                                          ~~~~~~~~~~~~~~~~~~~~

X [ERROR] Could not resolve "./icons/panel-left-close.js"

    node_modules/lucide-react/dist/esm/lucide-react.js:144:191:
      144 │ ...default as SidebarCloseIcon } from './icons/panel-left-close.js';
          ╵                                       ~~~~~~~~~~~~~~~~~~~~~~~~~~~~~

X [ERROR] Could not resolve "./isSet.js"

    node_modules/lodash-es/lodash.js:148:33:
      148 │ export { default as isSet } from './isSet.js';
          ╵                                  ~~~~~~~~~~~~

X [ERROR] Could not resolve "./icons/panel-left-dashed.js"

    node_modules/lucide-react/dist/esm/lucide-react.js:145:209:
      145 │ ...t as PanelLeftInactiveIcon } from './icons/panel-left-dashed.js';
          ╵                                      ~~~~~~~~~~~~~~~~~~~~~~~~~~~~~~

X [ERROR] Could not resolve "./isString.js"

    node_modules/lodash-es/lodash.js:149:36:
      149 │ export { default as isString } from './isString.js';
          ╵                                     ~~~~~~~~~~~~~~~

X [ERROR] Could not resolve "./isSymbol.js"

    node_modules/lodash-es/lodash.js:150:36:
      150 │ export { default as isSymbol } from './isSymbol.js';
          ╵                                     ~~~~~~~~~~~~~~~

X [ERROR] Could not resolve "./icons/panel-left-open.js"

    node_modules/lucide-react/dist/esm/lucide-react.js:146:185:
      146 │ ..., default as SidebarOpenIcon } from './icons/panel-left-open.js';
          ╵                                        ~~~~~~~~~~~~~~~~~~~~~~~~~~~~

X [ERROR] Could not resolve "./isTypedArray.js"

    node_modules/lodash-es/lodash.js:151:40:
      151 │ export { default as isTypedArray } from './isTypedArray.js';
          ╵                                         ~~~~~~~~~~~~~~~~~~~

X [ERROR] Could not resolve "./icons/panel-left.js"

    node_modules/lucide-react/dist/esm/lucide-react.js:147:161:
      147 │ ...s Sidebar, default as SidebarIcon } from './icons/panel-left.js';
          ╵                                             ~~~~~~~~~~~~~~~~~~~~~~~

X [ERROR] Could not resolve "./isUndefined.js"

    node_modules/lodash-es/lodash.js:152:39:
      152 │ export { default as isUndefined } from './isUndefined.js';
          ╵                                        ~~~~~~~~~~~~~~~~~~

X [ERROR] Could not resolve "./icons/panel-right-dashed.js"

    node_modules/lucide-react/dist/esm/lucide-react.js:148:215:
      148 │ ...as PanelRightInactiveIcon } from './icons/panel-right-dashed.js';
          ╵                                     ~~~~~~~~~~~~~~~~~~~~~~~~~~~~~~~

X [ERROR] Could not resolve "./isWeakMap.js"

    node_modules/lodash-es/lodash.js:153:37:
      153 │ export { default as isWeakMap } from './isWeakMap.js';
          ╵                                      ~~~~~~~~~~~~~~~~

X [ERROR] Could not resolve "./icons/panel-top-dashed.js"

    node_modules/lucide-react/dist/esm/lucide-react.js:149:203:
      149 │ ...ult as PanelTopInactiveIcon } from './icons/panel-top-dashed.js';
          ╵                                       ~~~~~~~~~~~~~~~~~~~~~~~~~~~~~

X [ERROR] Could not resolve "./isWeakSet.js"

    node_modules/lodash-es/lodash.js:154:37:
      154 │ export { default as isWeakSet } from './isWeakSet.js';
          ╵                                      ~~~~~~~~~~~~~~~~

X [ERROR] Could not resolve "./icons/panels-top-left.js"

    node_modules/lucide-react/dist/esm/lucide-react.js:150:170:
      150 │ ...default as PanelsTopLeftIcon } from './icons/panels-top-left.js';
          ╵                                        ~~~~~~~~~~~~~~~~~~~~~~~~~~~~

X [ERROR] Could not resolve "./iteratee.js"

    node_modules/lodash-es/lodash.js:155:36:
      155 │ export { default as iteratee } from './iteratee.js';
          ╵                                     ~~~~~~~~~~~~~~~

X [ERROR] Could not resolve "./icons/pen-line.js"

    node_modules/lucide-react/dist/esm/lucide-react.js:151:149:
      151 │ ... as PenLine, default as PenLineIcon } from './icons/pen-line.js';
          ╵                                               ~~~~~~~~~~~~~~~~~~~~~

X [ERROR] Could not resolve "./join.js"

    node_modules/lodash-es/lodash.js:156:32:
      156 │ export { default as join } from './join.js';
          ╵                                 ~~~~~~~~~~~

X [ERROR] Could not resolve "./icons/pen.js"

    node_modules/lucide-react/dist/esm/lucide-react.js:152:137:
      152 │ ...ePen, default as Pen, default as PenIcon } from './icons/pen.js';
          ╵                                                    ~~~~~~~~~~~~~~~~

X [ERROR] Could not resolve "./kebabCase.js"

    node_modules/lodash-es/lodash.js:157:37:
      157 │ export { default as kebabCase } from './kebabCase.js';
          ╵                                      ~~~~~~~~~~~~~~~~

X [ERROR] Could not resolve "./icons/plug-zap.js"

    node_modules/lucide-react/dist/esm/lucide-react.js:153:158:
      153 │ ...lugZap2Icon, default as PlugZapIcon } from './icons/plug-zap.js';
          ╵                                               ~~~~~~~~~~~~~~~~~~~~~

X [ERROR] Could not resolve "./keyBy.js"

    node_modules/lodash-es/lodash.js:158:33:
      158 │ export { default as keyBy } from './keyBy.js';
          ╵                                  ~~~~~~~~~~~~

X [ERROR] Could not resolve "./icons/rectangle-ellipsis.js"

    node_modules/lucide-react/dist/esm/lucide-react.js:154:191:
      154 │ ... as RectangleEllipsisIcon } from './icons/rectangle-ellipsis.js';
          ╵                                     ~~~~~~~~~~~~~~~~~~~~~~~~~~~~~~~

X [ERROR] Could not resolve "./keys.js"

    node_modules/lodash-es/lodash.js:159:32:
      159 │ export { default as keys } from './keys.js';
          ╵                                 ~~~~~~~~~~~

X [ERROR] Could not resolve "./icons/rotate-3d.js"

    node_modules/lucide-react/dist/esm/lucide-react.js:155:161:
      155 │ ... Rotate3d, default as Rotate3dIcon } from './icons/rotate-3d.js';
          ╵                                              ~~~~~~~~~~~~~~~~~~~~~~

X [ERROR] Could not resolve "./keysIn.js"

    node_modules/lodash-es/lodash.js:160:34:
      160 │ export { default as keysIn } from './keysIn.js';
          ╵                                   ~~~~~~~~~~~~~

X [ERROR] Could not resolve "./icons/rows-2.js"

    node_modules/lucide-react/dist/esm/lucide-react.js:156:140:
      156 │ ...ult as Rows2Icon, default as RowsIcon } from './icons/rows-2.js';
          ╵                                                 ~~~~~~~~~~~~~~~~~~~

X [ERROR] Could not resolve "./last.js"

    node_modules/lodash-es/lodash.js:161:32:
      161 │ export { default as last } from './last.js';
          ╵                                 ~~~~~~~~~~~

X [ERROR] Could not resolve "./icons/rows-3.js"

    node_modules/lucide-react/dist/esm/lucide-react.js:157:173:
      157 │ ...efault as Rows3, default as Rows3Icon } from './icons/rows-3.js';
          ╵                                                 ~~~~~~~~~~~~~~~~~~~

X [ERROR] Could not resolve "./lastIndexOf.js"

    node_modules/lodash-es/lodash.js:162:39:
      162 │ export { default as lastIndexOf } from './lastIndexOf.js';
          ╵                                        ~~~~~~~~~~~~~~~~~~

X [ERROR] Could not resolve "./icons/scale-3d.js"

    node_modules/lucide-react/dist/esm/lucide-react.js:158:155:
      158 │ ... as Scale3d, default as Scale3dIcon } from './icons/scale-3d.js';
          ╵                                               ~~~~~~~~~~~~~~~~~~~~~

X [ERROR] Could not resolve "./wrapperLodash.js"

    node_modules/lodash-es/lodash.js:163:34:
      163 │ export { default as lodash } from './wrapperLodash.js';
          ╵                                   ~~~~~~~~~~~~~~~~~~~~

X [ERROR] Could not resolve "./icons/send-horizontal.js"

    node_modules/lucide-react/dist/esm/lucide-react.js:159:194:
      159 │ ...efault as SendHorizontalIcon } from './icons/send-horizontal.js';
          ╵                                        ~~~~~~~~~~~~~~~~~~~~~~~~~~~~

X [ERROR] Could not resolve "./lowerCase.js"

    node_modules/lodash-es/lodash.js:164:37:
      164 │ export { default as lowerCase } from './lowerCase.js';
          ╵                                      ~~~~~~~~~~~~~~~~

X [ERROR] Could not resolve "./icons/shield-question-mark.js"

    node_modules/lucide-react/dist/esm/lucide-react.js:160:209:
      160 │ ... ShieldQuestionMarkIcon } from './icons/shield-question-mark.js';
          ╵                                   ~~~~~~~~~~~~~~~~~~~~~~~~~~~~~~~~~

X [ERROR] Could not resolve "./lowerFirst.js"

    node_modules/lodash-es/lodash.js:165:38:
      165 │ export { default as lowerFirst } from './lowerFirst.js';
          ╵                                       ~~~~~~~~~~~~~~~~~

X [ERROR] Could not resolve "./icons/shield-x.js"

    node_modules/lucide-react/dist/esm/lucide-react.js:161:167:
      161 │ ... as ShieldX, default as ShieldXIcon } from './icons/shield-x.js';
          ╵                                               ~~~~~~~~~~~~~~~~~~~~~

X [ERROR] Could not resolve "./lt.js"

    node_modules/lodash-es/lodash.js:166:30:
      166 │ export { default as lt } from './lt.js';
          ╵                               ~~~~~~~~~

X [ERROR] Could not resolve "./icons/sliders-vertical.js"

    node_modules/lucide-react/dist/esm/lucide-react.js:162:179:
      162 │ ...ault as SlidersVerticalIcon } from './icons/sliders-vertical.js';
          ╵                                       ~~~~~~~~~~~~~~~~~~~~~~~~~~~~~

X [ERROR] Could not resolve "./lte.js"

    node_modules/lodash-es/lodash.js:167:31:
      167 │ export { default as lte } from './lte.js';
          ╵                                ~~~~~~~~~~

X [ERROR] Could not resolve "./icons/sparkles.js"

    node_modules/lucide-react/dist/esm/lucide-react.js:163:152:
      163 │ ...ault as Stars, default as StarsIcon } from './icons/sparkles.js';
          ╵                                               ~~~~~~~~~~~~~~~~~~~~~

X [ERROR] Could not resolve "./map.js"

    node_modules/lodash-es/lodash.js:168:31:
      168 │ export { default as map } from './map.js';
          ╵                                ~~~~~~~~~~

X [ERROR] Could not resolve "./icons/square-activity.js"

    node_modules/lucide-react/dist/esm/lucide-react.js:164:197:
      164 │ ...efault as SquareActivityIcon } from './icons/square-activity.js';
          ╵                                        ~~~~~~~~~~~~~~~~~~~~~~~~~~~~

X [ERROR] Could not resolve "./mapKeys.js"

    node_modules/lodash-es/lodash.js:169:35:
      169 │ export { default as mapKeys } from './mapKeys.js';
          ╵                                    ~~~~~~~~~~~~~~

X [ERROR] Could not resolve "./icons/square-arrow-down-left.js"

    node_modules/lucide-react/dist/esm/lucide-react.js:165:227:
      165 │ ...uareArrowDownLeftIcon } from './icons/square-arrow-down-left.js';
          ╵                                 ~~~~~~~~~~~~~~~~~~~~~~~~~~~~~~~~~~~

X [ERROR] Could not resolve "./mapValues.js"

    node_modules/lodash-es/lodash.js:170:37:
      170 │ export { default as mapValues } from './mapValues.js';
          ╵                                      ~~~~~~~~~~~~~~~~

X [ERROR] Could not resolve "./icons/square-arrow-down-right.js"

    node_modules/lucide-react/dist/esm/lucide-react.js:166:233:
      166 │ ...reArrowDownRightIcon } from './icons/square-arrow-down-right.js';
          ╵                                ~~~~~~~~~~~~~~~~~~~~~~~~~~~~~~~~~~~~

X [ERROR] Could not resolve "./matches.js"

    node_modules/lodash-es/lodash.js:171:35:
      171 │ export { default as matches } from './matches.js';
          ╵                                    ~~~~~~~~~~~~~~

X [ERROR] Could not resolve "./icons/square-arrow-down.js"

    node_modules/lucide-react/dist/esm/lucide-react.js:167:203:
      167 │ ...ult as SquareArrowDownIcon } from './icons/square-arrow-down.js';
          ╵                                      ~~~~~~~~~~~~~~~~~~~~~~~~~~~~~~

X [ERROR] Could not resolve "./matchesProperty.js"

    node_modules/lodash-es/lodash.js:172:43:
      172 │ export { default as matchesProperty } from './matchesProperty.js';
          ╵                                            ~~~~~~~~~~~~~~~~~~~~~~

X [ERROR] Could not resolve "./icons/square-arrow-left.js"

    node_modules/lucide-react/dist/esm/lucide-react.js:168:203:
      168 │ ...ult as SquareArrowLeftIcon } from './icons/square-arrow-left.js';
          ╵                                      ~~~~~~~~~~~~~~~~~~~~~~~~~~~~~~

X [ERROR] Could not resolve "./max.js"

    node_modules/lodash-es/lodash.js:173:31:
      173 │ export { default as max } from './max.js';
          ╵                                ~~~~~~~~~~

X [ERROR] Could not resolve "./icons/square-arrow-out-down-left.js"

    node_modules/lucide-react/dist/esm/lucide-react.js:169:248:
      169 │ ...owOutDownLeftIcon } from './icons/square-arrow-out-down-left.js';
          ╵                             ~~~~~~~~~~~~~~~~~~~~~~~~~~~~~~~~~~~~~~~

X [ERROR] Could not resolve "./maxBy.js"

    node_modules/lodash-es/lodash.js:174:33:
      174 │ export { default as maxBy } from './maxBy.js';
          ╵                                  ~~~~~~~~~~~~

X [ERROR] Could not resolve "./icons/square-arrow-out-down-right.js"

    node_modules/lucide-react/dist/esm/lucide-react.js:170:254:
      170 │ ...OutDownRightIcon } from './icons/square-arrow-out-down-right.js';
          ╵                            ~~~~~~~~~~~~~~~~~~~~~~~~~~~~~~~~~~~~~~~~

X [ERROR] Could not resolve "./mean.js"

    node_modules/lodash-es/lodash.js:175:32:
      175 │ export { default as mean } from './mean.js';
          ╵                                 ~~~~~~~~~~~

X [ERROR] Could not resolve "./icons/square-arrow-out-up-left.js"

    node_modules/lucide-react/dist/esm/lucide-react.js:171:236:
      171 │ ...eArrowOutUpLeftIcon } from './icons/square-arrow-out-up-left.js';
          ╵                               ~~~~~~~~~~~~~~~~~~~~~~~~~~~~~~~~~~~~~

X [ERROR] Could not resolve "./meanBy.js"

    node_modules/lodash-es/lodash.js:176:34:
      176 │ export { default as meanBy } from './meanBy.js';
          ╵                                   ~~~~~~~~~~~~~

X [ERROR] Could not resolve "./icons/square-arrow-out-up-right.js"

    node_modules/lucide-react/dist/esm/lucide-react.js:172:242:
      172 │ ...rrowOutUpRightIcon } from './icons/square-arrow-out-up-right.js';
          ╵                              ~~~~~~~~~~~~~~~~~~~~~~~~~~~~~~~~~~~~~~

X [ERROR] Could not resolve "./memoize.js"

    node_modules/lodash-es/lodash.js:177:35:
      177 │ export { default as memoize } from './memoize.js';
          ╵                                    ~~~~~~~~~~~~~~

X [ERROR] Could not resolve "./icons/square-arrow-right.js"

    node_modules/lucide-react/dist/esm/lucide-react.js:173:209:
      173 │ ...t as SquareArrowRightIcon } from './icons/square-arrow-right.js';
          ╵                                     ~~~~~~~~~~~~~~~~~~~~~~~~~~~~~~~

X [ERROR] Could not resolve "./merge.js"

    node_modules/lodash-es/lodash.js:178:33:
      178 │ export { default as merge } from './merge.js';
          ╵                                  ~~~~~~~~~~~~

X [ERROR] Could not resolve "./icons/square-arrow-up-left.js"

    node_modules/lucide-react/dist/esm/lucide-react.js:174:215:
      174 │ ...s SquareArrowUpLeftIcon } from './icons/square-arrow-up-left.js';
          ╵                                   ~~~~~~~~~~~~~~~~~~~~~~~~~~~~~~~~~

X [ERROR] Could not resolve "./mergeWith.js"

    node_modules/lodash-es/lodash.js:179:37:
      179 │ export { default as mergeWith } from './mergeWith.js';
          ╵                                      ~~~~~~~~~~~~~~~~

X [ERROR] Could not resolve "./icons/square-arrow-up.js"

    node_modules/lucide-react/dist/esm/lucide-react.js:175:191:
      175 │ ...default as SquareArrowUpIcon } from './icons/square-arrow-up.js';
          ╵                                        ~~~~~~~~~~~~~~~~~~~~~~~~~~~~

X [ERROR] Could not resolve "./method.js"

    node_modules/lodash-es/lodash.js:180:34:
      180 │ export { default as method } from './method.js';
          ╵                                   ~~~~~~~~~~~~~

X [ERROR] Could not resolve "./icons/square-arrow-up-right.js"

    node_modules/lucide-react/dist/esm/lucide-react.js:176:221:
      176 │ ...SquareArrowUpRightIcon } from './icons/square-arrow-up-right.js';
          ╵                                  ~~~~~~~~~~~~~~~~~~~~~~~~~~~~~~~~~~

X [ERROR] Could not resolve "./methodOf.js"

    node_modules/lodash-es/lodash.js:181:36:
      181 │ export { default as methodOf } from './methodOf.js';
          ╵                                     ~~~~~~~~~~~~~~~

X [ERROR] Could not resolve "./icons/square-asterisk.js"

    node_modules/lucide-react/dist/esm/lucide-react.js:177:197:
      177 │ ...efault as SquareAsteriskIcon } from './icons/square-asterisk.js';
          ╵                                        ~~~~~~~~~~~~~~~~~~~~~~~~~~~~

X [ERROR] Could not resolve "./min.js"

    node_modules/lodash-es/lodash.js:182:31:
      182 │ export { default as min } from './min.js';
          ╵                                ~~~~~~~~~~

X [ERROR] Could not resolve "./icons/square-bottom-dashed-scissors.js"

    node_modules/lucide-react/dist/esm/lucide-react.js:178:269:
      178 │ ...edScissorsIcon } from './icons/square-bottom-dashed-scissors.js';
          ╵                          ~~~~~~~~~~~~~~~~~~~~~~~~~~~~~~~~~~~~~~~~~~

X [ERROR] Could not resolve "./minBy.js"

    node_modules/lodash-es/lodash.js:183:33:
      183 │ export { default as minBy } from './minBy.js';
          ╵                                  ~~~~~~~~~~~~

X [ERROR] Could not resolve "./icons/square-centerline-dashed-vertical.js"

    node_modules/lucide-react/dist/esm/lucide-react.js:179:239:
      179 │ ...rticalIcon } from './icons/square-centerline-dashed-vertical.js';
          ╵                      ~~~~~~~~~~~~~~~~~~~~~~~~~~~~~~~~~~~~~~~~~~~~~~

X [ERROR] Could not resolve "./mixin.js"

    node_modules/lodash-es/lodash.js:184:33:
      184 │ export { default as mixin } from './mixin.js';
          ╵                                  ~~~~~~~~~~~~

X [ERROR] Could not resolve "./icons/square-centerline-dashed-horizontal.js"

    node_modules/lucide-react/dist/esm/lucide-react.js:180:251:
      180 │ ...ntalIcon } from './icons/square-centerline-dashed-horizontal.js';
          ╵                    ~~~~~~~~~~~~~~~~~~~~~~~~~~~~~~~~~~~~~~~~~~~~~~~~

X [ERROR] Could not resolve "./multiply.js"

    node_modules/lodash-es/lodash.js:185:36:
      185 │ export { default as multiply } from './multiply.js';
          ╵                                     ~~~~~~~~~~~~~~~

X [ERROR] Could not resolve "./icons/square-chart-gantt.js"

    node_modules/lucide-react/dist/esm/lucide-react.js:181:306:
      181 │ ...t as SquareGanttChartIcon } from './icons/square-chart-gantt.js';
          ╵                                     ~~~~~~~~~~~~~~~~~~~~~~~~~~~~~~~

X [ERROR] Could not resolve "./negate.js"

    node_modules/lodash-es/lodash.js:186:34:
      186 │ export { default as negate } from './negate.js';
          ╵                                   ~~~~~~~~~~~~~

X [ERROR] Could not resolve "./icons/square-check-big.js"

    node_modules/lucide-react/dist/esm/lucide-react.js:182:188:
      182 │ ...fault as SquareCheckBigIcon } from './icons/square-check-big.js';
          ╵                                       ~~~~~~~~~~~~~~~~~~~~~~~~~~~~~

X [ERROR] Could not resolve "./next.js"

    node_modules/lodash-es/lodash.js:187:32:
      187 │ export { default as next } from './next.js';
          ╵                                 ~~~~~~~~~~~

X [ERROR] Could not resolve "./icons/square-check.js"

    node_modules/lucide-react/dist/esm/lucide-react.js:183:182:
      183 │ ...eck, default as SquareCheckIcon } from './icons/square-check.js';
          ╵                                           ~~~~~~~~~~~~~~~~~~~~~~~~~

X [ERROR] Could not resolve "./noop.js"

    node_modules/lodash-es/lodash.js:188:32:
      188 │ export { default as noop } from './noop.js';
          ╵                                 ~~~~~~~~~~~

X [ERROR] Could not resolve "./icons/square-chevron-down.js"

    node_modules/lucide-react/dist/esm/lucide-react.js:184:215:
      184 │ ...as SquareChevronDownIcon } from './icons/square-chevron-down.js';
          ╵                                    ~~~~~~~~~~~~~~~~~~~~~~~~~~~~~~~~

X [ERROR] Could not resolve "./now.js"

    node_modules/lodash-es/lodash.js:189:31:
      189 │ export { default as now } from './now.js';
          ╵                                ~~~~~~~~~~

X [ERROR] Could not resolve "./icons/square-chevron-left.js"

    node_modules/lucide-react/dist/esm/lucide-react.js:185:215:
      185 │ ...as SquareChevronLeftIcon } from './icons/square-chevron-left.js';
          ╵                                    ~~~~~~~~~~~~~~~~~~~~~~~~~~~~~~~~

X [ERROR] Could not resolve "./nth.js"

    node_modules/lodash-es/lodash.js:190:31:
      190 │ export { default as nth } from './nth.js';
          ╵                                ~~~~~~~~~~

X [ERROR] Could not resolve "./icons/square-chevron-right.js"

    node_modules/lucide-react/dist/esm/lucide-react.js:186:221:
      186 │ ... SquareChevronRightIcon } from './icons/square-chevron-right.js';
          ╵                                   ~~~~~~~~~~~~~~~~~~~~~~~~~~~~~~~~~

X [ERROR] Could not resolve "./nthArg.js"

    node_modules/lodash-es/lodash.js:191:34:
      191 │ export { default as nthArg } from './nthArg.js';
          ╵                                   ~~~~~~~~~~~~~

X [ERROR] Could not resolve "./icons/square-chevron-up.js"

    node_modules/lucide-react/dist/esm/lucide-react.js:187:203:
      187 │ ...ult as SquareChevronUpIcon } from './icons/square-chevron-up.js';
          ╵                                      ~~~~~~~~~~~~~~~~~~~~~~~~~~~~~~

X [ERROR] Could not resolve "./omit.js"

    node_modules/lodash-es/lodash.js:192:32:
      192 │ export { default as omit } from './omit.js';
          ╵                                 ~~~~~~~~~~~

X [ERROR] Could not resolve "./icons/square-code.js"

    node_modules/lucide-react/dist/esm/lucide-react.js:188:173:
      188 │ ...eCode, default as SquareCodeIcon } from './icons/square-code.js';
          ╵                                            ~~~~~~~~~~~~~~~~~~~~~~~~

X [ERROR] Could not resolve "./omitBy.js"

    node_modules/lodash-es/lodash.js:193:34:
      193 │ export { default as omitBy } from './omitBy.js';
          ╵                                   ~~~~~~~~~~~~~

X [ERROR] Could not resolve "./icons/square-dashed-kanban.js"

    node_modules/lucide-react/dist/esm/lucide-react.js:189:221:
      189 │ ... SquareDashedKanbanIcon } from './icons/square-dashed-kanban.js';
          ╵                                   ~~~~~~~~~~~~~~~~~~~~~~~~~~~~~~~~~

X [ERROR] Could not resolve "./once.js"

    node_modules/lodash-es/lodash.js:194:32:
      194 │ export { default as once } from './once.js';
          ╵                                 ~~~~~~~~~~~

X [ERROR] Could not resolve "./icons/square-dashed-mouse-pointer.js"

    node_modules/lucide-react/dist/esm/lucide-react.js:190:257:
      190 │ ...MousePointerIcon } from './icons/square-dashed-mouse-pointer.js';
          ╵                            ~~~~~~~~~~~~~~~~~~~~~~~~~~~~~~~~~~~~~~~~

X [ERROR] Could not resolve "./orderBy.js"

    node_modules/lodash-es/lodash.js:195:35:
      195 │ export { default as orderBy } from './orderBy.js';
          ╵                                    ~~~~~~~~~~~~~~

X [ERROR] Could not resolve "./icons/square-dashed.js"

    node_modules/lucide-react/dist/esm/lucide-react.js:191:176:
      191 │ ...d, default as SquareDashedIcon } from './icons/square-dashed.js';
          ╵                                          ~~~~~~~~~~~~~~~~~~~~~~~~~~

X [ERROR] Could not resolve "./over.js"

    node_modules/lodash-es/lodash.js:196:32:
      196 │ export { default as over } from './over.js';
          ╵                                 ~~~~~~~~~~~

X [ERROR] Could not resolve "./icons/square-divide.js"

    node_modules/lucide-react/dist/esm/lucide-react.js:192:185:
      192 │ ...e, default as SquareDivideIcon } from './icons/square-divide.js';
          ╵                                          ~~~~~~~~~~~~~~~~~~~~~~~~~~

X [ERROR] Could not resolve "./overArgs.js"

    node_modules/lodash-es/lodash.js:197:36:
      197 │ export { default as overArgs } from './overArgs.js';
          ╵                                     ~~~~~~~~~~~~~~~

X [ERROR] Could not resolve "./overEvery.js"

    node_modules/lodash-es/lodash.js:198:37:
      198 │ export { default as overEvery } from './overEvery.js';
          ╵                                      ~~~~~~~~~~~~~~~~

X [ERROR] Could not resolve "./icons/square-dot.js"

    node_modules/lucide-react/dist/esm/lucide-react.js:193:167:
      193 │ ...uareDot, default as SquareDotIcon } from './icons/square-dot.js';
          ╵                                             ~~~~~~~~~~~~~~~~~~~~~~~

X [ERROR] Could not resolve "./overSome.js"

    node_modules/lodash-es/lodash.js:199:36:
      199 │ export { default as overSome } from './overSome.js';
          ╵                                     ~~~~~~~~~~~~~~~

X [ERROR] Could not resolve "./icons/square-equal.js"

    node_modules/lucide-react/dist/esm/lucide-react.js:194:179:
      194 │ ...ual, default as SquareEqualIcon } from './icons/square-equal.js';
          ╵                                           ~~~~~~~~~~~~~~~~~~~~~~~~~

X [ERROR] Could not resolve "./pad.js"

    node_modules/lodash-es/lodash.js:200:31:
      200 │ export { default as pad } from './pad.js';
          ╵                                ~~~~~~~~~~

X [ERROR] Could not resolve "./icons/square-function.js"

    node_modules/lucide-react/dist/esm/lucide-react.js:195:197:
      195 │ ...efault as SquareFunctionIcon } from './icons/square-function.js';
          ╵                                        ~~~~~~~~~~~~~~~~~~~~~~~~~~~~

X [ERROR] Could not resolve "./padEnd.js"

    node_modules/lodash-es/lodash.js:201:34:
      201 │ export { default as padEnd } from './padEnd.js';
          ╵                                   ~~~~~~~~~~~~~

X [ERROR] Could not resolve "./icons/square-kanban.js"

    node_modules/lucide-react/dist/esm/lucide-react.js:196:185:
      196 │ ...n, default as SquareKanbanIcon } from './icons/square-kanban.js';
          ╵                                          ~~~~~~~~~~~~~~~~~~~~~~~~~~

X [ERROR] Could not resolve "./padStart.js"

    node_modules/lodash-es/lodash.js:202:36:
      202 │ export { default as padStart } from './padStart.js';
          ╵                                     ~~~~~~~~~~~~~~~

X [ERROR] Could not resolve "./icons/square-library.js"

    node_modules/lucide-react/dist/esm/lucide-react.js:197:191:
      197 │ ... default as SquareLibraryIcon } from './icons/square-library.js';
          ╵                                         ~~~~~~~~~~~~~~~~~~~~~~~~~~~

X [ERROR] Could not resolve "./parseInt.js"

    node_modules/lodash-es/lodash.js:203:36:
      203 │ export { default as parseInt } from './parseInt.js';
          ╵                                     ~~~~~~~~~~~~~~~

X [ERROR] Could not resolve "./icons/square-m.js"

    node_modules/lucide-react/dist/esm/lucide-react.js:198:155:
      198 │ ... as SquareM, default as SquareMIcon } from './icons/square-m.js';
          ╵                                               ~~~~~~~~~~~~~~~~~~~~~

X [ERROR] Could not resolve "./partial.js"

    node_modules/lodash-es/lodash.js:204:35:
      204 │ export { default as partial } from './partial.js';
          ╵                                    ~~~~~~~~~~~~~~

X [ERROR] Could not resolve "./icons/square-menu.js"

    node_modules/lucide-react/dist/esm/lucide-react.js:199:173:
      199 │ ...eMenu, default as SquareMenuIcon } from './icons/square-menu.js';
          ╵                                            ~~~~~~~~~~~~~~~~~~~~~~~~

X [ERROR] Could not resolve "./partialRight.js"

    node_modules/lodash-es/lodash.js:205:40:
      205 │ export { default as partialRight } from './partialRight.js';
          ╵                                         ~~~~~~~~~~~~~~~~~~~

X [ERROR] Could not resolve "./icons/square-minus.js"

    node_modules/lucide-react/dist/esm/lucide-react.js:200:179:
      200 │ ...nus, default as SquareMinusIcon } from './icons/square-minus.js';
          ╵                                           ~~~~~~~~~~~~~~~~~~~~~~~~~

X [ERROR] Could not resolve "./partition.js"

    node_modules/lodash-es/lodash.js:206:37:
      206 │ export { default as partition } from './partition.js';
          ╵                                      ~~~~~~~~~~~~~~~~

X [ERROR] Could not resolve "./icons/square-mouse-pointer.js"

    node_modules/lucide-react/dist/esm/lucide-react.js:201:188:
      201 │ ... SquareMousePointerIcon } from './icons/square-mouse-pointer.js';
          ╵                                   ~~~~~~~~~~~~~~~~~~~~~~~~~~~~~~~~~

X [ERROR] Could not resolve "./pick.js"

    node_modules/lodash-es/lodash.js:207:32:
      207 │ export { default as pick } from './pick.js';
          ╵                                 ~~~~~~~~~~~

X [ERROR] Could not resolve "./icons/square-parking-off.js"

    node_modules/lucide-react/dist/esm/lucide-react.js:202:209:
      202 │ ...t as SquareParkingOffIcon } from './icons/square-parking-off.js';
          ╵                                     ~~~~~~~~~~~~~~~~~~~~~~~~~~~~~~~

X [ERROR] Could not resolve "./pickBy.js"

    node_modules/lodash-es/lodash.js:208:34:
      208 │ export { default as pickBy } from './pickBy.js';
          ╵                                   ~~~~~~~~~~~~~

X [ERROR] Could not resolve "./icons/square-parking.js"

    node_modules/lucide-react/dist/esm/lucide-react.js:203:191:
      203 │ ... default as SquareParkingIcon } from './icons/square-parking.js';
          ╵                                         ~~~~~~~~~~~~~~~~~~~~~~~~~~~

X [ERROR] Could not resolve "./plant.js"

    node_modules/lodash-es/lodash.js:209:33:
      209 │ export { default as plant } from './plant.js';
          ╵                                  ~~~~~~~~~~~~

X [ERROR] Could not resolve "./property.js"

    node_modules/lodash-es/lodash.js:210:36:
      210 │ export { default as property } from './property.js';
          ╵                                     ~~~~~~~~~~~~~~~

X [ERROR] Could not resolve "./icons/square-pen.js"

    node_modules/lucide-react/dist/esm/lucide-react.js:204:295:
      204 │ ...uarePen, default as SquarePenIcon } from './icons/square-pen.js';
          ╵                                             ~~~~~~~~~~~~~~~~~~~~~~~

X [ERROR] Could not resolve "./propertyOf.js"

    node_modules/lodash-es/lodash.js:211:38:
      211 │ export { default as propertyOf } from './propertyOf.js';
          ╵                                       ~~~~~~~~~~~~~~~~~

X [ERROR] Could not resolve "./icons/square-pi.js"

    node_modules/lucide-react/dist/esm/lucide-react.js:205:161:
      205 │ ... SquarePi, default as SquarePiIcon } from './icons/square-pi.js';
          ╵                                              ~~~~~~~~~~~~~~~~~~~~~~

X [ERROR] Could not resolve "./pull.js"

    node_modules/lodash-es/lodash.js:212:32:
      212 │ export { default as pull } from './pull.js';
          ╵                                 ~~~~~~~~~~~

X [ERROR] Could not resolve "./icons/square-percent.js"

    node_modules/lucide-react/dist/esm/lucide-react.js:206:191:
      206 │ ... default as SquarePercentIcon } from './icons/square-percent.js';
          ╵                                         ~~~~~~~~~~~~~~~~~~~~~~~~~~~

X [ERROR] Could not resolve "./pullAll.js"

    node_modules/lodash-es/lodash.js:213:35:
      213 │ export { default as pullAll } from './pullAll.js';
          ╵                                    ~~~~~~~~~~~~~~

X [ERROR] Could not resolve "./icons/square-play.js"

    node_modules/lucide-react/dist/esm/lucide-react.js:207:173:
      207 │ ...ePlay, default as SquarePlayIcon } from './icons/square-play.js';
          ╵                                            ~~~~~~~~~~~~~~~~~~~~~~~~

X [ERROR] Could not resolve "./pullAllBy.js"

    node_modules/lodash-es/lodash.js:214:37:
      214 │ export { default as pullAllBy } from './pullAllBy.js';
          ╵                                      ~~~~~~~~~~~~~~~~

X [ERROR] Could not resolve "./icons/square-plus.js"

    node_modules/lucide-react/dist/esm/lucide-react.js:208:173:
      208 │ ...ePlus, default as SquarePlusIcon } from './icons/square-plus.js';
          ╵                                            ~~~~~~~~~~~~~~~~~~~~~~~~

X [ERROR] Could not resolve "./pullAllWith.js"

    node_modules/lodash-es/lodash.js:215:39:
      215 │ export { default as pullAllWith } from './pullAllWith.js';
          ╵                                        ~~~~~~~~~~~~~~~~~~

X [ERROR] Could not resolve "./icons/square-pilcrow.js"

    node_modules/lucide-react/dist/esm/lucide-react.js:209:191:
      209 │ ... default as SquarePilcrowIcon } from './icons/square-pilcrow.js';
          ╵                                         ~~~~~~~~~~~~~~~~~~~~~~~~~~~

X [ERROR] Could not resolve "./pullAt.js"

    node_modules/lodash-es/lodash.js:216:34:
      216 │ export { default as pullAt } from './pullAt.js';
          ╵                                   ~~~~~~~~~~~~~

X [ERROR] Could not resolve "./icons/square-power.js"

    node_modules/lucide-react/dist/esm/lucide-react.js:210:179:
      210 │ ...wer, default as SquarePowerIcon } from './icons/square-power.js';
          ╵                                           ~~~~~~~~~~~~~~~~~~~~~~~~~

X [ERROR] Could not resolve "./random.js"

    node_modules/lodash-es/lodash.js:217:34:
      217 │ export { default as random } from './random.js';
          ╵                                   ~~~~~~~~~~~~~

X [ERROR] Could not resolve "./icons/square-scissors.js"

    node_modules/lucide-react/dist/esm/lucide-react.js:211:197:
      211 │ ...efault as SquareScissorsIcon } from './icons/square-scissors.js';
          ╵                                        ~~~~~~~~~~~~~~~~~~~~~~~~~~~~

X [ERROR] Could not resolve "./range.js"

    node_modules/lodash-es/lodash.js:218:33:
      218 │ export { default as range } from './range.js';
          ╵                                  ~~~~~~~~~~~~

X [ERROR] Could not resolve "./icons/square-sigma.js"

    node_modules/lucide-react/dist/esm/lucide-react.js:212:179:
      212 │ ...gma, default as SquareSigmaIcon } from './icons/square-sigma.js';
          ╵                                           ~~~~~~~~~~~~~~~~~~~~~~~~~

X [ERROR] Could not resolve "./rangeRight.js"

    node_modules/lodash-es/lodash.js:219:38:
      219 │ export { default as rangeRight } from './rangeRight.js';
          ╵                                       ~~~~~~~~~~~~~~~~~

X [ERROR] Could not resolve "./icons/square-slash.js"

    node_modules/lucide-react/dist/esm/lucide-react.js:213:179:
      213 │ ...ash, default as SquareSlashIcon } from './icons/square-slash.js';
          ╵                                           ~~~~~~~~~~~~~~~~~~~~~~~~~

X [ERROR] Could not resolve "./rearg.js"

    node_modules/lodash-es/lodash.js:220:33:
      220 │ export { default as rearg } from './rearg.js';
          ╵                                  ~~~~~~~~~~~~

X [ERROR] Could not resolve "./icons/square-split-vertical.js"

    node_modules/lucide-react/dist/esm/lucide-react.js:214:227:
      214 │ ...quareSplitVerticalIcon } from './icons/square-split-vertical.js';
          ╵                                  ~~~~~~~~~~~~~~~~~~~~~~~~~~~~~~~~~~

X [ERROR] Could not resolve "./reduce.js"

    node_modules/lodash-es/lodash.js:221:34:
      221 │ export { default as reduce } from './reduce.js';
          ╵                                   ~~~~~~~~~~~~~

X [ERROR] Could not resolve "./icons/square-split-horizontal.js"

    node_modules/lucide-react/dist/esm/lucide-react.js:215:239:
      215 │ ...eSplitHorizontalIcon } from './icons/square-split-horizontal.js';
          ╵                                ~~~~~~~~~~~~~~~~~~~~~~~~~~~~~~~~~~~~

X [ERROR] Could not resolve "./reduceRight.js"

    node_modules/lodash-es/lodash.js:222:39:
      222 │ export { default as reduceRight } from './reduceRight.js';
          ╵                                        ~~~~~~~~~~~~~~~~~~

X [ERROR] Could not resolve "./icons/square-terminal.js"

    node_modules/lucide-react/dist/esm/lucide-react.js:216:197:
      216 │ ...efault as TerminalSquareIcon } from './icons/square-terminal.js';
          ╵                                        ~~~~~~~~~~~~~~~~~~~~~~~~~~~~

X [ERROR] Could not resolve "./reject.js"

    node_modules/lodash-es/lodash.js:223:34:
      223 │ export { default as reject } from './reject.js';
          ╵                                   ~~~~~~~~~~~~~

X [ERROR] Could not resolve "./icons/square-user-round.js"

    node_modules/lucide-react/dist/esm/lucide-react.js:217:191:
      217 │ ...default as UserSquare2Icon } from './icons/square-user-round.js';
          ╵                                      ~~~~~~~~~~~~~~~~~~~~~~~~~~~~~~

X [ERROR] Could not resolve "./remove.js"

    node_modules/lodash-es/lodash.js:224:34:
      224 │ export { default as remove } from './remove.js';
          ╵                                   ~~~~~~~~~~~~~

X [ERROR] Could not resolve "./icons/square-user.js"

    node_modules/lucide-react/dist/esm/lucide-react.js:218:173:
      218 │ ...quare, default as UserSquareIcon } from './icons/square-user.js';
          ╵                                            ~~~~~~~~~~~~~~~~~~~~~~~~

X [ERROR] Could not resolve "./repeat.js"

    node_modules/lodash-es/lodash.js:225:34:
      225 │ export { default as repeat } from './repeat.js';
          ╵                                   ~~~~~~~~~~~~~

X [ERROR] Could not resolve "./icons/square-x.js"

    node_modules/lucide-react/dist/esm/lucide-react.js:219:155:
      219 │ ... as XSquare, default as XSquareIcon } from './icons/square-x.js';
          ╵                                               ~~~~~~~~~~~~~~~~~~~~~

X [ERROR] Could not resolve "./replace.js"

    node_modules/lodash-es/lodash.js:226:35:
      226 │ export { default as replace } from './replace.js';
          ╵                                    ~~~~~~~~~~~~~~

X [ERROR] Could not resolve "./icons/test-tube-diagonal.js"

    node_modules/lucide-react/dist/esm/lucide-react.js:220:188:
      220 │ ...t as TestTubeDiagonalIcon } from './icons/test-tube-diagonal.js';
          ╵                                     ~~~~~~~~~~~~~~~~~~~~~~~~~~~~~~~

X [ERROR] Could not resolve "./rest.js"

    node_modules/lodash-es/lodash.js:227:32:
      227 │ export { default as rest } from './rest.js';
          ╵                                 ~~~~~~~~~~~

X [ERROR] Could not resolve "./icons/text-align-center.js"

    node_modules/lucide-react/dist/esm/lucide-react.js:221:191:
      221 │ ...ult as TextAlignCenterIcon } from './icons/text-align-center.js';
          ╵                                      ~~~~~~~~~~~~~~~~~~~~~~~~~~~~~~

X [ERROR] Could not resolve "./result.js"

    node_modules/lodash-es/lodash.js:228:34:
      228 │ export { default as result } from './result.js';
          ╵                                   ~~~~~~~~~~~~~

X [ERROR] Could not resolve "./icons/text-align-end.js"

    node_modules/lucide-react/dist/esm/lucide-react.js:222:179:
      222 │ ..., default as TextAlignEndIcon } from './icons/text-align-end.js';
          ╵                                         ~~~~~~~~~~~~~~~~~~~~~~~~~~~

X [ERROR] Could not resolve "./reverse.js"

    node_modules/lodash-es/lodash.js:229:35:
      229 │ export { default as reverse } from './reverse.js';
          ╵                                    ~~~~~~~~~~~~~~

X [ERROR] Could not resolve "./icons/text-align-justify.js"

    node_modules/lucide-react/dist/esm/lucide-react.js:223:197:
      223 │ ...t as TextAlignJustifyIcon } from './icons/text-align-justify.js';
          ╵                                     ~~~~~~~~~~~~~~~~~~~~~~~~~~~~~~~

X [ERROR] Could not resolve "./round.js"

    node_modules/lodash-es/lodash.js:230:33:
      230 │ export { default as round } from './round.js';
          ╵                                  ~~~~~~~~~~~~

X [ERROR] Could not resolve "./icons/text-align-start.js"

    node_modules/lucide-react/dist/esm/lucide-react.js:224:243:
      224 │ ...rtIcon, default as TextIcon } from './icons/text-align-start.js';
          ╵                                       ~~~~~~~~~~~~~~~~~~~~~~~~~~~~~

X [ERROR] Could not resolve "./sample.js"

    node_modules/lodash-es/lodash.js:231:34:
      231 │ export { default as sample } from './sample.js';
          ╵                                   ~~~~~~~~~~~~~

X [ERROR] Could not resolve "./icons/text-initial.js"

    node_modules/lucide-react/dist/esm/lucide-react.js:225:176:
      225 │ ...ial, default as TextInitialIcon } from './icons/text-initial.js';
          ╵                                           ~~~~~~~~~~~~~~~~~~~~~~~~~

X [ERROR] Could not resolve "./sampleSize.js"

    node_modules/lodash-es/lodash.js:232:38:
      232 │ export { default as sampleSize } from './sampleSize.js';
          ╵                                       ~~~~~~~~~~~~~~~~~

X [ERROR] Could not resolve "./icons/text-select.js"

    node_modules/lucide-react/dist/esm/lucide-react.js:226:182:
      226 │ ...on, default as TextSelectionIcon } from './icons/text-select.js';
          ╵                                            ~~~~~~~~~~~~~~~~~~~~~~~~

X [ERROR] Could not resolve "./set.js"

    node_modules/lodash-es/lodash.js:233:31:
      233 │ export { default as set } from './set.js';
          ╵                                ~~~~~~~~~~

X [ERROR] Could not resolve "./icons/text-wrap.js"

    node_modules/lucide-react/dist/esm/lucide-react.js:227:161:
      227 │ ... WrapText, default as WrapTextIcon } from './icons/text-wrap.js';
          ╵                                              ~~~~~~~~~~~~~~~~~~~~~~

X [ERROR] Could not resolve "./setWith.js"

    node_modules/lodash-es/lodash.js:234:35:
      234 │ export { default as setWith } from './setWith.js';
          ╵                                    ~~~~~~~~~~~~~~

X [ERROR] Could not resolve "./icons/tram-front.js"

    node_modules/lucide-react/dist/esm/lucide-react.js:228:155:
      228 │ ...amFront, default as TramFrontIcon } from './icons/tram-front.js';
          ╵                                             ~~~~~~~~~~~~~~~~~~~~~~~

X [ERROR] Could not resolve "./shuffle.js"

    node_modules/lodash-es/lodash.js:235:35:
      235 │ export { default as shuffle } from './shuffle.js';
          ╵                                    ~~~~~~~~~~~~~~

X [ERROR] Could not resolve "./icons/tree-palm.js"

    node_modules/lucide-react/dist/esm/lucide-react.js:229:161:
      229 │ ... TreePalm, default as TreePalmIcon } from './icons/tree-palm.js';
          ╵                                              ~~~~~~~~~~~~~~~~~~~~~~

X [ERROR] Could not resolve "./size.js"

    node_modules/lodash-es/lodash.js:236:32:
      236 │ export { default as size } from './size.js';
          ╵                                 ~~~~~~~~~~~

X [ERROR] Could not resolve "./slice.js"

    node_modules/lodash-es/lodash.js:237:33:
      237 │ export { default as slice } from './slice.js';
          ╵                                  ~~~~~~~~~~~~

X [ERROR] Could not resolve "./icons/triangle-alert.js"

    node_modules/lucide-react/dist/esm/lucide-react.js:230:191:
      230 │ ... default as TriangleAlertIcon } from './icons/triangle-alert.js';
          ╵                                         ~~~~~~~~~~~~~~~~~~~~~~~~~~~

X [ERROR] Could not resolve "./snakeCase.js"

    node_modules/lodash-es/lodash.js:238:37:
      238 │ export { default as snakeCase } from './snakeCase.js';
          ╵                                      ~~~~~~~~~~~~~~~~

X [ERROR] Could not resolve "./icons/tv-minimal.js"

    node_modules/lucide-react/dist/esm/lucide-react.js:231:149:
      231 │ ...Minimal, default as TvMinimalIcon } from './icons/tv-minimal.js';
          ╵                                             ~~~~~~~~~~~~~~~~~~~~~~~

X [ERROR] Could not resolve "./some.js"

    node_modules/lodash-es/lodash.js:239:32:
      239 │ export { default as some } from './some.js';
          ╵                                 ~~~~~~~~~~~

X [ERROR] Could not resolve "./icons/university.js"

    node_modules/lucide-react/dist/esm/lucide-react.js:232:164:
      232 │ ...ersity, default as UniversityIcon } from './icons/university.js';
          ╵                                             ~~~~~~~~~~~~~~~~~~~~~~~

X [ERROR] Could not resolve "./sortBy.js"

    node_modules/lodash-es/lodash.js:240:34:
      240 │ export { default as sortBy } from './sortBy.js';
          ╵                                   ~~~~~~~~~~~~~

X [ERROR] Could not resolve "./icons/user-round-check.js"

    node_modules/lucide-react/dist/esm/lucide-react.js:233:185:
      233 │ ...fault as UserRoundCheckIcon } from './icons/user-round-check.js';
          ╵                                       ~~~~~~~~~~~~~~~~~~~~~~~~~~~~~

X [ERROR] Could not resolve "./sortedIndex.js"

    node_modules/lodash-es/lodash.js:241:39:
      241 │ export { default as sortedIndex } from './sortedIndex.js';
          ╵                                        ~~~~~~~~~~~~~~~~~~

X [ERROR] Could not resolve "./icons/user-round-cog.js"

    node_modules/lucide-react/dist/esm/lucide-react.js:234:173:
      234 │ ..., default as UserRoundCogIcon } from './icons/user-round-cog.js';
          ╵                                         ~~~~~~~~~~~~~~~~~~~~~~~~~~~

X [ERROR] Could not resolve "./sortedIndexBy.js"

    node_modules/lodash-es/lodash.js:242:41:
      242 │ export { default as sortedIndexBy } from './sortedIndexBy.js';
          ╵                                          ~~~~~~~~~~~~~~~~~~~~

X [ERROR] Could not resolve "./icons/user-round-minus.js"

    node_modules/lucide-react/dist/esm/lucide-react.js:235:185:
      235 │ ...fault as UserRoundMinusIcon } from './icons/user-round-minus.js';
          ╵                                       ~~~~~~~~~~~~~~~~~~~~~~~~~~~~~

X [ERROR] Could not resolve "./sortedIndexOf.js"

    node_modules/lodash-es/lodash.js:243:41:
      243 │ export { default as sortedIndexOf } from './sortedIndexOf.js';
          ╵                                          ~~~~~~~~~~~~~~~~~~~~

X [ERROR] Could not resolve "./icons/user-round-plus.js"

    node_modules/lucide-react/dist/esm/lucide-react.js:236:179:
      236 │ ...default as UserRoundPlusIcon } from './icons/user-round-plus.js';
          ╵                                        ~~~~~~~~~~~~~~~~~~~~~~~~~~~~

X [ERROR] Could not resolve "./sortedLastIndex.js"

    node_modules/lodash-es/lodash.js:244:43:
      244 │ export { default as sortedLastIndex } from './sortedLastIndex.js';
          ╵                                            ~~~~~~~~~~~~~~~~~~~~~~

X [ERROR] Could not resolve "./icons/user-round-x.js"

    node_modules/lucide-react/dist/esm/lucide-react.js:237:161:
      237 │ ...s UserX2, default as UserX2Icon } from './icons/user-round-x.js';
          ╵                                           ~~~~~~~~~~~~~~~~~~~~~~~~~

X [ERROR] Could not resolve "./sortedLastIndexBy.js"

    node_modules/lodash-es/lodash.js:245:45:
      245 │ ...t { default as sortedLastIndexBy } from './sortedLastIndexBy.js';
          ╵                                            ~~~~~~~~~~~~~~~~~~~~~~~~

X [ERROR] Could not resolve "./icons/user-round.js"

    node_modules/lucide-react/dist/esm/lucide-react.js:238:155:
      238 │ ...erRound, default as UserRoundIcon } from './icons/user-round.js';
          ╵                                             ~~~~~~~~~~~~~~~~~~~~~~~

X [ERROR] Could not resolve "./sortedLastIndexOf.js"

    node_modules/lodash-es/lodash.js:246:45:
      246 │ ...t { default as sortedLastIndexOf } from './sortedLastIndexOf.js';
          ╵                                            ~~~~~~~~~~~~~~~~~~~~~~~~

X [ERROR] Could not resolve "./icons/users-round.js"

    node_modules/lucide-react/dist/esm/lucide-react.js:239:161:
      239 │ ...Round, default as UsersRoundIcon } from './icons/users-round.js';
          ╵                                            ~~~~~~~~~~~~~~~~~~~~~~~~

X [ERROR] Could not resolve "./sortedUniq.js"

    node_modules/lodash-es/lodash.js:247:38:
      247 │ export { default as sortedUniq } from './sortedUniq.js';
          ╵                                       ~~~~~~~~~~~~~~~~~

X [ERROR] Could not resolve "./icons/utensils-crossed.js"

    node_modules/lucide-react/dist/esm/lucide-react.js:240:206:
      240 │ ...ault as UtensilsCrossedIcon } from './icons/utensils-crossed.js';
          ╵                                       ~~~~~~~~~~~~~~~~~~~~~~~~~~~~~

X [ERROR] Could not resolve "./sortedUniqBy.js"

    node_modules/lodash-es/lodash.js:248:40:
      248 │ export { default as sortedUniqBy } from './sortedUniqBy.js';
          ╵                                         ~~~~~~~~~~~~~~~~~~~

X [ERROR] Could not resolve "./icons/utensils.js"

    node_modules/lucide-react/dist/esm/lucide-react.js:241:164:
      241 │ ...s Utensils, default as UtensilsIcon } from './icons/utensils.js';
          ╵                                               ~~~~~~~~~~~~~~~~~~~~~

X [ERROR] Could not resolve "./split.js"

    node_modules/lodash-es/lodash.js:249:33:
      249 │ export { default as split } from './split.js';
          ╵                                  ~~~~~~~~~~~~

X [ERROR] Could not resolve "./icons/wallet-minimal.js"

    node_modules/lucide-react/dist/esm/lucide-react.js:242:173:
      242 │ ... default as WalletMinimalIcon } from './icons/wallet-minimal.js';
          ╵                                         ~~~~~~~~~~~~~~~~~~~~~~~~~~~

X [ERROR] Could not resolve "./spread.js"

    node_modules/lodash-es/lodash.js:250:34:
      250 │ export { default as spread } from './spread.js';
          ╵                                   ~~~~~~~~~~~~~

X [ERROR] Could not resolve "./icons/wand-sparkles.js"

    node_modules/lucide-react/dist/esm/lucide-react.js:243:164:
      243 │ ...s, default as WandSparklesIcon } from './icons/wand-sparkles.js';
          ╵                                          ~~~~~~~~~~~~~~~~~~~~~~~~~~

X [ERROR] Could not resolve "./startCase.js"

    node_modules/lodash-es/lodash.js:251:37:
      251 │ export { default as startCase } from './startCase.js';
          ╵                                      ~~~~~~~~~~~~~~~~

X [ERROR] Could not resolve "./icons/a-arrow-down.js"

    node_modules/lucide-react/dist/esm/lucide-react.js:244:94:
      244 │ ...on, default as LucideAArrowDown } from './icons/a-arrow-down.js';
          ╵                                           ~~~~~~~~~~~~~~~~~~~~~~~~~

X [ERROR] Could not resolve "./startsWith.js"

    node_modules/lodash-es/lodash.js:252:38:
      252 │ export { default as startsWith } from './startsWith.js';
          ╵                                       ~~~~~~~~~~~~~~~~~

X [ERROR] Could not resolve "./icons/a-arrow-up.js"

    node_modules/lucide-react/dist/esm/lucide-react.js:245:88:
      245 │ ...UpIcon, default as LucideAArrowUp } from './icons/a-arrow-up.js';
          ╵                                             ~~~~~~~~~~~~~~~~~~~~~~~

X [ERROR] Could not resolve "./stubArray.js"

    node_modules/lodash-es/lodash.js:253:37:
      253 │ export { default as stubArray } from './stubArray.js';
          ╵                                      ~~~~~~~~~~~~~~~~

X [ERROR] Could not resolve "./icons/a-large-small.js"

    node_modules/lucide-react/dist/esm/lucide-react.js:246:97:
      246 │ ..., default as LucideALargeSmall } from './icons/a-large-small.js';
          ╵                                          ~~~~~~~~~~~~~~~~~~~~~~~~~~

X [ERROR] Could not resolve "./stubFalse.js"

    node_modules/lodash-es/lodash.js:254:37:
      254 │ export { default as stubFalse } from './stubFalse.js';
          ╵                                      ~~~~~~~~~~~~~~~~

X [ERROR] Could not resolve "./icons/accessibility.js"

    node_modules/lucide-react/dist/esm/lucide-react.js:247:103:
      247 │ ...default as LucideAccessibility } from './icons/accessibility.js';
          ╵                                          ~~~~~~~~~~~~~~~~~~~~~~~~~~

X [ERROR] Could not resolve "./stubObject.js"

    node_modules/lodash-es/lodash.js:255:38:
      255 │ export { default as stubObject } from './stubObject.js';
          ╵                                       ~~~~~~~~~~~~~~~~~

X [ERROR] Could not resolve "./icons/activity.js"

    node_modules/lucide-react/dist/esm/lucide-react.js:248:88:
      248 │ ...vityIcon, default as LucideActivity } from './icons/activity.js';
          ╵                                               ~~~~~~~~~~~~~~~~~~~~~

X [ERROR] Could not resolve "./stubString.js"

    node_modules/lodash-es/lodash.js:256:38:
      256 │ export { default as stubString } from './stubString.js';
          ╵                                       ~~~~~~~~~~~~~~~~~

X [ERROR] Could not resolve "./icons/air-vent.js"

    node_modules/lucide-react/dist/esm/lucide-react.js:249:85:
      249 │ ...rVentIcon, default as LucideAirVent } from './icons/air-vent.js';
          ╵                                               ~~~~~~~~~~~~~~~~~~~~~

X [ERROR] Could not resolve "./stubTrue.js"

    node_modules/lodash-es/lodash.js:257:36:
      257 │ export { default as stubTrue } from './stubTrue.js';
          ╵                                     ~~~~~~~~~~~~~~~

X [ERROR] Could not resolve "./icons/airplay.js"

    node_modules/lucide-react/dist/esm/lucide-react.js:250:85:
      250 │ ...irplayIcon, default as LucideAirplay } from './icons/airplay.js';
          ╵                                                ~~~~~~~~~~~~~~~~~~~~

X [ERROR] Could not resolve "./subtract.js"

    node_modules/lodash-es/lodash.js:258:36:
      258 │ export { default as subtract } from './subtract.js';
          ╵                                     ~~~~~~~~~~~~~~~

X [ERROR] Could not resolve "./icons/alarm-clock-off.js"

    node_modules/lucide-react/dist/esm/lucide-react.js:251:103:
      251 │ ...fault as LucideAlarmClockOff } from './icons/alarm-clock-off.js';
          ╵                                        ~~~~~~~~~~~~~~~~~~~~~~~~~~~~

X [ERROR] Could not resolve "./sum.js"

    node_modules/lodash-es/lodash.js:259:31:
      259 │ export { default as sum } from './sum.js';
          ╵                                ~~~~~~~~~~

X [ERROR] Could not resolve "./icons/alarm-clock.js"

    node_modules/lucide-react/dist/esm/lucide-react.js:252:94:
      252 │ ...con, default as LucideAlarmClock } from './icons/alarm-clock.js';
          ╵                                            ~~~~~~~~~~~~~~~~~~~~~~~~

X [ERROR] Could not resolve "./sumBy.js"

    node_modules/lodash-es/lodash.js:260:33:
      260 │ export { default as sumBy } from './sumBy.js';
          ╵                                  ~~~~~~~~~~~~

X [ERROR] Could not resolve "./icons/alarm-smoke.js"

    node_modules/lucide-react/dist/esm/lucide-react.js:253:94:
      253 │ ...con, default as LucideAlarmSmoke } from './icons/alarm-smoke.js';
          ╵                                            ~~~~~~~~~~~~~~~~~~~~~~~~

X [ERROR] Could not resolve "./tail.js"

    node_modules/lodash-es/lodash.js:261:32:
      261 │ export { default as tail } from './tail.js';
          ╵                                 ~~~~~~~~~~~

X [ERROR] Could not resolve "./icons/album.js"

    node_modules/lucide-react/dist/esm/lucide-react.js:254:79:
      254 │ ...t as AlbumIcon, default as LucideAlbum } from './icons/album.js';
          ╵                                                  ~~~~~~~~~~~~~~~~~~

X [ERROR] Could not resolve "./take.js"

    node_modules/lodash-es/lodash.js:262:32:
      262 │ export { default as take } from './take.js';
          ╵                                 ~~~~~~~~~~~

X [ERROR] Could not resolve "./icons/align-center-horizontal.js"

    node_modules/lucide-react/dist/esm/lucide-react.js:255:127:
      255 │ ...lignCenterHorizontal } from './icons/align-center-horizontal.js';
          ╵                                ~~~~~~~~~~~~~~~~~~~~~~~~~~~~~~~~~~~~

X [ERROR] Could not resolve "./takeRight.js"

    node_modules/lodash-es/lodash.js:263:37:
      263 │ export { default as takeRight } from './takeRight.js';
          ╵                                      ~~~~~~~~~~~~~~~~

X [ERROR] Could not resolve "./icons/align-center-vertical.js"

    node_modules/lucide-react/dist/esm/lucide-react.js:256:121:
      256 │ ...ideAlignCenterVertical } from './icons/align-center-vertical.js';
          ╵                                  ~~~~~~~~~~~~~~~~~~~~~~~~~~~~~~~~~~

X [ERROR] Could not resolve "./takeRightWhile.js"

    node_modules/lodash-es/lodash.js:264:42:
      264 │ export { default as takeRightWhile } from './takeRightWhile.js';
          ╵                                           ~~~~~~~~~~~~~~~~~~~~~

X [ERROR] Could not resolve "./icons/align-end-horizontal.js"

    node_modules/lucide-react/dist/esm/lucide-react.js:257:118:
      257 │ ...ucideAlignEndHorizontal } from './icons/align-end-horizontal.js';
          ╵                                   ~~~~~~~~~~~~~~~~~~~~~~~~~~~~~~~~~

X [ERROR] Could not resolve "./takeWhile.js"

    node_modules/lodash-es/lodash.js:265:37:
      265 │ export { default as takeWhile } from './takeWhile.js';
          ╵                                      ~~~~~~~~~~~~~~~~

X [ERROR] Could not resolve "./icons/align-end-vertical.js"

    node_modules/lucide-react/dist/esm/lucide-react.js:258:112:
      258 │ ...as LucideAlignEndVertical } from './icons/align-end-vertical.js';
          ╵                                     ~~~~~~~~~~~~~~~~~~~~~~~~~~~~~~~

X [ERROR] Could not resolve "./tap.js"

    node_modules/lodash-es/lodash.js:266:31:
      266 │ export { default as tap } from './tap.js';
          ╵                                ~~~~~~~~~~

X [ERROR] Could not resolve "./icons/align-horizontal-distribute-center.js"

    node_modules/lucide-react/dist/esm/lucide-react.js:259:157:
      259 │ ...uteCenter } from './icons/align-horizontal-distribute-center.js';
          ╵                     ~~~~~~~~~~~~~~~~~~~~~~~~~~~~~~~~~~~~~~~~~~~~~~~

X [ERROR] Could not resolve "./template.js"

    node_modules/lodash-es/lodash.js:267:36:
      267 │ export { default as template } from './template.js';
          ╵                                     ~~~~~~~~~~~~~~~

X [ERROR] Could not resolve "./icons/align-horizontal-distribute-end.js"

    node_modules/lucide-react/dist/esm/lucide-react.js:260:148:
      260 │ ...istributeEnd } from './icons/align-horizontal-distribute-end.js';
          ╵                        ~~~~~~~~~~~~~~~~~~~~~~~~~~~~~~~~~~~~~~~~~~~~

X [ERROR] Could not resolve "./templateSettings.js"

    node_modules/lodash-es/lodash.js:268:44:
      268 │ export { default as templateSettings } from './templateSettings.js';
          ╵                                             ~~~~~~~~~~~~~~~~~~~~~~~

X [ERROR] Could not resolve "./icons/align-horizontal-distribute-start.js"

    node_modules/lucide-react/dist/esm/lucide-react.js:261:154:
      261 │ ...ibuteStart } from './icons/align-horizontal-distribute-start.js';
          ╵                      ~~~~~~~~~~~~~~~~~~~~~~~~~~~~~~~~~~~~~~~~~~~~~~

X [ERROR] Could not resolve "./throttle.js"

    node_modules/lodash-es/lodash.js:269:36:
      269 │ export { default as throttle } from './throttle.js';
          ╵                                     ~~~~~~~~~~~~~~~

X [ERROR] Could not resolve "./icons/align-horizontal-justify-center.js"

    node_modules/lucide-react/dist/esm/lucide-react.js:262:148:
      262 │ ...ustifyCenter } from './icons/align-horizontal-justify-center.js';
          ╵                        ~~~~~~~~~~~~~~~~~~~~~~~~~~~~~~~~~~~~~~~~~~~~

X [ERROR] Could not resolve "./thru.js"

    node_modules/lodash-es/lodash.js:270:32:
      270 │ export { default as thru } from './thru.js';
          ╵                                 ~~~~~~~~~~~

X [ERROR] Could not resolve "./icons/align-horizontal-justify-end.js"

    node_modules/lucide-react/dist/esm/lucide-react.js:263:139:
      263 │ ...ontalJustifyEnd } from './icons/align-horizontal-justify-end.js';
          ╵                           ~~~~~~~~~~~~~~~~~~~~~~~~~~~~~~~~~~~~~~~~~

X [ERROR] Could not resolve "./times.js"

    node_modules/lodash-es/lodash.js:271:33:
      271 │ export { default as times } from './times.js';
          ╵                                  ~~~~~~~~~~~~

X [ERROR] Could not resolve "./icons/align-horizontal-justify-start.js"

    node_modules/lucide-react/dist/esm/lucide-react.js:264:145:
      264 │ ...lJustifyStart } from './icons/align-horizontal-justify-start.js';
          ╵                         ~~~~~~~~~~~~~~~~~~~~~~~~~~~~~~~~~~~~~~~~~~~

X [ERROR] Could not resolve "./toArray.js"

    node_modules/lodash-es/lodash.js:272:35:
      272 │ export { default as toArray } from './toArray.js';
          ╵                                    ~~~~~~~~~~~~~~

X [ERROR] Could not resolve "./icons/align-horizontal-space-around.js"

    node_modules/lucide-react/dist/esm/lucide-react.js:265:142:
      265 │ ...talSpaceAround } from './icons/align-horizontal-space-around.js';
          ╵                          ~~~~~~~~~~~~~~~~~~~~~~~~~~~~~~~~~~~~~~~~~~

X [ERROR] Could not resolve "./toFinite.js"

    node_modules/lodash-es/lodash.js:273:36:
      273 │ export { default as toFinite } from './toFinite.js';
          ╵                                     ~~~~~~~~~~~~~~~

X [ERROR] Could not resolve "./icons/align-horizontal-space-between.js"

    node_modules/lucide-react/dist/esm/lucide-react.js:266:145:
      266 │ ...lSpaceBetween } from './icons/align-horizontal-space-between.js';
          ╵                         ~~~~~~~~~~~~~~~~~~~~~~~~~~~~~~~~~~~~~~~~~~~

X [ERROR] Could not resolve "./toInteger.js"

    node_modules/lodash-es/lodash.js:274:37:
      274 │ export { default as toInteger } from './toInteger.js';
          ╵                                      ~~~~~~~~~~~~~~~~

X [ERROR] Could not resolve "./toIterator.js"

    node_modules/lodash-es/lodash.js:275:38:
      275 │ export { default as toIterator } from './toIterator.js';
          ╵                                       ~~~~~~~~~~~~~~~~~

X [ERROR] Could not resolve "./icons/align-start-horizontal.js"

    node_modules/lucide-react/dist/esm/lucide-react.js:267:124:
      267 │ ...eAlignStartHorizontal } from './icons/align-start-horizontal.js';
          ╵                                 ~~~~~~~~~~~~~~~~~~~~~~~~~~~~~~~~~~~

X [ERROR] Could not resolve "./toJSON.js"

    node_modules/lodash-es/lodash.js:276:34:
      276 │ export { default as toJSON } from './toJSON.js';
          ╵                                   ~~~~~~~~~~~~~

X [ERROR] Could not resolve "./icons/align-start-vertical.js"

    node_modules/lucide-react/dist/esm/lucide-react.js:268:118:
      268 │ ...ucideAlignStartVertical } from './icons/align-start-vertical.js';
          ╵                                   ~~~~~~~~~~~~~~~~~~~~~~~~~~~~~~~~~

X [ERROR] Could not resolve "./toLength.js"

    node_modules/lodash-es/lodash.js:277:36:
      277 │ export { default as toLength } from './toLength.js';
          ╵                                     ~~~~~~~~~~~~~~~

X [ERROR] Could not resolve "./toLower.js"

    node_modules/lodash-es/lodash.js:278:35:
      278 │ export { default as toLower } from './toLower.js';
          ╵                                    ~~~~~~~~~~~~~~

X [ERROR] Could not resolve "./icons/align-vertical-distribute-end.js"

    node_modules/lucide-react/dist/esm/lucide-react.js:269:142:
      269 │ ...lDistributeEnd } from './icons/align-vertical-distribute-end.js';
          ╵                          ~~~~~~~~~~~~~~~~~~~~~~~~~~~~~~~~~~~~~~~~~~

X [ERROR] Could not resolve "./icons/align-vertical-distribute-center.js"

    node_modules/lucide-react/dist/esm/lucide-react.js:270:151:
      270 │ ...ibuteCenter } from './icons/align-vertical-distribute-center.js';
          ╵                       ~~~~~~~~~~~~~~~~~~~~~~~~~~~~~~~~~~~~~~~~~~~~~

X [ERROR] Could not resolve "./toNumber.js"

    node_modules/lodash-es/lodash.js:279:36:
      279 │ export { default as toNumber } from './toNumber.js';
          ╵                                     ~~~~~~~~~~~~~~~

X [ERROR] Could not resolve "./icons/align-vertical-distribute-start.js"

    node_modules/lucide-react/dist/esm/lucide-react.js:271:148:
      271 │ ...tributeStart } from './icons/align-vertical-distribute-start.js';
          ╵                        ~~~~~~~~~~~~~~~~~~~~~~~~~~~~~~~~~~~~~~~~~~~~

X [ERROR] Could not resolve "./toPairs.js"

    node_modules/lodash-es/lodash.js:280:35:
      280 │ export { default as toPairs } from './toPairs.js';
          ╵                                    ~~~~~~~~~~~~~~

X [ERROR] Could not resolve "./toPairsIn.js"

    node_modules/lodash-es/lodash.js:281:37:
      281 │ export { default as toPairsIn } from './toPairsIn.js';
          ╵                                      ~~~~~~~~~~~~~~~~

X [ERROR] Could not resolve "./icons/align-vertical-justify-center.js"

    node_modules/lucide-react/dist/esm/lucide-react.js:272:142:
      272 │ ...lJustifyCenter } from './icons/align-vertical-justify-center.js';
          ╵                          ~~~~~~~~~~~~~~~~~~~~~~~~~~~~~~~~~~~~~~~~~~

X [ERROR] Could not resolve "./toPath.js"

    node_modules/lodash-es/lodash.js:282:34:
      282 │ export { default as toPath } from './toPath.js';
          ╵                                   ~~~~~~~~~~~~~

X [ERROR] Could not resolve "./icons/align-vertical-justify-end.js"

    node_modules/lucide-react/dist/esm/lucide-react.js:273:133:
      273 │ ...erticalJustifyEnd } from './icons/align-vertical-justify-end.js';
          ╵                             ~~~~~~~~~~~~~~~~~~~~~~~~~~~~~~~~~~~~~~~

X [ERROR] Could not resolve "./icons/align-vertical-justify-start.js"

    node_modules/lucide-react/dist/esm/lucide-react.js:274:139:
      274 │ ...calJustifyStart } from './icons/align-vertical-justify-start.js';
          ╵                           ~~~~~~~~~~~~~~~~~~~~~~~~~~~~~~~~~~~~~~~~~

X [ERROR] Could not resolve "./toPlainObject.js"

    node_modules/lodash-es/lodash.js:283:41:
      283 │ export { default as toPlainObject } from './toPlainObject.js';
          ╵                                          ~~~~~~~~~~~~~~~~~~~~

X [ERROR] Could not resolve "./toSafeInteger.js"

    node_modules/lodash-es/lodash.js:284:41:
      284 │ export { default as toSafeInteger } from './toSafeInteger.js';
          ╵                                          ~~~~~~~~~~~~~~~~~~~~

X [ERROR] Could not resolve "./icons/align-vertical-space-around.js"

    node_modules/lucide-react/dist/esm/lucide-react.js:275:136:
      275 │ ...ticalSpaceAround } from './icons/align-vertical-space-around.js';
          ╵                            ~~~~~~~~~~~~~~~~~~~~~~~~~~~~~~~~~~~~~~~~

X [ERROR] Could not resolve "./icons/align-vertical-space-between.js"

    node_modules/lucide-react/dist/esm/lucide-react.js:276:139:
      276 │ ...calSpaceBetween } from './icons/align-vertical-space-between.js';
          ╵                           ~~~~~~~~~~~~~~~~~~~~~~~~~~~~~~~~~~~~~~~~~

X [ERROR] Could not resolve "./toString.js"

    node_modules/lodash-es/lodash.js:285:36:
      285 │ export { default as toString } from './toString.js';
          ╵                                     ~~~~~~~~~~~~~~~

X [ERROR] Could not resolve "./icons/ampersand.js"

    node_modules/lucide-react/dist/esm/lucide-react.js:277:91:
      277 │ ...ndIcon, default as LucideAmpersand } from './icons/ampersand.js';
          ╵                                              ~~~~~~~~~~~~~~~~~~~~~~

X [ERROR] Could not resolve "./toUpper.js"

    node_modules/lodash-es/lodash.js:286:35:
      286 │ export { default as toUpper } from './toUpper.js';
          ╵                                    ~~~~~~~~~~~~~~

X [ERROR] Could not resolve "./icons/ambulance.js"

    node_modules/lucide-react/dist/esm/lucide-react.js:278:91:
      278 │ ...ceIcon, default as LucideAmbulance } from './icons/ambulance.js';
          ╵                                              ~~~~~~~~~~~~~~~~~~~~~~

X [ERROR] Could not resolve "./transform.js"

    node_modules/lodash-es/lodash.js:287:37:
      287 │ export { default as transform } from './transform.js';
          ╵                                      ~~~~~~~~~~~~~~~~

X [ERROR] Could not resolve "./trim.js"

    node_modules/lodash-es/lodash.js:288:32:
      288 │ export { default as trim } from './trim.js';
          ╵                                 ~~~~~~~~~~~

X [ERROR] Could not resolve "./icons/ampersands.js"

    node_modules/lucide-react/dist/esm/lucide-react.js:279:94:
      279 │ ...Icon, default as LucideAmpersands } from './icons/ampersands.js';
          ╵                                             ~~~~~~~~~~~~~~~~~~~~~~~

X [ERROR] Could not resolve "./trimEnd.js"

    node_modules/lodash-es/lodash.js:289:35:
      289 │ export { default as trimEnd } from './trimEnd.js';
          ╵                                    ~~~~~~~~~~~~~~

X [ERROR] Could not resolve "./icons/amphora.js"

    node_modules/lucide-react/dist/esm/lucide-react.js:280:85:
      280 │ ...mphoraIcon, default as LucideAmphora } from './icons/amphora.js';
          ╵                                                ~~~~~~~~~~~~~~~~~~~~

X [ERROR] Could not resolve "./trimStart.js"

    node_modules/lodash-es/lodash.js:290:37:
      290 │ export { default as trimStart } from './trimStart.js';
          ╵                                      ~~~~~~~~~~~~~~~~

X [ERROR] Could not resolve "./icons/anchor.js"

    node_modules/lucide-react/dist/esm/lucide-react.js:281:82:
      281 │ ...s AnchorIcon, default as LucideAnchor } from './icons/anchor.js';
          ╵                                                 ~~~~~~~~~~~~~~~~~~~

X [ERROR] Could not resolve "./truncate.js"

    node_modules/lodash-es/lodash.js:291:36:
      291 │ export { default as truncate } from './truncate.js';
          ╵                                     ~~~~~~~~~~~~~~~

X [ERROR] Could not resolve "./icons/angry.js"

    node_modules/lucide-react/dist/esm/lucide-react.js:282:79:
      282 │ ...t as AngryIcon, default as LucideAngry } from './icons/angry.js';
          ╵                                                  ~~~~~~~~~~~~~~~~~~

X [ERROR] Could not resolve "./unary.js"

    node_modules/lodash-es/lodash.js:292:33:
      292 │ export { default as unary } from './unary.js';
          ╵                                  ~~~~~~~~~~~~

X [ERROR] Could not resolve "./icons/annoyed.js"

    node_modules/lucide-react/dist/esm/lucide-react.js:283:85:
      283 │ ...nnoyedIcon, default as LucideAnnoyed } from './icons/annoyed.js';
          ╵                                                ~~~~~~~~~~~~~~~~~~~~

X [ERROR] Could not resolve "./unescape.js"

    node_modules/lodash-es/lodash.js:293:36:
      293 │ export { default as unescape } from './unescape.js';
          ╵                                     ~~~~~~~~~~~~~~~

X [ERROR] Could not resolve "./icons/antenna.js"

    node_modules/lucide-react/dist/esm/lucide-react.js:284:85:
      284 │ ...ntennaIcon, default as LucideAntenna } from './icons/antenna.js';
          ╵                                                ~~~~~~~~~~~~~~~~~~~~

X [ERROR] Could not resolve "./union.js"

    node_modules/lodash-es/lodash.js:294:33:
      294 │ export { default as union } from './union.js';
          ╵                                  ~~~~~~~~~~~~

X [ERROR] Could not resolve "./icons/anvil.js"

    node_modules/lucide-react/dist/esm/lucide-react.js:285:79:
      285 │ ...t as AnvilIcon, default as LucideAnvil } from './icons/anvil.js';
          ╵                                                  ~~~~~~~~~~~~~~~~~~

X [ERROR] Could not resolve "./unionBy.js"

    node_modules/lodash-es/lodash.js:295:35:
      295 │ export { default as unionBy } from './unionBy.js';
          ╵                                    ~~~~~~~~~~~~~~

X [ERROR] Could not resolve "./icons/aperture.js"

    node_modules/lucide-react/dist/esm/lucide-react.js:286:88:
      286 │ ...tureIcon, default as LucideAperture } from './icons/aperture.js';
          ╵                                               ~~~~~~~~~~~~~~~~~~~~~

X [ERROR] Could not resolve "./unionWith.js"

    node_modules/lodash-es/lodash.js:296:37:
      296 │ export { default as unionWith } from './unionWith.js';
          ╵                                      ~~~~~~~~~~~~~~~~

X [ERROR] Could not resolve "./icons/app-window.js"

    node_modules/lucide-react/dist/esm/lucide-react.js:287:91:
      287 │ ...wIcon, default as LucideAppWindow } from './icons/app-window.js';
          ╵                                             ~~~~~~~~~~~~~~~~~~~~~~~

X [ERROR] Could not resolve "./uniq.js"

    node_modules/lodash-es/lodash.js:297:32:
      297 │ export { default as uniq } from './uniq.js';
          ╵                                 ~~~~~~~~~~~

X [ERROR] Could not resolve "./icons/app-window-mac.js"

    node_modules/lucide-react/dist/esm/lucide-react.js:288:100:
      288 │ ...default as LucideAppWindowMac } from './icons/app-window-mac.js';
          ╵                                         ~~~~~~~~~~~~~~~~~~~~~~~~~~~

X [ERROR] Could not resolve "./uniqBy.js"

    node_modules/lodash-es/lodash.js:298:34:
      298 │ export { default as uniqBy } from './uniqBy.js';
          ╵                                   ~~~~~~~~~~~~~

X [ERROR] Could not resolve "./icons/apple.js"

    node_modules/lucide-react/dist/esm/lucide-react.js:289:79:
      289 │ ...t as AppleIcon, default as LucideApple } from './icons/apple.js';
          ╵                                                  ~~~~~~~~~~~~~~~~~~

X [ERROR] Could not resolve "./uniqWith.js"

    node_modules/lodash-es/lodash.js:299:36:
      299 │ export { default as uniqWith } from './uniqWith.js';
          ╵                                     ~~~~~~~~~~~~~~~

X [ERROR] Could not resolve "./icons/archive-restore.js"

    node_modules/lucide-react/dist/esm/lucide-react.js:290:106:
      290 │ ...ault as LucideArchiveRestore } from './icons/archive-restore.js';
          ╵                                        ~~~~~~~~~~~~~~~~~~~~~~~~~~~~

X [ERROR] Could not resolve "./uniqueId.js"

    node_modules/lodash-es/lodash.js:300:36:
      300 │ export { default as uniqueId } from './uniqueId.js';
          ╵                                     ~~~~~~~~~~~~~~~

X [ERROR] Could not resolve "./icons/archive-x.js"

    node_modules/lucide-react/dist/esm/lucide-react.js:291:88:
      291 │ ...veXIcon, default as LucideArchiveX } from './icons/archive-x.js';
          ╵                                              ~~~~~~~~~~~~~~~~~~~~~~

X [ERROR] Could not resolve "./icons/archive.js"

    node_modules/lucide-react/dist/esm/lucide-react.js:292:85:
      292 │ ...rchiveIcon, default as LucideArchive } from './icons/archive.js';
          ╵                                                ~~~~~~~~~~~~~~~~~~~~

X [ERROR] Could not resolve "./icons/armchair.js"

    node_modules/lucide-react/dist/esm/lucide-react.js:293:88:
      293 │ ...hairIcon, default as LucideArmchair } from './icons/armchair.js';
          ╵                                               ~~~~~~~~~~~~~~~~~~~~~

X [ERROR] Could not resolve "./icons/arrow-big-down-dash.js"

    node_modules/lucide-react/dist/esm/lucide-react.js:294:112:
      294 │ ...s LucideArrowBigDownDash } from './icons/arrow-big-down-dash.js';
          ╵                                    ~~~~~~~~~~~~~~~~~~~~~~~~~~~~~~~~

X [ERROR] Could not resolve "./icons/arrow-big-down.js"

    node_modules/lucide-react/dist/esm/lucide-react.js:295:100:
      295 │ ...default as LucideArrowBigDown } from './icons/arrow-big-down.js';
          ╵                                         ~~~~~~~~~~~~~~~~~~~~~~~~~~~

X [ERROR] Could not resolve "./icons/arrow-big-left-dash.js"

    node_modules/lucide-react/dist/esm/lucide-react.js:296:112:
      296 │ ...s LucideArrowBigLeftDash } from './icons/arrow-big-left-dash.js';
          ╵                                    ~~~~~~~~~~~~~~~~~~~~~~~~~~~~~~~~

X [ERROR] Could not resolve "./icons/arrow-big-left.js"

    node_modules/lucide-react/dist/esm/lucide-react.js:297:100:
      297 │ ...default as LucideArrowBigLeft } from './icons/arrow-big-left.js';
          ╵                                         ~~~~~~~~~~~~~~~~~~~~~~~~~~~

X [ERROR] Could not resolve "./icons/arrow-big-right-dash.js"

    node_modules/lucide-react/dist/esm/lucide-react.js:298:115:
      298 │ ...LucideArrowBigRightDash } from './icons/arrow-big-right-dash.js';
          ╵                                   ~~~~~~~~~~~~~~~~~~~~~~~~~~~~~~~~~

X [ERROR] Could not resolve "./icons/arrow-big-right.js"

    node_modules/lucide-react/dist/esm/lucide-react.js:299:103:
      299 │ ...fault as LucideArrowBigRight } from './icons/arrow-big-right.js';
          ╵                                        ~~~~~~~~~~~~~~~~~~~~~~~~~~~~

X [ERROR] Could not resolve "./icons/arrow-big-up-dash.js"

    node_modules/lucide-react/dist/esm/lucide-react.js:300:106:
      300 │ ...lt as LucideArrowBigUpDash } from './icons/arrow-big-up-dash.js';
          ╵                                      ~~~~~~~~~~~~~~~~~~~~~~~~~~~~~~

X [ERROR] Could not resolve "./unset.js"

    node_modules/lodash-es/lodash.js:301:33:
      301 │ export { default as unset } from './unset.js';
          ╵                                  ~~~~~~~~~~~~

X [ERROR] Could not resolve "./unzip.js"

    node_modules/lodash-es/lodash.js:302:33:
      302 │ export { default as unzip } from './unzip.js';
          ╵                                  ~~~~~~~~~~~~

X [ERROR] Could not resolve "./unzipWith.js"

    node_modules/lodash-es/lodash.js:303:37:
      303 │ export { default as unzipWith } from './unzipWith.js';
          ╵                                      ~~~~~~~~~~~~~~~~

X [ERROR] Could not resolve "./update.js"

    node_modules/lodash-es/lodash.js:304:34:
      304 │ export { default as update } from './update.js';
          ╵                                   ~~~~~~~~~~~~~

X [ERROR] Could not resolve "./updateWith.js"

    node_modules/lodash-es/lodash.js:305:38:
      305 │ export { default as updateWith } from './updateWith.js';
          ╵                                       ~~~~~~~~~~~~~~~~~

X [ERROR] Could not resolve "./upperCase.js"

    node_modules/lodash-es/lodash.js:306:37:
      306 │ export { default as upperCase } from './upperCase.js';
          ╵                                      ~~~~~~~~~~~~~~~~

X [ERROR] Could not resolve "./upperFirst.js"

    node_modules/lodash-es/lodash.js:307:38:
      307 │ export { default as upperFirst } from './upperFirst.js';
          ╵                                       ~~~~~~~~~~~~~~~~~

X [ERROR] Could not resolve "./value.js"

    node_modules/lodash-es/lodash.js:308:33:
      308 │ export { default as value } from './value.js';
          ╵                                  ~~~~~~~~~~~~

X [ERROR] Could not resolve "./valueOf.js"

    node_modules/lodash-es/lodash.js:309:35:
      309 │ export { default as valueOf } from './valueOf.js';
          ╵                                    ~~~~~~~~~~~~~~

X [ERROR] Could not resolve "./values.js"

    node_modules/lodash-es/lodash.js:310:34:
      310 │ export { default as values } from './values.js';
          ╵                                   ~~~~~~~~~~~~~

X [ERROR] Could not resolve "./valuesIn.js"

    node_modules/lodash-es/lodash.js:311:36:
      311 │ export { default as valuesIn } from './valuesIn.js';
          ╵                                     ~~~~~~~~~~~~~~~

X [ERROR] Could not resolve "./without.js"

    node_modules/lodash-es/lodash.js:312:35:
      312 │ export { default as without } from './without.js';
          ╵                                    ~~~~~~~~~~~~~~

X [ERROR] Could not resolve "./words.js"

    node_modules/lodash-es/lodash.js:313:33:
      313 │ export { default as words } from './words.js';
          ╵                                  ~~~~~~~~~~~~

X [ERROR] Could not resolve "./wrap.js"

    node_modules/lodash-es/lodash.js:314:32:
      314 │ export { default as wrap } from './wrap.js';
          ╵                                 ~~~~~~~~~~~

X [ERROR] Could not resolve "./wrapperAt.js"

    node_modules/lodash-es/lodash.js:315:37:
      315 │ export { default as wrapperAt } from './wrapperAt.js';
          ╵                                      ~~~~~~~~~~~~~~~~

X [ERROR] Could not resolve "./wrapperChain.js"

    node_modules/lodash-es/lodash.js:316:40:
      316 │ export { default as wrapperChain } from './wrapperChain.js';
          ╵                                         ~~~~~~~~~~~~~~~~~~~

X [ERROR] Could not resolve "./wrapperReverse.js"

    node_modules/lodash-es/lodash.js:321:42:
      321 │ export { default as wrapperReverse } from './wrapperReverse.js';
          ╵                                           ~~~~~~~~~~~~~~~~~~~~~

X [ERROR] Could not resolve "./wrapperValue.js"

    node_modules/lodash-es/lodash.js:323:40:
      323 │ export { default as wrapperValue } from './wrapperValue.js';
          ╵                                         ~~~~~~~~~~~~~~~~~~~

X [ERROR] Could not resolve "./xor.js"

    node_modules/lodash-es/lodash.js:324:31:
      324 │ export { default as xor } from './xor.js';
          ╵                                ~~~~~~~~~~

X [ERROR] Could not resolve "./xorBy.js"

    node_modules/lodash-es/lodash.js:325:33:
      325 │ export { default as xorBy } from './xorBy.js';
          ╵                                  ~~~~~~~~~~~~

X [ERROR] Could not resolve "./xorWith.js"

    node_modules/lodash-es/lodash.js:326:35:
      326 │ export { default as xorWith } from './xorWith.js';
          ╵                                    ~~~~~~~~~~~~~~

X [ERROR] Could not resolve "./zip.js"

    node_modules/lodash-es/lodash.js:327:31:
      327 │ export { default as zip } from './zip.js';
          ╵                                ~~~~~~~~~~

X [ERROR] Could not resolve "./zipObject.js"

    node_modules/lodash-es/lodash.js:328:37:
      328 │ export { default as zipObject } from './zipObject.js';
          ╵                                      ~~~~~~~~~~~~~~~~

X [ERROR] Could not resolve "./zipObjectDeep.js"

    node_modules/lodash-es/lodash.js:329:41:
      329 │ export { default as zipObjectDeep } from './zipObjectDeep.js';
          ╵                                          ~~~~~~~~~~~~~~~~~~~~

X [ERROR] Could not resolve "./zipWith.js"

    node_modules/lodash-es/lodash.js:330:35:
      330 │ export { default as zipWith } from './zipWith.js';
          ╵                                    ~~~~~~~~~~~~~~

X [ERROR] Could not resolve "./lodash.default.js"

    node_modules/lodash-es/lodash.js:331:24:
      331 │ export { default } from './lodash.default.js';
          ╵                         ~~~~~~~~~~~~~~~~~~~~~

X [ERROR] Could not resolve "./icons/arrow-big-up.js"

    node_modules/lucide-react/dist/esm/lucide-react.js:301:94:
      301 │ ...on, default as LucideArrowBigUp } from './icons/arrow-big-up.js';
          ╵                                           ~~~~~~~~~~~~~~~~~~~~~~~~~

X [ERROR] Could not resolve "./icons/arrow-down-from-line.js"

    node_modules/lucide-react/dist/esm/lucide-react.js:302:115:
      302 │ ...LucideArrowDownFromLine } from './icons/arrow-down-from-line.js';
          ╵                                   ~~~~~~~~~~~~~~~~~~~~~~~~~~~~~~~~~

X [ERROR] Could not resolve "./icons/arrow-down-left.js"

    node_modules/lucide-react/dist/esm/lucide-react.js:303:103:
      303 │ ...fault as LucideArrowDownLeft } from './icons/arrow-down-left.js';
          ╵                                        ~~~~~~~~~~~~~~~~~~~~~~~~~~~~

X [ERROR] Could not resolve "./icons/arrow-down-narrow-wide.js"

    node_modules/lucide-react/dist/esm/lucide-react.js:304:121:
      304 │ ...deArrowDownNarrowWide } from './icons/arrow-down-narrow-wide.js';
          ╵                                 ~~~~~~~~~~~~~~~~~~~~~~~~~~~~~~~~~~~

X [ERROR] Could not resolve "./icons/arrow-down-right.js"

    node_modules/lucide-react/dist/esm/lucide-react.js:305:106:
      305 │ ...ult as LucideArrowDownRight } from './icons/arrow-down-right.js';
          ╵                                       ~~~~~~~~~~~~~~~~~~~~~~~~~~~~~

X [ERROR] Could not resolve "./icons/arrow-down-to-dot.js"

    node_modules/lucide-react/dist/esm/lucide-react.js:306:106:
      306 │ ...lt as LucideArrowDownToDot } from './icons/arrow-down-to-dot.js';
          ╵                                      ~~~~~~~~~~~~~~~~~~~~~~~~~~~~~~

X [ERROR] Could not resolve "./icons/arrow-down-to-line.js"

    node_modules/lucide-react/dist/esm/lucide-react.js:307:109:
      307 │ ... as LucideArrowDownToLine } from './icons/arrow-down-to-line.js';
          ╵                                     ~~~~~~~~~~~~~~~~~~~~~~~~~~~~~~~

X [ERROR] Could not resolve "./icons/arrow-down-up.js"

    node_modules/lucide-react/dist/esm/lucide-react.js:308:97:
      308 │ ..., default as LucideArrowDownUp } from './icons/arrow-down-up.js';
          ╵                                          ~~~~~~~~~~~~~~~~~~~~~~~~~~

X [ERROR] Could not resolve "./icons/arrow-down.js"

    node_modules/lucide-react/dist/esm/lucide-react.js:309:91:
      309 │ ...nIcon, default as LucideArrowDown } from './icons/arrow-down.js';
          ╵                                             ~~~~~~~~~~~~~~~~~~~~~~~

X [ERROR] Could not resolve "./icons/arrow-left-from-line.js"

    node_modules/lucide-react/dist/esm/lucide-react.js:310:115:
      310 │ ...LucideArrowLeftFromLine } from './icons/arrow-left-from-line.js';
          ╵                                   ~~~~~~~~~~~~~~~~~~~~~~~~~~~~~~~~~

X [ERROR] Could not resolve "./icons/arrow-left-right.js"

    node_modules/lucide-react/dist/esm/lucide-react.js:311:106:
      311 │ ...ult as LucideArrowLeftRight } from './icons/arrow-left-right.js';
          ╵                                       ~~~~~~~~~~~~~~~~~~~~~~~~~~~~~

X [ERROR] Could not resolve "./icons/arrow-left-to-line.js"

    node_modules/lucide-react/dist/esm/lucide-react.js:312:109:
      312 │ ... as LucideArrowLeftToLine } from './icons/arrow-left-to-line.js';
          ╵                                     ~~~~~~~~~~~~~~~~~~~~~~~~~~~~~~~

X [ERROR] Could not resolve "./icons/arrow-left.js"

    node_modules/lucide-react/dist/esm/lucide-react.js:313:91:
      313 │ ...tIcon, default as LucideArrowLeft } from './icons/arrow-left.js';
          ╵                                             ~~~~~~~~~~~~~~~~~~~~~~~

X [ERROR] Could not resolve "./icons/arrow-right-from-line.js"

    node_modules/lucide-react/dist/esm/lucide-react.js:314:118:
      314 │ ...cideArrowRightFromLine } from './icons/arrow-right-from-line.js';
          ╵                                  ~~~~~~~~~~~~~~~~~~~~~~~~~~~~~~~~~~

X [ERROR] Could not resolve "./icons/arrow-right-left.js"

    node_modules/lucide-react/dist/esm/lucide-react.js:315:106:
      315 │ ...ult as LucideArrowRightLeft } from './icons/arrow-right-left.js';
          ╵                                       ~~~~~~~~~~~~~~~~~~~~~~~~~~~~~

X [ERROR] Could not resolve "./icons/arrow-right-to-line.js"

    node_modules/lucide-react/dist/esm/lucide-react.js:316:112:
      316 │ ...s LucideArrowRightToLine } from './icons/arrow-right-to-line.js';
          ╵                                    ~~~~~~~~~~~~~~~~~~~~~~~~~~~~~~~~

X [ERROR] Could not resolve "./icons/arrow-right.js"

    node_modules/lucide-react/dist/esm/lucide-react.js:317:94:
      317 │ ...con, default as LucideArrowRight } from './icons/arrow-right.js';
          ╵                                            ~~~~~~~~~~~~~~~~~~~~~~~~

X [ERROR] Could not resolve "./icons/arrow-up-down.js"

    node_modules/lucide-react/dist/esm/lucide-react.js:318:97:
      318 │ ..., default as LucideArrowUpDown } from './icons/arrow-up-down.js';
          ╵                                          ~~~~~~~~~~~~~~~~~~~~~~~~~~

X [ERROR] Could not resolve "./icons/arrow-up-from-dot.js"

    node_modules/lucide-react/dist/esm/lucide-react.js:319:106:
      319 │ ...lt as LucideArrowUpFromDot } from './icons/arrow-up-from-dot.js';
          ╵                                      ~~~~~~~~~~~~~~~~~~~~~~~~~~~~~~

X [ERROR] Could not resolve "./icons/arrow-up-from-line.js"

    node_modules/lucide-react/dist/esm/lucide-react.js:320:109:
      320 │ ... as LucideArrowUpFromLine } from './icons/arrow-up-from-line.js';
          ╵                                     ~~~~~~~~~~~~~~~~~~~~~~~~~~~~~~~

X [ERROR] Could not resolve "./icons/arrow-up-left.js"

    node_modules/lucide-react/dist/esm/lucide-react.js:321:97:
      321 │ ..., default as LucideArrowUpLeft } from './icons/arrow-up-left.js';
          ╵                                          ~~~~~~~~~~~~~~~~~~~~~~~~~~

X [ERROR] Could not resolve "./icons/arrow-up-right.js"

    node_modules/lucide-react/dist/esm/lucide-react.js:322:100:
      322 │ ...default as LucideArrowUpRight } from './icons/arrow-up-right.js';
          ╵                                         ~~~~~~~~~~~~~~~~~~~~~~~~~~~

X [ERROR] Could not resolve "./icons/arrow-up-to-line.js"

    node_modules/lucide-react/dist/esm/lucide-react.js:323:103:
      323 │ ...ault as LucideArrowUpToLine } from './icons/arrow-up-to-line.js';
          ╵                                       ~~~~~~~~~~~~~~~~~~~~~~~~~~~~~

X [ERROR] Could not resolve "./icons/arrow-up-wide-narrow.js"

    node_modules/lucide-react/dist/esm/lucide-react.js:324:115:
      324 │ ...LucideArrowUpWideNarrow } from './icons/arrow-up-wide-narrow.js';
          ╵                                   ~~~~~~~~~~~~~~~~~~~~~~~~~~~~~~~~~

X [ERROR] Could not resolve "./icons/arrow-up.js"

    node_modules/lucide-react/dist/esm/lucide-react.js:325:85:
      325 │ ...rowUpIcon, default as LucideArrowUp } from './icons/arrow-up.js';
          ╵                                               ~~~~~~~~~~~~~~~~~~~~~

X [ERROR] Could not resolve "./icons/arrows-up-from-line.js"

    node_modules/lucide-react/dist/esm/lucide-react.js:326:112:
      326 │ ...s LucideArrowsUpFromLine } from './icons/arrows-up-from-line.js';
          ╵                                    ~~~~~~~~~~~~~~~~~~~~~~~~~~~~~~~~

X [ERROR] Could not resolve "./icons/asterisk.js"

    node_modules/lucide-react/dist/esm/lucide-react.js:327:88:
      327 │ ...riskIcon, default as LucideAsterisk } from './icons/asterisk.js';
          ╵                                               ~~~~~~~~~~~~~~~~~~~~~

X [ERROR] Could not resolve "./icons/atom.js"

    node_modules/lucide-react/dist/esm/lucide-react.js:328:76:
      328 │ ...ault as AtomIcon, default as LucideAtom } from './icons/atom.js';
          ╵                                                   ~~~~~~~~~~~~~~~~~

X [ERROR] Could not resolve "./icons/at-sign.js"

    node_modules/lucide-react/dist/esm/lucide-react.js:329:82:
      329 │ ... AtSignIcon, default as LucideAtSign } from './icons/at-sign.js';
          ╵                                                ~~~~~~~~~~~~~~~~~~~~

X [ERROR] Could not resolve "./icons/audio-lines.js"

    node_modules/lucide-react/dist/esm/lucide-react.js:330:94:
      330 │ ...con, default as LucideAudioLines } from './icons/audio-lines.js';
          ╵                                            ~~~~~~~~~~~~~~~~~~~~~~~~

X [ERROR] Could not resolve "./icons/audio-waveform.js"

    node_modules/lucide-react/dist/esm/lucide-react.js:331:103:
      331 │ ...efault as LucideAudioWaveform } from './icons/audio-waveform.js';
          ╵                                         ~~~~~~~~~~~~~~~~~~~~~~~~~~~

X [ERROR] Could not resolve "./icons/award.js"

    node_modules/lucide-react/dist/esm/lucide-react.js:332:79:
      332 │ ...t as AwardIcon, default as LucideAward } from './icons/award.js';
          ╵                                                  ~~~~~~~~~~~~~~~~~~

X [ERROR] Could not resolve "./icons/axe.js"

    node_modules/lucide-react/dist/esm/lucide-react.js:333:73:
      333 │ ...default as AxeIcon, default as LucideAxe } from './icons/axe.js';
          ╵                                                    ~~~~~~~~~~~~~~~~

X [ERROR] Could not resolve "./icons/baby.js"

    node_modules/lucide-react/dist/esm/lucide-react.js:334:76:
      334 │ ...ault as BabyIcon, default as LucideBaby } from './icons/baby.js';
          ╵                                                   ~~~~~~~~~~~~~~~~~

X [ERROR] Could not resolve "./icons/backpack.js"

    node_modules/lucide-react/dist/esm/lucide-react.js:335:88:
      335 │ ...packIcon, default as LucideBackpack } from './icons/backpack.js';
          ╵                                               ~~~~~~~~~~~~~~~~~~~~~

X [ERROR] Could not resolve "./icons/badge-alert.js"

    node_modules/lucide-react/dist/esm/lucide-react.js:336:94:
      336 │ ...con, default as LucideBadgeAlert } from './icons/badge-alert.js';
          ╵                                            ~~~~~~~~~~~~~~~~~~~~~~~~

X [ERROR] Could not resolve "./icons/badge-cent.js"

    node_modules/lucide-react/dist/esm/lucide-react.js:337:91:
      337 │ ...tIcon, default as LucideBadgeCent } from './icons/badge-cent.js';
          ╵                                             ~~~~~~~~~~~~~~~~~~~~~~~

X [ERROR] Could not resolve "./icons/badge-dollar-sign.js"

    node_modules/lucide-react/dist/esm/lucide-react.js:338:109:
      338 │ ...t as LucideBadgeDollarSign } from './icons/badge-dollar-sign.js';
          ╵                                      ~~~~~~~~~~~~~~~~~~~~~~~~~~~~~~

X [ERROR] Could not resolve "./icons/badge-euro.js"

    node_modules/lucide-react/dist/esm/lucide-react.js:339:91:
      339 │ ...oIcon, default as LucideBadgeEuro } from './icons/badge-euro.js';
          ╵                                             ~~~~~~~~~~~~~~~~~~~~~~~

X [ERROR] Could not resolve "./icons/badge-indian-rupee.js"

    node_modules/lucide-react/dist/esm/lucide-react.js:340:112:
      340 │ ...as LucideBadgeIndianRupee } from './icons/badge-indian-rupee.js';
          ╵                                     ~~~~~~~~~~~~~~~~~~~~~~~~~~~~~~~

X [ERROR] Could not resolve "./icons/badge-japanese-yen.js"

    node_modules/lucide-react/dist/esm/lucide-react.js:341:112:
      341 │ ...as LucideBadgeJapaneseYen } from './icons/badge-japanese-yen.js';
          ╵                                     ~~~~~~~~~~~~~~~~~~~~~~~~~~~~~~~

X [ERROR] Could not resolve "./icons/badge-info.js"

    node_modules/lucide-react/dist/esm/lucide-react.js:342:91:
      342 │ ...oIcon, default as LucideBadgeInfo } from './icons/badge-info.js';
          ╵                                             ~~~~~~~~~~~~~~~~~~~~~~~

X [ERROR] Could not resolve "./icons/badge-minus.js"

    node_modules/lucide-react/dist/esm/lucide-react.js:343:94:
      343 │ ...con, default as LucideBadgeMinus } from './icons/badge-minus.js';
          ╵                                            ~~~~~~~~~~~~~~~~~~~~~~~~

X [ERROR] Could not resolve "./icons/badge-percent.js"

    node_modules/lucide-react/dist/esm/lucide-react.js:344:100:
      344 │ ... default as LucideBadgePercent } from './icons/badge-percent.js';
          ╵                                          ~~~~~~~~~~~~~~~~~~~~~~~~~~

X [ERROR] Could not resolve "./icons/badge-plus.js"

    node_modules/lucide-react/dist/esm/lucide-react.js:345:91:
      345 │ ...sIcon, default as LucideBadgePlus } from './icons/badge-plus.js';
          ╵                                             ~~~~~~~~~~~~~~~~~~~~~~~

X [ERROR] Could not resolve "./icons/badge-pound-sterling.js"

    node_modules/lucide-react/dist/esm/lucide-react.js:346:118:
      346 │ ...ucideBadgePoundSterling } from './icons/badge-pound-sterling.js';
          ╵                                   ~~~~~~~~~~~~~~~~~~~~~~~~~~~~~~~~~

X [ERROR] Could not resolve "./icons/badge-russian-ruble.js"

    node_modules/lucide-react/dist/esm/lucide-react.js:347:115:
      347 │ ... LucideBadgeRussianRuble } from './icons/badge-russian-ruble.js';
          ╵                                    ~~~~~~~~~~~~~~~~~~~~~~~~~~~~~~~~

X [ERROR] Could not resolve "./icons/badge-swiss-franc.js"

    node_modules/lucide-react/dist/esm/lucide-react.js:348:109:
      348 │ ...t as LucideBadgeSwissFranc } from './icons/badge-swiss-franc.js';
          ╵                                      ~~~~~~~~~~~~~~~~~~~~~~~~~~~~~~

X [ERROR] Could not resolve "./icons/badge-turkish-lira.js"

    node_modules/lucide-react/dist/esm/lucide-react.js:349:112:
      349 │ ...as LucideBadgeTurkishLira } from './icons/badge-turkish-lira.js';
          ╵                                     ~~~~~~~~~~~~~~~~~~~~~~~~~~~~~~~

X [ERROR] Could not resolve "./icons/badge-x.js"

    node_modules/lucide-react/dist/esm/lucide-react.js:350:82:
      350 │ ... BadgeXIcon, default as LucideBadgeX } from './icons/badge-x.js';
          ╵                                                ~~~~~~~~~~~~~~~~~~~~

X [ERROR] Could not resolve "./icons/badge.js"

    node_modules/lucide-react/dist/esm/lucide-react.js:351:79:
      351 │ ...t as BadgeIcon, default as LucideBadge } from './icons/badge.js';
          ╵                                                  ~~~~~~~~~~~~~~~~~~

X [ERROR] Could not resolve "./icons/baggage-claim.js"

    node_modules/lucide-react/dist/esm/lucide-react.js:352:100:
      352 │ ... default as LucideBaggageClaim } from './icons/baggage-claim.js';
          ╵                                          ~~~~~~~~~~~~~~~~~~~~~~~~~~

X [ERROR] Could not resolve "./icons/balloon.js"

    node_modules/lucide-react/dist/esm/lucide-react.js:353:85:
      353 │ ...alloonIcon, default as LucideBalloon } from './icons/balloon.js';
          ╵                                                ~~~~~~~~~~~~~~~~~~~~

X [ERROR] Could not resolve "./icons/ban.js"

    node_modules/lucide-react/dist/esm/lucide-react.js:354:73:
      354 │ ...default as BanIcon, default as LucideBan } from './icons/ban.js';
          ╵                                                    ~~~~~~~~~~~~~~~~

X [ERROR] Could not resolve "./icons/banana.js"

    node_modules/lucide-react/dist/esm/lucide-react.js:355:82:
      355 │ ...s BananaIcon, default as LucideBanana } from './icons/banana.js';
          ╵                                                 ~~~~~~~~~~~~~~~~~~~

X [ERROR] Could not resolve "./icons/bandage.js"

    node_modules/lucide-react/dist/esm/lucide-react.js:356:85:
      356 │ ...andageIcon, default as LucideBandage } from './icons/bandage.js';
          ╵                                                ~~~~~~~~~~~~~~~~~~~~

X [ERROR] Could not resolve "./icons/banknote-arrow-down.js"

    node_modules/lucide-react/dist/esm/lucide-react.js:357:115:
      357 │ ... LucideBanknoteArrowDown } from './icons/banknote-arrow-down.js';
          ╵                                    ~~~~~~~~~~~~~~~~~~~~~~~~~~~~~~~~

X [ERROR] Could not resolve "./icons/banknote-arrow-up.js"

    node_modules/lucide-react/dist/esm/lucide-react.js:358:109:
      358 │ ...t as LucideBanknoteArrowUp } from './icons/banknote-arrow-up.js';
          ╵                                      ~~~~~~~~~~~~~~~~~~~~~~~~~~~~~~

X [ERROR] Could not resolve "./icons/banknote-x.js"

    node_modules/lucide-react/dist/esm/lucide-react.js:359:91:
      359 │ ...XIcon, default as LucideBanknoteX } from './icons/banknote-x.js';
          ╵                                             ~~~~~~~~~~~~~~~~~~~~~~~

X [ERROR] Could not resolve "./icons/banknote.js"

    node_modules/lucide-react/dist/esm/lucide-react.js:360:88:
      360 │ ...noteIcon, default as LucideBanknote } from './icons/banknote.js';
          ╵                                               ~~~~~~~~~~~~~~~~~~~~~

X [ERROR] Could not resolve "./icons/barcode.js"

    node_modules/lucide-react/dist/esm/lucide-react.js:361:85:
      361 │ ...arcodeIcon, default as LucideBarcode } from './icons/barcode.js';
          ╵                                                ~~~~~~~~~~~~~~~~~~~~

X [ERROR] Could not resolve "./icons/barrel.js"

    node_modules/lucide-react/dist/esm/lucide-react.js:362:82:
      362 │ ...s BarrelIcon, default as LucideBarrel } from './icons/barrel.js';
          ╵                                                 ~~~~~~~~~~~~~~~~~~~

X [ERROR] Could not resolve "./icons/baseline.js"

    node_modules/lucide-react/dist/esm/lucide-react.js:363:88:
      363 │ ...lineIcon, default as LucideBaseline } from './icons/baseline.js';
          ╵                                               ~~~~~~~~~~~~~~~~~~~~~

X [ERROR] Could not resolve "./icons/battery-charging.js"

    node_modules/lucide-react/dist/esm/lucide-react.js:364:109:
      364 │ ...lt as LucideBatteryCharging } from './icons/battery-charging.js';
          ╵                                       ~~~~~~~~~~~~~~~~~~~~~~~~~~~~~

X [ERROR] Could not resolve "./icons/bath.js"

    node_modules/lucide-react/dist/esm/lucide-react.js:365:76:
      365 │ ...ault as BathIcon, default as LucideBath } from './icons/bath.js';
          ╵                                                   ~~~~~~~~~~~~~~~~~

X [ERROR] Could not resolve "./icons/battery-full.js"

    node_modules/lucide-react/dist/esm/lucide-react.js:366:97:
      366 │ ...n, default as LucideBatteryFull } from './icons/battery-full.js';
          ╵                                           ~~~~~~~~~~~~~~~~~~~~~~~~~

X [ERROR] Could not resolve "./icons/battery-medium.js"

    node_modules/lucide-react/dist/esm/lucide-react.js:367:103:
      367 │ ...efault as LucideBatteryMedium } from './icons/battery-medium.js';
          ╵                                         ~~~~~~~~~~~~~~~~~~~~~~~~~~~

X [ERROR] Could not resolve "./icons/battery-low.js"

    node_modules/lucide-react/dist/esm/lucide-react.js:368:94:
      368 │ ...con, default as LucideBatteryLow } from './icons/battery-low.js';
          ╵                                            ~~~~~~~~~~~~~~~~~~~~~~~~

X [ERROR] Could not resolve "./icons/battery-plus.js"

    node_modules/lucide-react/dist/esm/lucide-react.js:369:97:
      369 │ ...n, default as LucideBatteryPlus } from './icons/battery-plus.js';
          ╵                                           ~~~~~~~~~~~~~~~~~~~~~~~~~

X [ERROR] Could not resolve "./icons/battery-warning.js"

    node_modules/lucide-react/dist/esm/lucide-react.js:370:106:
      370 │ ...ault as LucideBatteryWarning } from './icons/battery-warning.js';
          ╵                                        ~~~~~~~~~~~~~~~~~~~~~~~~~~~~

X [ERROR] Could not resolve "./icons/battery.js"

    node_modules/lucide-react/dist/esm/lucide-react.js:371:85:
      371 │ ...atteryIcon, default as LucideBattery } from './icons/battery.js';
          ╵                                                ~~~~~~~~~~~~~~~~~~~~

X [ERROR] Could not resolve "./icons/beaker.js"

    node_modules/lucide-react/dist/esm/lucide-react.js:372:82:
      372 │ ...s BeakerIcon, default as LucideBeaker } from './icons/beaker.js';
          ╵                                                 ~~~~~~~~~~~~~~~~~~~

X [ERROR] Could not resolve "./icons/bean-off.js"

    node_modules/lucide-react/dist/esm/lucide-react.js:373:85:
      373 │ ...anOffIcon, default as LucideBeanOff } from './icons/bean-off.js';
          ╵                                               ~~~~~~~~~~~~~~~~~~~~~

X [ERROR] Could not resolve "./icons/bean.js"

    node_modules/lucide-react/dist/esm/lucide-react.js:374:76:
      374 │ ...ault as BeanIcon, default as LucideBean } from './icons/bean.js';
          ╵                                                   ~~~~~~~~~~~~~~~~~

X [ERROR] Could not resolve "./icons/bed-double.js"

    node_modules/lucide-react/dist/esm/lucide-react.js:375:91:
      375 │ ...eIcon, default as LucideBedDouble } from './icons/bed-double.js';
          ╵                                             ~~~~~~~~~~~~~~~~~~~~~~~

X [ERROR] Could not resolve "./icons/bed-single.js"

    node_modules/lucide-react/dist/esm/lucide-react.js:376:91:
      376 │ ...eIcon, default as LucideBedSingle } from './icons/bed-single.js';
          ╵                                             ~~~~~~~~~~~~~~~~~~~~~~~

X [ERROR] Could not resolve "./icons/bed.js"

    node_modules/lucide-react/dist/esm/lucide-react.js:377:73:
      377 │ ...default as BedIcon, default as LucideBed } from './icons/bed.js';
          ╵                                                    ~~~~~~~~~~~~~~~~

X [ERROR] Could not resolve "./icons/beef.js"

    node_modules/lucide-react/dist/esm/lucide-react.js:378:76:
      378 │ ...ault as BeefIcon, default as LucideBeef } from './icons/beef.js';
          ╵                                                   ~~~~~~~~~~~~~~~~~

X [ERROR] Could not resolve "./icons/beer-off.js"

    node_modules/lucide-react/dist/esm/lucide-react.js:379:85:
      379 │ ...erOffIcon, default as LucideBeerOff } from './icons/beer-off.js';
          ╵                                               ~~~~~~~~~~~~~~~~~~~~~

X [ERROR] Could not resolve "./icons/beer.js"

    node_modules/lucide-react/dist/esm/lucide-react.js:380:76:
      380 │ ...ault as BeerIcon, default as LucideBeer } from './icons/beer.js';
          ╵                                                   ~~~~~~~~~~~~~~~~~

X [ERROR] Could not resolve "./icons/bell-dot.js"

    node_modules/lucide-react/dist/esm/lucide-react.js:381:85:
      381 │ ...llDotIcon, default as LucideBellDot } from './icons/bell-dot.js';
          ╵                                               ~~~~~~~~~~~~~~~~~~~~~

X [ERROR] Could not resolve "./icons/bell-electric.js"

    node_modules/lucide-react/dist/esm/lucide-react.js:382:100:
      382 │ ... default as LucideBellElectric } from './icons/bell-electric.js';
          ╵                                          ~~~~~~~~~~~~~~~~~~~~~~~~~~

X [ERROR] Could not resolve "./icons/bell-minus.js"

    node_modules/lucide-react/dist/esm/lucide-react.js:383:91:
      383 │ ...sIcon, default as LucideBellMinus } from './icons/bell-minus.js';
          ╵                                             ~~~~~~~~~~~~~~~~~~~~~~~

X [ERROR] Could not resolve "./icons/bell-off.js"

    node_modules/lucide-react/dist/esm/lucide-react.js:384:85:
      384 │ ...llOffIcon, default as LucideBellOff } from './icons/bell-off.js';
          ╵                                               ~~~~~~~~~~~~~~~~~~~~~

X [ERROR] Could not resolve "./icons/bell-plus.js"

    node_modules/lucide-react/dist/esm/lucide-react.js:385:88:
      385 │ ...lusIcon, default as LucideBellPlus } from './icons/bell-plus.js';
          ╵                                              ~~~~~~~~~~~~~~~~~~~~~~

X [ERROR] Could not resolve "./icons/bell.js"

    node_modules/lucide-react/dist/esm/lucide-react.js:386:76:
      386 │ ...ault as BellIcon, default as LucideBell } from './icons/bell.js';
          ╵                                                   ~~~~~~~~~~~~~~~~~

X [ERROR] Could not resolve "./icons/bell-ring.js"

    node_modules/lucide-react/dist/esm/lucide-react.js:387:88:
      387 │ ...ingIcon, default as LucideBellRing } from './icons/bell-ring.js';
          ╵                                              ~~~~~~~~~~~~~~~~~~~~~~

X [ERROR] Could not resolve "./icons/between-vertical-end.js"

    node_modules/lucide-react/dist/esm/lucide-react.js:388:118:
      388 │ ...ucideBetweenVerticalEnd } from './icons/between-vertical-end.js';
          ╵                                   ~~~~~~~~~~~~~~~~~~~~~~~~~~~~~~~~~

X [ERROR] Could not resolve "./icons/between-vertical-start.js"

    node_modules/lucide-react/dist/esm/lucide-react.js:389:124:
      389 │ ...eBetweenVerticalStart } from './icons/between-vertical-start.js';
          ╵                                 ~~~~~~~~~~~~~~~~~~~~~~~~~~~~~~~~~~~

X [ERROR] Could not resolve "./icons/biceps-flexed.js"

    node_modules/lucide-react/dist/esm/lucide-react.js:390:100:
      390 │ ... default as LucideBicepsFlexed } from './icons/biceps-flexed.js';
          ╵                                          ~~~~~~~~~~~~~~~~~~~~~~~~~~

X [ERROR] Could not resolve "./icons/bike.js"

    node_modules/lucide-react/dist/esm/lucide-react.js:391:76:
      391 │ ...ault as BikeIcon, default as LucideBike } from './icons/bike.js';
          ╵                                                   ~~~~~~~~~~~~~~~~~

X [ERROR] Could not resolve "./icons/binary.js"

    node_modules/lucide-react/dist/esm/lucide-react.js:392:82:
      392 │ ...s BinaryIcon, default as LucideBinary } from './icons/binary.js';
          ╵                                                 ~~~~~~~~~~~~~~~~~~~

X [ERROR] Could not resolve "./icons/binoculars.js"

    node_modules/lucide-react/dist/esm/lucide-react.js:393:94:
      393 │ ...Icon, default as LucideBinoculars } from './icons/binoculars.js';
          ╵                                             ~~~~~~~~~~~~~~~~~~~~~~~

X [ERROR] Could not resolve "./icons/biohazard.js"

    node_modules/lucide-react/dist/esm/lucide-react.js:394:91:
      394 │ ...rdIcon, default as LucideBiohazard } from './icons/biohazard.js';
          ╵                                              ~~~~~~~~~~~~~~~~~~~~~~

X [ERROR] Could not resolve "./icons/bird.js"

    node_modules/lucide-react/dist/esm/lucide-react.js:395:76:
      395 │ ...ault as BirdIcon, default as LucideBird } from './icons/bird.js';
          ╵                                                   ~~~~~~~~~~~~~~~~~

X [ERROR] Could not resolve "./icons/birdhouse.js"

    node_modules/lucide-react/dist/esm/lucide-react.js:396:91:
      396 │ ...seIcon, default as LucideBirdhouse } from './icons/birdhouse.js';
          ╵                                              ~~~~~~~~~~~~~~~~~~~~~~

X [ERROR] Could not resolve "./icons/bitcoin.js"

    node_modules/lucide-react/dist/esm/lucide-react.js:397:85:
      397 │ ...itcoinIcon, default as LucideBitcoin } from './icons/bitcoin.js';
          ╵                                                ~~~~~~~~~~~~~~~~~~~~

X [ERROR] Could not resolve "./icons/blend.js"

    node_modules/lucide-react/dist/esm/lucide-react.js:398:79:
      398 │ ...t as BlendIcon, default as LucideBlend } from './icons/blend.js';
          ╵                                                  ~~~~~~~~~~~~~~~~~~

X [ERROR] Could not resolve "./icons/blinds.js"

    node_modules/lucide-react/dist/esm/lucide-react.js:399:82:
      399 │ ...s BlindsIcon, default as LucideBlinds } from './icons/blinds.js';
          ╵                                                 ~~~~~~~~~~~~~~~~~~~

X [ERROR] Could not resolve "./icons/blocks.js"

    node_modules/lucide-react/dist/esm/lucide-react.js:400:82:
      400 │ ...s BlocksIcon, default as LucideBlocks } from './icons/blocks.js';
          ╵                                                 ~~~~~~~~~~~~~~~~~~~

X [ERROR] Could not resolve "./icons/bluetooth-connected.js"

    node_modules/lucide-react/dist/esm/lucide-react.js:401:118:
      401 │ ...LucideBluetoothConnected } from './icons/bluetooth-connected.js';
          ╵                                    ~~~~~~~~~~~~~~~~~~~~~~~~~~~~~~~~

X [ERROR] Could not resolve "./icons/bluetooth-off.js"

    node_modules/lucide-react/dist/esm/lucide-react.js:402:100:
      402 │ ... default as LucideBluetoothOff } from './icons/bluetooth-off.js';
          ╵                                          ~~~~~~~~~~~~~~~~~~~~~~~~~~

X [ERROR] Could not resolve "./icons/bluetooth-searching.js"

    node_modules/lucide-react/dist/esm/lucide-react.js:403:118:
      403 │ ...LucideBluetoothSearching } from './icons/bluetooth-searching.js';
          ╵                                    ~~~~~~~~~~~~~~~~~~~~~~~~~~~~~~~~

X [ERROR] Could not resolve "./icons/bluetooth.js"

    node_modules/lucide-react/dist/esm/lucide-react.js:404:91:
      404 │ ...thIcon, default as LucideBluetooth } from './icons/bluetooth.js';
          ╵                                              ~~~~~~~~~~~~~~~~~~~~~~

X [ERROR] Could not resolve "./icons/bold.js"

    node_modules/lucide-react/dist/esm/lucide-react.js:405:76:
      405 │ ...ault as BoldIcon, default as LucideBold } from './icons/bold.js';
          ╵                                                   ~~~~~~~~~~~~~~~~~

X [ERROR] Could not resolve "./icons/bolt.js"

    node_modules/lucide-react/dist/esm/lucide-react.js:406:76:
      406 │ ...ault as BoltIcon, default as LucideBolt } from './icons/bolt.js';
          ╵                                                   ~~~~~~~~~~~~~~~~~

X [ERROR] Could not resolve "./icons/bomb.js"

    node_modules/lucide-react/dist/esm/lucide-react.js:407:76:
      407 │ ...ault as BombIcon, default as LucideBomb } from './icons/bomb.js';
          ╵                                                   ~~~~~~~~~~~~~~~~~

X [ERROR] Could not resolve "./icons/bone.js"

    node_modules/lucide-react/dist/esm/lucide-react.js:408:76:
      408 │ ...ault as BoneIcon, default as LucideBone } from './icons/bone.js';
          ╵                                                   ~~~~~~~~~~~~~~~~~

X [ERROR] Could not resolve "./icons/book-a.js"

    node_modules/lucide-react/dist/esm/lucide-react.js:409:79:
      409 │ ... as BookAIcon, default as LucideBookA } from './icons/book-a.js';
          ╵                                                 ~~~~~~~~~~~~~~~~~~~

X [ERROR] Could not resolve "./icons/book-alert.js"

    node_modules/lucide-react/dist/esm/lucide-react.js:410:91:
      410 │ ...tIcon, default as LucideBookAlert } from './icons/book-alert.js';
          ╵                                             ~~~~~~~~~~~~~~~~~~~~~~~

X [ERROR] Could not resolve "./icons/book-audio.js"

    node_modules/lucide-react/dist/esm/lucide-react.js:411:91:
      411 │ ...oIcon, default as LucideBookAudio } from './icons/book-audio.js';
          ╵                                             ~~~~~~~~~~~~~~~~~~~~~~~

X [ERROR] Could not resolve "./icons/book-check.js"

    node_modules/lucide-react/dist/esm/lucide-react.js:412:91:
      412 │ ...kIcon, default as LucideBookCheck } from './icons/book-check.js';
          ╵                                             ~~~~~~~~~~~~~~~~~~~~~~~

X [ERROR] Could not resolve "./icons/book-copy.js"

    node_modules/lucide-react/dist/esm/lucide-react.js:413:88:
      413 │ ...opyIcon, default as LucideBookCopy } from './icons/book-copy.js';
          ╵                                              ~~~~~~~~~~~~~~~~~~~~~~

X [ERROR] Could not resolve "./icons/book-down.js"

    node_modules/lucide-react/dist/esm/lucide-react.js:414:88:
      414 │ ...ownIcon, default as LucideBookDown } from './icons/book-down.js';
          ╵                                              ~~~~~~~~~~~~~~~~~~~~~~

X [ERROR] Could not resolve "./icons/book-headphones.js"

    node_modules/lucide-react/dist/esm/lucide-react.js:415:106:
      415 │ ...ault as LucideBookHeadphones } from './icons/book-headphones.js';
          ╵                                        ~~~~~~~~~~~~~~~~~~~~~~~~~~~~

X [ERROR] Could not resolve "./icons/book-heart.js"

    node_modules/lucide-react/dist/esm/lucide-react.js:416:91:
      416 │ ...tIcon, default as LucideBookHeart } from './icons/book-heart.js';
          ╵                                             ~~~~~~~~~~~~~~~~~~~~~~~

X [ERROR] Could not resolve "./icons/book-key.js"

    node_modules/lucide-react/dist/esm/lucide-react.js:417:85:
      417 │ ...okKeyIcon, default as LucideBookKey } from './icons/book-key.js';
          ╵                                               ~~~~~~~~~~~~~~~~~~~~~

X [ERROR] Could not resolve "./icons/book-image.js"

    node_modules/lucide-react/dist/esm/lucide-react.js:418:91:
      418 │ ...eIcon, default as LucideBookImage } from './icons/book-image.js';
          ╵                                             ~~~~~~~~~~~~~~~~~~~~~~~

X [ERROR] Could not resolve "./icons/book-lock.js"

    node_modules/lucide-react/dist/esm/lucide-react.js:419:88:
      419 │ ...ockIcon, default as LucideBookLock } from './icons/book-lock.js';
          ╵                                              ~~~~~~~~~~~~~~~~~~~~~~

X [ERROR] Could not resolve "./icons/book-marked.js"

    node_modules/lucide-react/dist/esm/lucide-react.js:420:94:
      420 │ ...con, default as LucideBookMarked } from './icons/book-marked.js';
          ╵                                            ~~~~~~~~~~~~~~~~~~~~~~~~

X [ERROR] Could not resolve "./icons/book-minus.js"

    node_modules/lucide-react/dist/esm/lucide-react.js:421:91:
      421 │ ...sIcon, default as LucideBookMinus } from './icons/book-minus.js';
          ╵                                             ~~~~~~~~~~~~~~~~~~~~~~~

X [ERROR] Could not resolve "./icons/book-open-check.js"

    node_modules/lucide-react/dist/esm/lucide-react.js:422:103:
      422 │ ...fault as LucideBookOpenCheck } from './icons/book-open-check.js';
          ╵                                        ~~~~~~~~~~~~~~~~~~~~~~~~~~~~

X [ERROR] Could not resolve "./icons/book-open-text.js"

    node_modules/lucide-react/dist/esm/lucide-react.js:423:100:
      423 │ ...default as LucideBookOpenText } from './icons/book-open-text.js';
          ╵                                         ~~~~~~~~~~~~~~~~~~~~~~~~~~~

X [ERROR] Could not resolve "./icons/book-plus.js"

    node_modules/lucide-react/dist/esm/lucide-react.js:424:88:
      424 │ ...lusIcon, default as LucideBookPlus } from './icons/book-plus.js';
          ╵                                              ~~~~~~~~~~~~~~~~~~~~~~

X [ERROR] Could not resolve "./icons/book-search.js"

    node_modules/lucide-react/dist/esm/lucide-react.js:425:94:
      425 │ ...con, default as LucideBookSearch } from './icons/book-search.js';
          ╵                                            ~~~~~~~~~~~~~~~~~~~~~~~~

X [ERROR] Could not resolve "./icons/book-open.js"

    node_modules/lucide-react/dist/esm/lucide-react.js:426:88:
      426 │ ...penIcon, default as LucideBookOpen } from './icons/book-open.js';
          ╵                                              ~~~~~~~~~~~~~~~~~~~~~~

X [ERROR] Could not resolve "./icons/book-text.js"

    node_modules/lucide-react/dist/esm/lucide-react.js:427:88:
      427 │ ...extIcon, default as LucideBookText } from './icons/book-text.js';
          ╵                                              ~~~~~~~~~~~~~~~~~~~~~~

X [ERROR] Could not resolve "./icons/book-type.js"

    node_modules/lucide-react/dist/esm/lucide-react.js:428:88:
      428 │ ...ypeIcon, default as LucideBookType } from './icons/book-type.js';
          ╵                                              ~~~~~~~~~~~~~~~~~~~~~~

X [ERROR] Could not resolve "./icons/book-up-2.js"

    node_modules/lucide-react/dist/esm/lucide-react.js:429:85:
      429 │ ...kUp2Icon, default as LucideBookUp2 } from './icons/book-up-2.js';
          ╵                                              ~~~~~~~~~~~~~~~~~~~~~~

X [ERROR] Could not resolve "./icons/book-up.js"

    node_modules/lucide-react/dist/esm/lucide-react.js:430:82:
      430 │ ... BookUpIcon, default as LucideBookUp } from './icons/book-up.js';
          ╵                                                ~~~~~~~~~~~~~~~~~~~~

X [ERROR] Could not resolve "./icons/book-user.js"

    node_modules/lucide-react/dist/esm/lucide-react.js:431:88:
      431 │ ...serIcon, default as LucideBookUser } from './icons/book-user.js';
          ╵                                              ~~~~~~~~~~~~~~~~~~~~~~

X [ERROR] Could not resolve "./icons/book.js"

    node_modules/lucide-react/dist/esm/lucide-react.js:432:76:
      432 │ ...ault as BookIcon, default as LucideBook } from './icons/book.js';
          ╵                                                   ~~~~~~~~~~~~~~~~~

X [ERROR] Could not resolve "./icons/book-x.js"

    node_modules/lucide-react/dist/esm/lucide-react.js:433:79:
      433 │ ... as BookXIcon, default as LucideBookX } from './icons/book-x.js';
          ╵                                                 ~~~~~~~~~~~~~~~~~~~

X [ERROR] Could not resolve "./icons/bookmark-check.js"

    node_modules/lucide-react/dist/esm/lucide-react.js:434:103:
      434 │ ...efault as LucideBookmarkCheck } from './icons/bookmark-check.js';
          ╵                                         ~~~~~~~~~~~~~~~~~~~~~~~~~~~

X [ERROR] Could not resolve "./icons/bookmark-plus.js"

    node_modules/lucide-react/dist/esm/lucide-react.js:435:100:
      435 │ ... default as LucideBookmarkPlus } from './icons/bookmark-plus.js';
          ╵                                          ~~~~~~~~~~~~~~~~~~~~~~~~~~

X [ERROR] Could not resolve "./icons/bookmark-minus.js"

    node_modules/lucide-react/dist/esm/lucide-react.js:436:103:
      436 │ ...efault as LucideBookmarkMinus } from './icons/bookmark-minus.js';
          ╵                                         ~~~~~~~~~~~~~~~~~~~~~~~~~~~

X [ERROR] Could not resolve "./icons/bookmark-x.js"

    node_modules/lucide-react/dist/esm/lucide-react.js:437:91:
      437 │ ...XIcon, default as LucideBookmarkX } from './icons/bookmark-x.js';
          ╵                                             ~~~~~~~~~~~~~~~~~~~~~~~

X [ERROR] Could not resolve "./icons/boom-box.js"

    node_modules/lucide-react/dist/esm/lucide-react.js:438:85:
      438 │ ...omBoxIcon, default as LucideBoomBox } from './icons/boom-box.js';
          ╵                                               ~~~~~~~~~~~~~~~~~~~~~

X [ERROR] Could not resolve "./icons/bookmark.js"

    node_modules/lucide-react/dist/esm/lucide-react.js:439:88:
      439 │ ...markIcon, default as LucideBookmark } from './icons/bookmark.js';
          ╵                                               ~~~~~~~~~~~~~~~~~~~~~

X [ERROR] Could not resolve "./icons/bot-message-square.js"

    node_modules/lucide-react/dist/esm/lucide-react.js:440:112:
      440 │ ...as LucideBotMessageSquare } from './icons/bot-message-square.js';
          ╵                                     ~~~~~~~~~~~~~~~~~~~~~~~~~~~~~~~

X [ERROR] Could not resolve "./icons/bot-off.js"

    node_modules/lucide-react/dist/esm/lucide-react.js:441:82:
      441 │ ... BotOffIcon, default as LucideBotOff } from './icons/bot-off.js';
          ╵                                                ~~~~~~~~~~~~~~~~~~~~

X [ERROR] Could not resolve "./icons/bot.js"

    node_modules/lucide-react/dist/esm/lucide-react.js:442:73:
      442 │ ...default as BotIcon, default as LucideBot } from './icons/bot.js';
          ╵                                                    ~~~~~~~~~~~~~~~~

X [ERROR] Could not resolve "./icons/bottle-wine.js"

    node_modules/lucide-react/dist/esm/lucide-react.js:443:94:
      443 │ ...con, default as LucideBottleWine } from './icons/bottle-wine.js';
          ╵                                            ~~~~~~~~~~~~~~~~~~~~~~~~

X [ERROR] Could not resolve "./icons/bow-arrow.js"

    node_modules/lucide-react/dist/esm/lucide-react.js:444:88:
      444 │ ...rowIcon, default as LucideBowArrow } from './icons/bow-arrow.js';
          ╵                                              ~~~~~~~~~~~~~~~~~~~~~~

X [ERROR] Could not resolve "./icons/box.js"

    node_modules/lucide-react/dist/esm/lucide-react.js:445:73:
      445 │ ...default as BoxIcon, default as LucideBox } from './icons/box.js';
          ╵                                                    ~~~~~~~~~~~~~~~~

X [ERROR] Could not resolve "./icons/boxes.js"

    node_modules/lucide-react/dist/esm/lucide-react.js:446:79:
      446 │ ...t as BoxesIcon, default as LucideBoxes } from './icons/boxes.js';
          ╵                                                  ~~~~~~~~~~~~~~~~~~

X [ERROR] Could not resolve "./icons/brackets.js"

    node_modules/lucide-react/dist/esm/lucide-react.js:447:88:
      447 │ ...ketsIcon, default as LucideBrackets } from './icons/brackets.js';
          ╵                                               ~~~~~~~~~~~~~~~~~~~~~

X [ERROR] Could not resolve "./icons/brain-circuit.js"

    node_modules/lucide-react/dist/esm/lucide-react.js:448:100:
      448 │ ... default as LucideBrainCircuit } from './icons/brain-circuit.js';
          ╵                                          ~~~~~~~~~~~~~~~~~~~~~~~~~~

X [ERROR] Could not resolve "./icons/brain-cog.js"

    node_modules/lucide-react/dist/esm/lucide-react.js:449:88:
      449 │ ...CogIcon, default as LucideBrainCog } from './icons/brain-cog.js';
          ╵                                              ~~~~~~~~~~~~~~~~~~~~~~

X [ERROR] Could not resolve "./icons/brain.js"

    node_modules/lucide-react/dist/esm/lucide-react.js:450:79:
      450 │ ...t as BrainIcon, default as LucideBrain } from './icons/brain.js';
          ╵                                                  ~~~~~~~~~~~~~~~~~~

X [ERROR] Could not resolve "./icons/brick-wall-fire.js"

    node_modules/lucide-react/dist/esm/lucide-react.js:451:103:
      451 │ ...fault as LucideBrickWallFire } from './icons/brick-wall-fire.js';
          ╵                                        ~~~~~~~~~~~~~~~~~~~~~~~~~~~~

X [ERROR] Could not resolve "./icons/brick-wall-shield.js"

    node_modules/lucide-react/dist/esm/lucide-react.js:452:109:
      452 │ ...t as LucideBrickWallShield } from './icons/brick-wall-shield.js';
          ╵                                      ~~~~~~~~~~~~~~~~~~~~~~~~~~~~~~

X [ERROR] Could not resolve "./icons/brick-wall.js"

    node_modules/lucide-react/dist/esm/lucide-react.js:453:91:
      453 │ ...lIcon, default as LucideBrickWall } from './icons/brick-wall.js';
          ╵                                             ~~~~~~~~~~~~~~~~~~~~~~~

X [ERROR] Could not resolve "./icons/briefcase-business.js"

    node_modules/lucide-react/dist/esm/lucide-react.js:454:115:
      454 │ ...s LucideBriefcaseBusiness } from './icons/briefcase-business.js';
          ╵                                     ~~~~~~~~~~~~~~~~~~~~~~~~~~~~~~~

X [ERROR] Could not resolve "./icons/briefcase-conveyor-belt.js"

    node_modules/lucide-react/dist/esm/lucide-react.js:455:127:
      455 │ ...riefcaseConveyorBelt } from './icons/briefcase-conveyor-belt.js';
          ╵                                ~~~~~~~~~~~~~~~~~~~~~~~~~~~~~~~~~~~~

X [ERROR] Could not resolve "./icons/briefcase-medical.js"

    node_modules/lucide-react/dist/esm/lucide-react.js:456:112:
      456 │ ... as LucideBriefcaseMedical } from './icons/briefcase-medical.js';
          ╵                                      ~~~~~~~~~~~~~~~~~~~~~~~~~~~~~~

X [ERROR] Could not resolve "./icons/briefcase.js"

    node_modules/lucide-react/dist/esm/lucide-react.js:457:91:
      457 │ ...seIcon, default as LucideBriefcase } from './icons/briefcase.js';
          ╵                                              ~~~~~~~~~~~~~~~~~~~~~~

X [ERROR] Could not resolve "./icons/bring-to-front.js"

    node_modules/lucide-react/dist/esm/lucide-react.js:458:100:
      458 │ ...default as LucideBringToFront } from './icons/bring-to-front.js';
          ╵                                         ~~~~~~~~~~~~~~~~~~~~~~~~~~~

X [ERROR] Could not resolve "./icons/brush-cleaning.js"

    node_modules/lucide-react/dist/esm/lucide-react.js:459:103:
      459 │ ...efault as LucideBrushCleaning } from './icons/brush-cleaning.js';
          ╵                                         ~~~~~~~~~~~~~~~~~~~~~~~~~~~

X [ERROR] Could not resolve "./icons/brush.js"

    node_modules/lucide-react/dist/esm/lucide-react.js:460:79:
      460 │ ...t as BrushIcon, default as LucideBrush } from './icons/brush.js';
          ╵                                                  ~~~~~~~~~~~~~~~~~~

X [ERROR] Could not resolve "./icons/bubbles.js"

    node_modules/lucide-react/dist/esm/lucide-react.js:461:85:
      461 │ ...ubblesIcon, default as LucideBubbles } from './icons/bubbles.js';
          ╵                                                ~~~~~~~~~~~~~~~~~~~~

X [ERROR] Could not resolve "./icons/bug-off.js"

    node_modules/lucide-react/dist/esm/lucide-react.js:462:82:
      462 │ ... BugOffIcon, default as LucideBugOff } from './icons/bug-off.js';
          ╵                                                ~~~~~~~~~~~~~~~~~~~~

X [ERROR] Could not resolve "./icons/bug-play.js"

    node_modules/lucide-react/dist/esm/lucide-react.js:463:85:
      463 │ ...gPlayIcon, default as LucideBugPlay } from './icons/bug-play.js';
          ╵                                               ~~~~~~~~~~~~~~~~~~~~~

X [ERROR] Could not resolve "./icons/bug.js"

    node_modules/lucide-react/dist/esm/lucide-react.js:464:73:
      464 │ ...default as BugIcon, default as LucideBug } from './icons/bug.js';
          ╵                                                    ~~~~~~~~~~~~~~~~

X [ERROR] Could not resolve "./icons/building-2.js"

    node_modules/lucide-react/dist/esm/lucide-react.js:465:91:
      465 │ ...2Icon, default as LucideBuilding2 } from './icons/building-2.js';
          ╵                                             ~~~~~~~~~~~~~~~~~~~~~~~

X [ERROR] Could not resolve "./icons/building.js"

    node_modules/lucide-react/dist/esm/lucide-react.js:466:88:
      466 │ ...dingIcon, default as LucideBuilding } from './icons/building.js';
          ╵                                               ~~~~~~~~~~~~~~~~~~~~~

X [ERROR] Could not resolve "./icons/bus-front.js"

    node_modules/lucide-react/dist/esm/lucide-react.js:467:88:
      467 │ ...ontIcon, default as LucideBusFront } from './icons/bus-front.js';
          ╵                                              ~~~~~~~~~~~~~~~~~~~~~~

X [ERROR] Could not resolve "./icons/bus.js"

    node_modules/lucide-react/dist/esm/lucide-react.js:468:73:
      468 │ ...default as BusIcon, default as LucideBus } from './icons/bus.js';
          ╵                                                    ~~~~~~~~~~~~~~~~

X [ERROR] Could not resolve "./icons/cable-car.js"

    node_modules/lucide-react/dist/esm/lucide-react.js:469:88:
      469 │ ...CarIcon, default as LucideCableCar } from './icons/cable-car.js';
          ╵                                              ~~~~~~~~~~~~~~~~~~~~~~

X [ERROR] Could not resolve "./icons/cake-slice.js"

    node_modules/lucide-react/dist/esm/lucide-react.js:470:91:
      470 │ ...eIcon, default as LucideCakeSlice } from './icons/cake-slice.js';
          ╵                                             ~~~~~~~~~~~~~~~~~~~~~~~

X [ERROR] Could not resolve "./icons/cable.js"

    node_modules/lucide-react/dist/esm/lucide-react.js:471:79:
      471 │ ...t as CableIcon, default as LucideCable } from './icons/cable.js';
          ╵                                                  ~~~~~~~~~~~~~~~~~~

X [ERROR] Could not resolve "./icons/cake.js"

    node_modules/lucide-react/dist/esm/lucide-react.js:472:76:
      472 │ ...ault as CakeIcon, default as LucideCake } from './icons/cake.js';
          ╵                                                   ~~~~~~~~~~~~~~~~~

X [ERROR] Could not resolve "./icons/calculator.js"

    node_modules/lucide-react/dist/esm/lucide-react.js:473:94:
      473 │ ...Icon, default as LucideCalculator } from './icons/calculator.js';
          ╵                                             ~~~~~~~~~~~~~~~~~~~~~~~

X [ERROR] Could not resolve "./icons/calendar-1.js"

    node_modules/lucide-react/dist/esm/lucide-react.js:474:91:
      474 │ ...1Icon, default as LucideCalendar1 } from './icons/calendar-1.js';
          ╵                                             ~~~~~~~~~~~~~~~~~~~~~~~

X [ERROR] Could not resolve "./icons/calendar-arrow-down.js"

    node_modules/lucide-react/dist/esm/lucide-react.js:475:115:
      475 │ ... LucideCalendarArrowDown } from './icons/calendar-arrow-down.js';
          ╵                                    ~~~~~~~~~~~~~~~~~~~~~~~~~~~~~~~~

X [ERROR] Could not resolve "./icons/calendar-check.js"

    node_modules/lucide-react/dist/esm/lucide-react.js:476:103:
      476 │ ...efault as LucideCalendarCheck } from './icons/calendar-check.js';
          ╵                                         ~~~~~~~~~~~~~~~~~~~~~~~~~~~

X [ERROR] Could not resolve "./icons/calendar-arrow-up.js"

    node_modules/lucide-react/dist/esm/lucide-react.js:477:109:
      477 │ ...t as LucideCalendarArrowUp } from './icons/calendar-arrow-up.js';
          ╵                                      ~~~~~~~~~~~~~~~~~~~~~~~~~~~~~~

X [ERROR] Could not resolve "./icons/calendar-clock.js"

    node_modules/lucide-react/dist/esm/lucide-react.js:478:103:
      478 │ ...efault as LucideCalendarClock } from './icons/calendar-clock.js';
          ╵                                         ~~~~~~~~~~~~~~~~~~~~~~~~~~~

X [ERROR] Could not resolve "./icons/calendar-check-2.js"

    node_modules/lucide-react/dist/esm/lucide-react.js:479:106:
      479 │ ...ult as LucideCalendarCheck2 } from './icons/calendar-check-2.js';
          ╵                                       ~~~~~~~~~~~~~~~~~~~~~~~~~~~~~

X [ERROR] Could not resolve "./icons/calendar-cog.js"

    node_modules/lucide-react/dist/esm/lucide-react.js:480:97:
      480 │ ...n, default as LucideCalendarCog } from './icons/calendar-cog.js';
          ╵                                           ~~~~~~~~~~~~~~~~~~~~~~~~~

X [ERROR] Could not resolve "./icons/calendar-days.js"

    node_modules/lucide-react/dist/esm/lucide-react.js:481:100:
      481 │ ... default as LucideCalendarDays } from './icons/calendar-days.js';
          ╵                                          ~~~~~~~~~~~~~~~~~~~~~~~~~~

X [ERROR] Could not resolve "./icons/calendar-fold.js"

    node_modules/lucide-react/dist/esm/lucide-react.js:482:100:
      482 │ ... default as LucideCalendarFold } from './icons/calendar-fold.js';
          ╵                                          ~~~~~~~~~~~~~~~~~~~~~~~~~~

X [ERROR] Could not resolve "./icons/calendar-heart.js"

    node_modules/lucide-react/dist/esm/lucide-react.js:483:103:
      483 │ ...efault as LucideCalendarHeart } from './icons/calendar-heart.js';
          ╵                                         ~~~~~~~~~~~~~~~~~~~~~~~~~~~

X [ERROR] Could not resolve "./icons/calendar-minus-2.js"

    node_modules/lucide-react/dist/esm/lucide-react.js:484:106:
      484 │ ...ult as LucideCalendarMinus2 } from './icons/calendar-minus-2.js';
          ╵                                       ~~~~~~~~~~~~~~~~~~~~~~~~~~~~~

X [ERROR] Could not resolve "./icons/calendar-minus.js"

    node_modules/lucide-react/dist/esm/lucide-react.js:485:103:
      485 │ ...efault as LucideCalendarMinus } from './icons/calendar-minus.js';
          ╵                                         ~~~~~~~~~~~~~~~~~~~~~~~~~~~

X [ERROR] Could not resolve "./icons/calendar-off.js"

    node_modules/lucide-react/dist/esm/lucide-react.js:486:97:
      486 │ ...n, default as LucideCalendarOff } from './icons/calendar-off.js';
          ╵                                           ~~~~~~~~~~~~~~~~~~~~~~~~~

X [ERROR] Could not resolve "./icons/calendar-plus-2.js"

    node_modules/lucide-react/dist/esm/lucide-react.js:487:103:
      487 │ ...fault as LucideCalendarPlus2 } from './icons/calendar-plus-2.js';
          ╵                                        ~~~~~~~~~~~~~~~~~~~~~~~~~~~~

X [ERROR] Could not resolve "./icons/calendar-plus.js"

    node_modules/lucide-react/dist/esm/lucide-react.js:488:100:
      488 │ ... default as LucideCalendarPlus } from './icons/calendar-plus.js';
          ╵                                          ~~~~~~~~~~~~~~~~~~~~~~~~~~

X [ERROR] Could not resolve "./icons/calendar-search.js"

    node_modules/lucide-react/dist/esm/lucide-react.js:489:106:
      489 │ ...ault as LucideCalendarSearch } from './icons/calendar-search.js';
          ╵                                        ~~~~~~~~~~~~~~~~~~~~~~~~~~~~

X [ERROR] Could not resolve "./icons/calendar-range.js"

    node_modules/lucide-react/dist/esm/lucide-react.js:490:103:
      490 │ ...efault as LucideCalendarRange } from './icons/calendar-range.js';
          ╵                                         ~~~~~~~~~~~~~~~~~~~~~~~~~~~

X [ERROR] Could not resolve "./icons/calendar-sync.js"

    node_modules/lucide-react/dist/esm/lucide-react.js:491:100:
      491 │ ... default as LucideCalendarSync } from './icons/calendar-sync.js';
          ╵                                          ~~~~~~~~~~~~~~~~~~~~~~~~~~

X [ERROR] Could not resolve "./icons/calendar-x-2.js"

    node_modules/lucide-react/dist/esm/lucide-react.js:492:94:
      492 │ ...on, default as LucideCalendarX2 } from './icons/calendar-x-2.js';
          ╵                                           ~~~~~~~~~~~~~~~~~~~~~~~~~

X [ERROR] Could not resolve "./icons/calendar-x.js"

    node_modules/lucide-react/dist/esm/lucide-react.js:493:91:
      493 │ ...XIcon, default as LucideCalendarX } from './icons/calendar-x.js';
          ╵                                             ~~~~~~~~~~~~~~~~~~~~~~~

X [ERROR] Could not resolve "./icons/calendar.js"

    node_modules/lucide-react/dist/esm/lucide-react.js:494:88:
      494 │ ...ndarIcon, default as LucideCalendar } from './icons/calendar.js';
          ╵                                               ~~~~~~~~~~~~~~~~~~~~~

X [ERROR] Could not resolve "./icons/camera-off.js"

    node_modules/lucide-react/dist/esm/lucide-react.js:495:91:
      495 │ ...fIcon, default as LucideCameraOff } from './icons/camera-off.js';
          ╵                                             ~~~~~~~~~~~~~~~~~~~~~~~

X [ERROR] Could not resolve "./icons/calendars.js"

    node_modules/lucide-react/dist/esm/lucide-react.js:496:91:
      496 │ ...rsIcon, default as LucideCalendars } from './icons/calendars.js';
          ╵                                              ~~~~~~~~~~~~~~~~~~~~~~

X [ERROR] Could not resolve "./icons/camera.js"

    node_modules/lucide-react/dist/esm/lucide-react.js:497:82:
      497 │ ...s CameraIcon, default as LucideCamera } from './icons/camera.js';
          ╵                                                 ~~~~~~~~~~~~~~~~~~~

X [ERROR] Could not resolve "./icons/candy-cane.js"

    node_modules/lucide-react/dist/esm/lucide-react.js:498:91:
      498 │ ...eIcon, default as LucideCandyCane } from './icons/candy-cane.js';
          ╵                                             ~~~~~~~~~~~~~~~~~~~~~~~

X [ERROR] Could not resolve "./icons/candy-off.js"

    node_modules/lucide-react/dist/esm/lucide-react.js:499:88:
      499 │ ...OffIcon, default as LucideCandyOff } from './icons/candy-off.js';
          ╵                                              ~~~~~~~~~~~~~~~~~~~~~~

X [ERROR] Could not resolve "./icons/candy.js"

    node_modules/lucide-react/dist/esm/lucide-react.js:500:79:
      500 │ ...t as CandyIcon, default as LucideCandy } from './icons/candy.js';
          ╵                                                  ~~~~~~~~~~~~~~~~~~

X [ERROR] Could not resolve "./icons/cannabis.js"

    node_modules/lucide-react/dist/esm/lucide-react.js:501:88:
      501 │ ...abisIcon, default as LucideCannabis } from './icons/cannabis.js';
          ╵                                               ~~~~~~~~~~~~~~~~~~~~~

X [ERROR] Could not resolve "./icons/cannabis-off.js"

    node_modules/lucide-react/dist/esm/lucide-react.js:502:97:
      502 │ ...n, default as LucideCannabisOff } from './icons/cannabis-off.js';
          ╵                                           ~~~~~~~~~~~~~~~~~~~~~~~~~

X [ERROR] Could not resolve "./icons/captions-off.js"

    node_modules/lucide-react/dist/esm/lucide-react.js:503:97:
      503 │ ...n, default as LucideCaptionsOff } from './icons/captions-off.js';
          ╵                                           ~~~~~~~~~~~~~~~~~~~~~~~~~

X [ERROR] Could not resolve "./icons/car-front.js"

    node_modules/lucide-react/dist/esm/lucide-react.js:504:88:
      504 │ ...ontIcon, default as LucideCarFront } from './icons/car-front.js';
          ╵                                              ~~~~~~~~~~~~~~~~~~~~~~

X [ERROR] Could not resolve "./icons/car-taxi-front.js"

    node_modules/lucide-react/dist/esm/lucide-react.js:505:100:
      505 │ ...default as LucideCarTaxiFront } from './icons/car-taxi-front.js';
          ╵                                         ~~~~~~~~~~~~~~~~~~~~~~~~~~~

X [ERROR] Could not resolve "./icons/caravan.js"

    node_modules/lucide-react/dist/esm/lucide-react.js:506:85:
      506 │ ...aravanIcon, default as LucideCaravan } from './icons/caravan.js';
          ╵                                                ~~~~~~~~~~~~~~~~~~~~

X [ERROR] Could not resolve "./icons/car.js"

    node_modules/lucide-react/dist/esm/lucide-react.js:507:73:
      507 │ ...default as CarIcon, default as LucideCar } from './icons/car.js';
          ╵                                                    ~~~~~~~~~~~~~~~~

X [ERROR] Could not resolve "./icons/card-sim.js"

    node_modules/lucide-react/dist/esm/lucide-react.js:508:85:
      508 │ ...rdSimIcon, default as LucideCardSim } from './icons/card-sim.js';
          ╵                                               ~~~~~~~~~~~~~~~~~~~~~

X [ERROR] Could not resolve "./icons/carrot.js"

    node_modules/lucide-react/dist/esm/lucide-react.js:509:82:
      509 │ ...s CarrotIcon, default as LucideCarrot } from './icons/carrot.js';
          ╵                                                 ~~~~~~~~~~~~~~~~~~~

X [ERROR] Could not resolve "./icons/case-lower.js"

    node_modules/lucide-react/dist/esm/lucide-react.js:510:91:
      510 │ ...rIcon, default as LucideCaseLower } from './icons/case-lower.js';
          ╵                                             ~~~~~~~~~~~~~~~~~~~~~~~

X [ERROR] Could not resolve "./icons/case-sensitive.js"

    node_modules/lucide-react/dist/esm/lucide-react.js:511:103:
      511 │ ...efault as LucideCaseSensitive } from './icons/case-sensitive.js';
          ╵                                         ~~~~~~~~~~~~~~~~~~~~~~~~~~~

X [ERROR] Could not resolve "./icons/case-upper.js"

    node_modules/lucide-react/dist/esm/lucide-react.js:512:91:
      512 │ ...rIcon, default as LucideCaseUpper } from './icons/case-upper.js';
          ╵                                             ~~~~~~~~~~~~~~~~~~~~~~~

X [ERROR] Could not resolve "./icons/cassette-tape.js"

    node_modules/lucide-react/dist/esm/lucide-react.js:513:100:
      513 │ ... default as LucideCassetteTape } from './icons/cassette-tape.js';
          ╵                                          ~~~~~~~~~~~~~~~~~~~~~~~~~~

X [ERROR] Could not resolve "./icons/cast.js"

    node_modules/lucide-react/dist/esm/lucide-react.js:514:76:
      514 │ ...ault as CastIcon, default as LucideCast } from './icons/cast.js';
          ╵                                                   ~~~~~~~~~~~~~~~~~

X [ERROR] Could not resolve "./icons/castle.js"

    node_modules/lucide-react/dist/esm/lucide-react.js:515:82:
      515 │ ...s CastleIcon, default as LucideCastle } from './icons/castle.js';
          ╵                                                 ~~~~~~~~~~~~~~~~~~~

X [ERROR] Could not resolve "./icons/cat.js"

    node_modules/lucide-react/dist/esm/lucide-react.js:516:73:
      516 │ ...default as CatIcon, default as LucideCat } from './icons/cat.js';
          ╵                                                    ~~~~~~~~~~~~~~~~

X [ERROR] Could not resolve "./icons/cctv.js"

    node_modules/lucide-react/dist/esm/lucide-react.js:517:76:
      517 │ ...ault as CctvIcon, default as LucideCctv } from './icons/cctv.js';
          ╵                                                   ~~~~~~~~~~~~~~~~~

X [ERROR] Could not resolve "./icons/chart-bar-decreasing.js"

    node_modules/lucide-react/dist/esm/lucide-react.js:518:118:
      518 │ ...ucideChartBarDecreasing } from './icons/chart-bar-decreasing.js';
          ╵                                   ~~~~~~~~~~~~~~~~~~~~~~~~~~~~~~~~~

X [ERROR] Could not resolve "./icons/chart-bar-increasing.js"

    node_modules/lucide-react/dist/esm/lucide-react.js:519:118:
      519 │ ...ucideChartBarIncreasing } from './icons/chart-bar-increasing.js';
          ╵                                   ~~~~~~~~~~~~~~~~~~~~~~~~~~~~~~~~~

X [ERROR] Could not resolve "./icons/chart-bar-stacked.js"

    node_modules/lucide-react/dist/esm/lucide-react.js:520:109:
      520 │ ...t as LucideChartBarStacked } from './icons/chart-bar-stacked.js';
          ╵                                      ~~~~~~~~~~~~~~~~~~~~~~~~~~~~~~

X [ERROR] Could not resolve "./icons/chart-column-decreasing.js"

    node_modules/lucide-react/dist/esm/lucide-react.js:521:127:
      521 │ ...hartColumnDecreasing } from './icons/chart-column-decreasing.js';
          ╵                                ~~~~~~~~~~~~~~~~~~~~~~~~~~~~~~~~~~~~

X [ERROR] Could not resolve "./icons/chart-column-stacked.js"

    node_modules/lucide-react/dist/esm/lucide-react.js:522:118:
      522 │ ...ucideChartColumnStacked } from './icons/chart-column-stacked.js';
          ╵                                   ~~~~~~~~~~~~~~~~~~~~~~~~~~~~~~~~~

X [ERROR] Could not resolve "./icons/chart-gantt.js"

    node_modules/lucide-react/dist/esm/lucide-react.js:523:94:
      523 │ ...con, default as LucideChartGantt } from './icons/chart-gantt.js';
          ╵                                            ~~~~~~~~~~~~~~~~~~~~~~~~

X [ERROR] Could not resolve "./icons/chart-no-axes-column-decreasing.js"

    node_modules/lucide-react/dist/esm/lucide-react.js:524:145:
      524 │ ...mnDecreasing } from './icons/chart-no-axes-column-decreasing.js';
          ╵                        ~~~~~~~~~~~~~~~~~~~~~~~~~~~~~~~~~~~~~~~~~~~~

X [ERROR] Could not resolve "./icons/chart-network.js"

    node_modules/lucide-react/dist/esm/lucide-react.js:525:100:
      525 │ ... default as LucideChartNetwork } from './icons/chart-network.js';
          ╵                                          ~~~~~~~~~~~~~~~~~~~~~~~~~~

X [ERROR] Could not resolve "./icons/chart-no-axes-combined.js"

    node_modules/lucide-react/dist/esm/lucide-react.js:526:121:
      526 │ ...deChartNoAxesCombined } from './icons/chart-no-axes-combined.js';
          ╵                                 ~~~~~~~~~~~~~~~~~~~~~~~~~~~~~~~~~~~

X [ERROR] Could not resolve "./icons/chart-spline.js"

    node_modules/lucide-react/dist/esm/lucide-react.js:527:97:
      527 │ ...n, default as LucideChartSpline } from './icons/chart-spline.js';
          ╵                                           ~~~~~~~~~~~~~~~~~~~~~~~~~

X [ERROR] Could not resolve "./icons/check-check.js"

    node_modules/lucide-react/dist/esm/lucide-react.js:528:94:
      528 │ ...con, default as LucideCheckCheck } from './icons/check-check.js';
          ╵                                            ~~~~~~~~~~~~~~~~~~~~~~~~

X [ERROR] Could not resolve "./icons/check-line.js"

    node_modules/lucide-react/dist/esm/lucide-react.js:529:91:
      529 │ ...eIcon, default as LucideCheckLine } from './icons/check-line.js';
          ╵                                             ~~~~~~~~~~~~~~~~~~~~~~~

X [ERROR] Could not resolve "./icons/check.js"

    node_modules/lucide-react/dist/esm/lucide-react.js:530:79:
      530 │ ...t as CheckIcon, default as LucideCheck } from './icons/check.js';
          ╵                                                  ~~~~~~~~~~~~~~~~~~

X [ERROR] Could not resolve "./icons/chef-hat.js"

    node_modules/lucide-react/dist/esm/lucide-react.js:531:85:
      531 │ ...efHatIcon, default as LucideChefHat } from './icons/chef-hat.js';
          ╵                                               ~~~~~~~~~~~~~~~~~~~~~

X [ERROR] Could not resolve "./icons/cherry.js"

    node_modules/lucide-react/dist/esm/lucide-react.js:532:82:
      532 │ ...s CherryIcon, default as LucideCherry } from './icons/cherry.js';
          ╵                                                 ~~~~~~~~~~~~~~~~~~~

X [ERROR] Could not resolve "./icons/chess-bishop.js"

    node_modules/lucide-react/dist/esm/lucide-react.js:533:97:
      533 │ ...n, default as LucideChessBishop } from './icons/chess-bishop.js';
          ╵                                           ~~~~~~~~~~~~~~~~~~~~~~~~~

X [ERROR] Could not resolve "./icons/chess-king.js"

    node_modules/lucide-react/dist/esm/lucide-react.js:534:91:
      534 │ ...gIcon, default as LucideChessKing } from './icons/chess-king.js';
          ╵                                             ~~~~~~~~~~~~~~~~~~~~~~~

X [ERROR] Could not resolve "./icons/chess-knight.js"

    node_modules/lucide-react/dist/esm/lucide-react.js:535:97:
      535 │ ...n, default as LucideChessKnight } from './icons/chess-knight.js';
          ╵                                           ~~~~~~~~~~~~~~~~~~~~~~~~~

X [ERROR] Could not resolve "./icons/chess-pawn.js"

    node_modules/lucide-react/dist/esm/lucide-react.js:536:91:
      536 │ ...nIcon, default as LucideChessPawn } from './icons/chess-pawn.js';
          ╵                                             ~~~~~~~~~~~~~~~~~~~~~~~

X [ERROR] Could not resolve "./icons/chess-rook.js"

    node_modules/lucide-react/dist/esm/lucide-react.js:537:91:
      537 │ ...kIcon, default as LucideChessRook } from './icons/chess-rook.js';
          ╵                                             ~~~~~~~~~~~~~~~~~~~~~~~

X [ERROR] Could not resolve "./icons/chess-queen.js"

    node_modules/lucide-react/dist/esm/lucide-react.js:538:94:
      538 │ ...con, default as LucideChessQueen } from './icons/chess-queen.js';
          ╵                                            ~~~~~~~~~~~~~~~~~~~~~~~~

X [ERROR] Could not resolve "./icons/chevron-down.js"

    node_modules/lucide-react/dist/esm/lucide-react.js:539:97:
      539 │ ...n, default as LucideChevronDown } from './icons/chevron-down.js';
          ╵                                           ~~~~~~~~~~~~~~~~~~~~~~~~~

X [ERROR] Could not resolve "./icons/chevron-first.js"

    node_modules/lucide-react/dist/esm/lucide-react.js:540:100:
      540 │ ... default as LucideChevronFirst } from './icons/chevron-first.js';
          ╵                                          ~~~~~~~~~~~~~~~~~~~~~~~~~~

X [ERROR] Could not resolve "./icons/chevron-last.js"

    node_modules/lucide-react/dist/esm/lucide-react.js:541:97:
      541 │ ...n, default as LucideChevronLast } from './icons/chevron-last.js';
          ╵                                           ~~~~~~~~~~~~~~~~~~~~~~~~~

X [ERROR] Could not resolve "./icons/chevron-left.js"

    node_modules/lucide-react/dist/esm/lucide-react.js:542:97:
      542 │ ...n, default as LucideChevronLeft } from './icons/chevron-left.js';
          ╵                                           ~~~~~~~~~~~~~~~~~~~~~~~~~

X [ERROR] Could not resolve "./icons/chevron-right.js"

    node_modules/lucide-react/dist/esm/lucide-react.js:543:100:
      543 │ ... default as LucideChevronRight } from './icons/chevron-right.js';
          ╵                                          ~~~~~~~~~~~~~~~~~~~~~~~~~~

X [ERROR] Could not resolve "./icons/chevron-up.js"

    node_modules/lucide-react/dist/esm/lucide-react.js:544:91:
      544 │ ...pIcon, default as LucideChevronUp } from './icons/chevron-up.js';
          ╵                                             ~~~~~~~~~~~~~~~~~~~~~~~

X [ERROR] Could not resolve "./icons/chevrons-down-up.js"

    node_modules/lucide-react/dist/esm/lucide-react.js:545:106:
      545 │ ...ult as LucideChevronsDownUp } from './icons/chevrons-down-up.js';
          ╵                                       ~~~~~~~~~~~~~~~~~~~~~~~~~~~~~

X [ERROR] Could not resolve "./icons/chevrons-down.js"

    node_modules/lucide-react/dist/esm/lucide-react.js:546:100:
      546 │ ... default as LucideChevronsDown } from './icons/chevrons-down.js';
          ╵                                          ~~~~~~~~~~~~~~~~~~~~~~~~~~

X [ERROR] Could not resolve "./icons/chevrons-left-right-ellipsis.js"

    node_modules/lucide-react/dist/esm/lucide-react.js:547:139:
      547 │ ...ftRightEllipsis } from './icons/chevrons-left-right-ellipsis.js';
          ╵                           ~~~~~~~~~~~~~~~~~~~~~~~~~~~~~~~~~~~~~~~~~

X [ERROR] Could not resolve "./icons/chevrons-left-right.js"

    node_modules/lucide-react/dist/esm/lucide-react.js:548:115:
      548 │ ... LucideChevronsLeftRight } from './icons/chevrons-left-right.js';
          ╵                                    ~~~~~~~~~~~~~~~~~~~~~~~~~~~~~~~~

X [ERROR] Could not resolve "./icons/chevrons-right-left.js"

    node_modules/lucide-react/dist/esm/lucide-react.js:549:115:
      549 │ ... LucideChevronsRightLeft } from './icons/chevrons-right-left.js';
          ╵                                    ~~~~~~~~~~~~~~~~~~~~~~~~~~~~~~~~

X [ERROR] Could not resolve "./icons/chevrons-left.js"

    node_modules/lucide-react/dist/esm/lucide-react.js:550:100:
      550 │ ... default as LucideChevronsLeft } from './icons/chevrons-left.js';
          ╵                                          ~~~~~~~~~~~~~~~~~~~~~~~~~~

X [ERROR] Could not resolve "./icons/chevrons-right.js"

    node_modules/lucide-react/dist/esm/lucide-react.js:551:103:
      551 │ ...efault as LucideChevronsRight } from './icons/chevrons-right.js';
          ╵                                         ~~~~~~~~~~~~~~~~~~~~~~~~~~~

X [ERROR] Could not resolve "./icons/chevrons-up-down.js"

    node_modules/lucide-react/dist/esm/lucide-react.js:552:106:
      552 │ ...ult as LucideChevronsUpDown } from './icons/chevrons-up-down.js';
          ╵                                       ~~~~~~~~~~~~~~~~~~~~~~~~~~~~~

X [ERROR] Could not resolve "./icons/chevrons-up.js"

    node_modules/lucide-react/dist/esm/lucide-react.js:553:94:
      553 │ ...con, default as LucideChevronsUp } from './icons/chevrons-up.js';
          ╵                                            ~~~~~~~~~~~~~~~~~~~~~~~~

X [ERROR] Could not resolve "./icons/church.js"

    node_modules/lucide-react/dist/esm/lucide-react.js:554:82:
      554 │ ...s ChurchIcon, default as LucideChurch } from './icons/church.js';
          ╵                                                 ~~~~~~~~~~~~~~~~~~~

X [ERROR] Could not resolve "./icons/cigarette-off.js"

    node_modules/lucide-react/dist/esm/lucide-react.js:555:100:
      555 │ ... default as LucideCigaretteOff } from './icons/cigarette-off.js';
          ╵                                          ~~~~~~~~~~~~~~~~~~~~~~~~~~

X [ERROR] Could not resolve "./icons/cigarette.js"

    node_modules/lucide-react/dist/esm/lucide-react.js:556:91:
      556 │ ...teIcon, default as LucideCigarette } from './icons/cigarette.js';
          ╵                                              ~~~~~~~~~~~~~~~~~~~~~~

X [ERROR] Could not resolve "./icons/circle-dashed.js"

    node_modules/lucide-react/dist/esm/lucide-react.js:557:100:
      557 │ ... default as LucideCircleDashed } from './icons/circle-dashed.js';
          ╵                                          ~~~~~~~~~~~~~~~~~~~~~~~~~~

X [ERROR] Could not resolve "./icons/circle-dollar-sign.js"

    node_modules/lucide-react/dist/esm/lucide-react.js:558:112:
      558 │ ...as LucideCircleDollarSign } from './icons/circle-dollar-sign.js';
          ╵                                     ~~~~~~~~~~~~~~~~~~~~~~~~~~~~~~~

X [ERROR] Could not resolve "./icons/circle-dot-dashed.js"

    node_modules/lucide-react/dist/esm/lucide-react.js:559:109:
      559 │ ...t as LucideCircleDotDashed } from './icons/circle-dot-dashed.js';
          ╵                                      ~~~~~~~~~~~~~~~~~~~~~~~~~~~~~~

X [ERROR] Could not resolve "./icons/circle-dot.js"

    node_modules/lucide-react/dist/esm/lucide-react.js:560:91:
      560 │ ...tIcon, default as LucideCircleDot } from './icons/circle-dot.js';
          ╵                                             ~~~~~~~~~~~~~~~~~~~~~~~

X [ERROR] Could not resolve "./icons/circle-ellipsis.js"

    node_modules/lucide-react/dist/esm/lucide-react.js:561:106:
      561 │ ...ault as LucideCircleEllipsis } from './icons/circle-ellipsis.js';
          ╵                                        ~~~~~~~~~~~~~~~~~~~~~~~~~~~~

X [ERROR] Could not resolve "./icons/circle-equal.js"

    node_modules/lucide-react/dist/esm/lucide-react.js:562:97:
      562 │ ...n, default as LucideCircleEqual } from './icons/circle-equal.js';
          ╵                                           ~~~~~~~~~~~~~~~~~~~~~~~~~

X [ERROR] Could not resolve "./icons/circle-fading-arrow-up.js"

    node_modules/lucide-react/dist/esm/lucide-react.js:563:121:
      563 │ ...deCircleFadingArrowUp } from './icons/circle-fading-arrow-up.js';
          ╵                                 ~~~~~~~~~~~~~~~~~~~~~~~~~~~~~~~~~~~

X [ERROR] Could not resolve "./icons/circle-fading-plus.js"

    node_modules/lucide-react/dist/esm/lucide-react.js:564:112:
      564 │ ...as LucideCircleFadingPlus } from './icons/circle-fading-plus.js';
          ╵                                     ~~~~~~~~~~~~~~~~~~~~~~~~~~~~~~~

X [ERROR] Could not resolve "./icons/circle-off.js"

    node_modules/lucide-react/dist/esm/lucide-react.js:565:91:
      565 │ ...fIcon, default as LucideCircleOff } from './icons/circle-off.js';
          ╵                                             ~~~~~~~~~~~~~~~~~~~~~~~

X [ERROR] Could not resolve "./icons/circle-pile.js"

    node_modules/lucide-react/dist/esm/lucide-react.js:566:94:
      566 │ ...con, default as LucideCirclePile } from './icons/circle-pile.js';
          ╵                                            ~~~~~~~~~~~~~~~~~~~~~~~~

X [ERROR] Could not resolve "./icons/circle-pound-sterling.js"

    node_modules/lucide-react/dist/esm/lucide-react.js:567:121:
      567 │ ...ideCirclePoundSterling } from './icons/circle-pound-sterling.js';
          ╵                                  ~~~~~~~~~~~~~~~~~~~~~~~~~~~~~~~~~~

X [ERROR] Could not resolve "./icons/circle-slash.js"

    node_modules/lucide-react/dist/esm/lucide-react.js:568:97:
      568 │ ...n, default as LucideCircleSlash } from './icons/circle-slash.js';
          ╵                                           ~~~~~~~~~~~~~~~~~~~~~~~~~

X [ERROR] Could not resolve "./icons/circle-small.js"

    node_modules/lucide-react/dist/esm/lucide-react.js:569:97:
      569 │ ...n, default as LucideCircleSmall } from './icons/circle-small.js';
          ╵                                           ~~~~~~~~~~~~~~~~~~~~~~~~~

X [ERROR] Could not resolve "./icons/circle-star.js"

    node_modules/lucide-react/dist/esm/lucide-react.js:570:94:
      570 │ ...con, default as LucideCircleStar } from './icons/circle-star.js';
          ╵                                            ~~~~~~~~~~~~~~~~~~~~~~~~

X [ERROR] Could not resolve "./icons/circle.js"

    node_modules/lucide-react/dist/esm/lucide-react.js:571:82:
      571 │ ...s CircleIcon, default as LucideCircle } from './icons/circle.js';
          ╵                                                 ~~~~~~~~~~~~~~~~~~~

X [ERROR] Could not resolve "./icons/circuit-board.js"

    node_modules/lucide-react/dist/esm/lucide-react.js:572:100:
      572 │ ... default as LucideCircuitBoard } from './icons/circuit-board.js';
          ╵                                          ~~~~~~~~~~~~~~~~~~~~~~~~~~

X [ERROR] Could not resolve "./icons/citrus.js"

    node_modules/lucide-react/dist/esm/lucide-react.js:573:82:
      573 │ ...s CitrusIcon, default as LucideCitrus } from './icons/citrus.js';
          ╵                                                 ~~~~~~~~~~~~~~~~~~~

X [ERROR] Could not resolve "./icons/clapperboard.js"

    node_modules/lucide-react/dist/esm/lucide-react.js:574:100:
      574 │ ..., default as LucideClapperboard } from './icons/clapperboard.js';
          ╵                                           ~~~~~~~~~~~~~~~~~~~~~~~~~

X [ERROR] Could not resolve "./icons/clipboard-clock.js"

    node_modules/lucide-react/dist/esm/lucide-react.js:575:106:
      575 │ ...ault as LucideClipboardClock } from './icons/clipboard-clock.js';
          ╵                                        ~~~~~~~~~~~~~~~~~~~~~~~~~~~~

X [ERROR] Could not resolve "./icons/clipboard-copy.js"

    node_modules/lucide-react/dist/esm/lucide-react.js:576:103:
      576 │ ...efault as LucideClipboardCopy } from './icons/clipboard-copy.js';
          ╵                                         ~~~~~~~~~~~~~~~~~~~~~~~~~~~

X [ERROR] Could not resolve "./icons/clipboard-check.js"

    node_modules/lucide-react/dist/esm/lucide-react.js:577:106:
      577 │ ...ault as LucideClipboardCheck } from './icons/clipboard-check.js';
          ╵                                        ~~~~~~~~~~~~~~~~~~~~~~~~~~~~

X [ERROR] Could not resolve "./icons/clipboard-list.js"

    node_modules/lucide-react/dist/esm/lucide-react.js:578:103:
      578 │ ...efault as LucideClipboardList } from './icons/clipboard-list.js';
          ╵                                         ~~~~~~~~~~~~~~~~~~~~~~~~~~~

X [ERROR] Could not resolve "./icons/clipboard-minus.js"

    node_modules/lucide-react/dist/esm/lucide-react.js:579:106:
      579 │ ...ault as LucideClipboardMinus } from './icons/clipboard-minus.js';
          ╵                                        ~~~~~~~~~~~~~~~~~~~~~~~~~~~~

X [ERROR] Could not resolve "./icons/clipboard-paste.js"

    node_modules/lucide-react/dist/esm/lucide-react.js:580:106:
      580 │ ...ault as LucideClipboardPaste } from './icons/clipboard-paste.js';
          ╵                                        ~~~~~~~~~~~~~~~~~~~~~~~~~~~~

X [ERROR] Could not resolve "./icons/clipboard-type.js"

    node_modules/lucide-react/dist/esm/lucide-react.js:581:103:
      581 │ ...efault as LucideClipboardType } from './icons/clipboard-type.js';
          ╵                                         ~~~~~~~~~~~~~~~~~~~~~~~~~~~

X [ERROR] Could not resolve "./icons/clipboard-plus.js"

    node_modules/lucide-react/dist/esm/lucide-react.js:582:103:
      582 │ ...efault as LucideClipboardPlus } from './icons/clipboard-plus.js';
          ╵                                         ~~~~~~~~~~~~~~~~~~~~~~~~~~~

X [ERROR] Could not resolve "./icons/clipboard-x.js"

    node_modules/lucide-react/dist/esm/lucide-react.js:583:94:
      583 │ ...con, default as LucideClipboardX } from './icons/clipboard-x.js';
          ╵                                            ~~~~~~~~~~~~~~~~~~~~~~~~

X [ERROR] Could not resolve "./icons/clock-1.js"

    node_modules/lucide-react/dist/esm/lucide-react.js:584:82:
      584 │ ... Clock1Icon, default as LucideClock1 } from './icons/clock-1.js';
          ╵                                                ~~~~~~~~~~~~~~~~~~~~

X [ERROR] Could not resolve "./icons/clipboard.js"

    node_modules/lucide-react/dist/esm/lucide-react.js:585:91:
      585 │ ...rdIcon, default as LucideClipboard } from './icons/clipboard.js';
          ╵                                              ~~~~~~~~~~~~~~~~~~~~~~

X [ERROR] Could not resolve "./icons/clock-10.js"

    node_modules/lucide-react/dist/esm/lucide-react.js:586:85:
      586 │ ...ock10Icon, default as LucideClock10 } from './icons/clock-10.js';
          ╵                                               ~~~~~~~~~~~~~~~~~~~~~

X [ERROR] Could not resolve "./icons/clock-11.js"

    node_modules/lucide-react/dist/esm/lucide-react.js:587:85:
      587 │ ...ock11Icon, default as LucideClock11 } from './icons/clock-11.js';
          ╵                                               ~~~~~~~~~~~~~~~~~~~~~

X [ERROR] Could not resolve "./icons/clock-12.js"

    node_modules/lucide-react/dist/esm/lucide-react.js:588:85:
      588 │ ...ock12Icon, default as LucideClock12 } from './icons/clock-12.js';
          ╵                                               ~~~~~~~~~~~~~~~~~~~~~

X [ERROR] Could not resolve "./icons/clock-2.js"

    node_modules/lucide-react/dist/esm/lucide-react.js:589:82:
      589 │ ... Clock2Icon, default as LucideClock2 } from './icons/clock-2.js';
          ╵                                                ~~~~~~~~~~~~~~~~~~~~

X [ERROR] Could not resolve "./icons/clock-3.js"

    node_modules/lucide-react/dist/esm/lucide-react.js:590:82:
      590 │ ... Clock3Icon, default as LucideClock3 } from './icons/clock-3.js';
          ╵                                                ~~~~~~~~~~~~~~~~~~~~

X [ERROR] Could not resolve "./icons/clock-4.js"

    node_modules/lucide-react/dist/esm/lucide-react.js:591:82:
      591 │ ... Clock4Icon, default as LucideClock4 } from './icons/clock-4.js';
          ╵                                                ~~~~~~~~~~~~~~~~~~~~

X [ERROR] Could not resolve "./icons/clock-5.js"

    node_modules/lucide-react/dist/esm/lucide-react.js:592:82:
      592 │ ... Clock5Icon, default as LucideClock5 } from './icons/clock-5.js';
          ╵                                                ~~~~~~~~~~~~~~~~~~~~

X [ERROR] Could not resolve "./icons/clock-6.js"

    node_modules/lucide-react/dist/esm/lucide-react.js:593:82:
      593 │ ... Clock6Icon, default as LucideClock6 } from './icons/clock-6.js';
          ╵                                                ~~~~~~~~~~~~~~~~~~~~

X [ERROR] Could not resolve "./icons/clock-7.js"

    node_modules/lucide-react/dist/esm/lucide-react.js:594:82:
      594 │ ... Clock7Icon, default as LucideClock7 } from './icons/clock-7.js';
          ╵                                                ~~~~~~~~~~~~~~~~~~~~

X [ERROR] Could not resolve "./icons/clock-8.js"

    node_modules/lucide-react/dist/esm/lucide-react.js:595:82:
      595 │ ... Clock8Icon, default as LucideClock8 } from './icons/clock-8.js';
          ╵                                                ~~~~~~~~~~~~~~~~~~~~

X [ERROR] Could not resolve "./icons/clock-9.js"

    node_modules/lucide-react/dist/esm/lucide-react.js:596:82:
      596 │ ... Clock9Icon, default as LucideClock9 } from './icons/clock-9.js';
          ╵                                                ~~~~~~~~~~~~~~~~~~~~

X [ERROR] Could not resolve "./icons/clock-alert.js"

    node_modules/lucide-react/dist/esm/lucide-react.js:597:94:
      597 │ ...con, default as LucideClockAlert } from './icons/clock-alert.js';
          ╵                                            ~~~~~~~~~~~~~~~~~~~~~~~~

X [ERROR] Could not resolve "./icons/clock-arrow-down.js"

    node_modules/lucide-react/dist/esm/lucide-react.js:598:106:
      598 │ ...ult as LucideClockArrowDown } from './icons/clock-arrow-down.js';
          ╵                                       ~~~~~~~~~~~~~~~~~~~~~~~~~~~~~

X [ERROR] Could not resolve "./icons/clock-check.js"

    node_modules/lucide-react/dist/esm/lucide-react.js:599:94:
      599 │ ...con, default as LucideClockCheck } from './icons/clock-check.js';
          ╵                                            ~~~~~~~~~~~~~~~~~~~~~~~~

X [ERROR] Could not resolve "./icons/clock-arrow-up.js"

    node_modules/lucide-react/dist/esm/lucide-react.js:600:100:
      600 │ ...default as LucideClockArrowUp } from './icons/clock-arrow-up.js';
          ╵                                         ~~~~~~~~~~~~~~~~~~~~~~~~~~~

X [ERROR] Could not resolve "./icons/clock-fading.js"

    node_modules/lucide-react/dist/esm/lucide-react.js:601:97:
      601 │ ...n, default as LucideClockFading } from './icons/clock-fading.js';
          ╵                                           ~~~~~~~~~~~~~~~~~~~~~~~~~

X [ERROR] Could not resolve "./icons/clock-plus.js"

    node_modules/lucide-react/dist/esm/lucide-react.js:602:91:
      602 │ ...sIcon, default as LucideClockPlus } from './icons/clock-plus.js';
          ╵                                             ~~~~~~~~~~~~~~~~~~~~~~~

X [ERROR] Could not resolve "./icons/closed-caption.js"

    node_modules/lucide-react/dist/esm/lucide-react.js:603:103:
      603 │ ...efault as LucideClosedCaption } from './icons/closed-caption.js';
          ╵                                         ~~~~~~~~~~~~~~~~~~~~~~~~~~~

X [ERROR] Could not resolve "./icons/clock.js"

    node_modules/lucide-react/dist/esm/lucide-react.js:604:79:
      604 │ ...t as ClockIcon, default as LucideClock } from './icons/clock.js';
          ╵                                                  ~~~~~~~~~~~~~~~~~~

X [ERROR] Could not resolve "./icons/cloud-alert.js"

    node_modules/lucide-react/dist/esm/lucide-react.js:605:94:
      605 │ ...con, default as LucideCloudAlert } from './icons/cloud-alert.js';
          ╵                                            ~~~~~~~~~~~~~~~~~~~~~~~~

X [ERROR] Could not resolve "./icons/cloud-backup.js"

    node_modules/lucide-react/dist/esm/lucide-react.js:606:97:
      606 │ ...n, default as LucideCloudBackup } from './icons/cloud-backup.js';
          ╵                                           ~~~~~~~~~~~~~~~~~~~~~~~~~

X [ERROR] Could not resolve "./icons/cloud-check.js"

    node_modules/lucide-react/dist/esm/lucide-react.js:607:94:
      607 │ ...con, default as LucideCloudCheck } from './icons/cloud-check.js';
          ╵                                            ~~~~~~~~~~~~~~~~~~~~~~~~

X [ERROR] Could not resolve "./icons/cloud-cog.js"

    node_modules/lucide-react/dist/esm/lucide-react.js:608:88:
      608 │ ...CogIcon, default as LucideCloudCog } from './icons/cloud-cog.js';
          ╵                                              ~~~~~~~~~~~~~~~~~~~~~~

X [ERROR] Could not resolve "./icons/cloud-drizzle.js"

    node_modules/lucide-react/dist/esm/lucide-react.js:609:100:
      609 │ ... default as LucideCloudDrizzle } from './icons/cloud-drizzle.js';
          ╵                                          ~~~~~~~~~~~~~~~~~~~~~~~~~~

X [ERROR] Could not resolve "./icons/cloud-fog.js"

    node_modules/lucide-react/dist/esm/lucide-react.js:610:88:
      610 │ ...FogIcon, default as LucideCloudFog } from './icons/cloud-fog.js';
          ╵                                              ~~~~~~~~~~~~~~~~~~~~~~

X [ERROR] Could not resolve "./icons/cloud-hail.js"

    node_modules/lucide-react/dist/esm/lucide-react.js:611:91:
      611 │ ...lIcon, default as LucideCloudHail } from './icons/cloud-hail.js';
          ╵                                             ~~~~~~~~~~~~~~~~~~~~~~~

X [ERROR] Could not resolve "./icons/cloud-moon-rain.js"

    node_modules/lucide-react/dist/esm/lucide-react.js:612:103:
      612 │ ...fault as LucideCloudMoonRain } from './icons/cloud-moon-rain.js';
          ╵                                        ~~~~~~~~~~~~~~~~~~~~~~~~~~~~

X [ERROR] Could not resolve "./icons/cloud-lightning.js"

    node_modules/lucide-react/dist/esm/lucide-react.js:613:106:
      613 │ ...ault as LucideCloudLightning } from './icons/cloud-lightning.js';
          ╵                                        ~~~~~~~~~~~~~~~~~~~~~~~~~~~~

X [ERROR] Could not resolve "./icons/cloud-moon.js"

    node_modules/lucide-react/dist/esm/lucide-react.js:614:91:
      614 │ ...nIcon, default as LucideCloudMoon } from './icons/cloud-moon.js';
          ╵                                             ~~~~~~~~~~~~~~~~~~~~~~~

X [ERROR] Could not resolve "./icons/cloud-off.js"

    node_modules/lucide-react/dist/esm/lucide-react.js:615:88:
      615 │ ...OffIcon, default as LucideCloudOff } from './icons/cloud-off.js';
          ╵                                              ~~~~~~~~~~~~~~~~~~~~~~

X [ERROR] Could not resolve "./icons/cloud-rain-wind.js"

    node_modules/lucide-react/dist/esm/lucide-react.js:616:103:
      616 │ ...fault as LucideCloudRainWind } from './icons/cloud-rain-wind.js';
          ╵                                        ~~~~~~~~~~~~~~~~~~~~~~~~~~~~

X [ERROR] Could not resolve "./icons/cloud-rain.js"

    node_modules/lucide-react/dist/esm/lucide-react.js:617:91:
      617 │ ...nIcon, default as LucideCloudRain } from './icons/cloud-rain.js';
          ╵                                             ~~~~~~~~~~~~~~~~~~~~~~~

X [ERROR] Could not resolve "./icons/cloud-sun-rain.js"

    node_modules/lucide-react/dist/esm/lucide-react.js:618:100:
      618 │ ...default as LucideCloudSunRain } from './icons/cloud-sun-rain.js';
          ╵                                         ~~~~~~~~~~~~~~~~~~~~~~~~~~~

X [ERROR] Could not resolve "./icons/cloud-snow.js"

    node_modules/lucide-react/dist/esm/lucide-react.js:619:91:
      619 │ ...wIcon, default as LucideCloudSnow } from './icons/cloud-snow.js';
          ╵                                             ~~~~~~~~~~~~~~~~~~~~~~~

X [ERROR] Could not resolve "./icons/cloud-sun.js"

    node_modules/lucide-react/dist/esm/lucide-react.js:620:88:
      620 │ ...SunIcon, default as LucideCloudSun } from './icons/cloud-sun.js';
          ╵                                              ~~~~~~~~~~~~~~~~~~~~~~

X [ERROR] Could not resolve "./icons/cloud-sync.js"

    node_modules/lucide-react/dist/esm/lucide-react.js:621:91:
      621 │ ...cIcon, default as LucideCloudSync } from './icons/cloud-sync.js';
          ╵                                             ~~~~~~~~~~~~~~~~~~~~~~~

X [ERROR] Could not resolve "./icons/cloud.js"

    node_modules/lucide-react/dist/esm/lucide-react.js:622:79:
      622 │ ...t as CloudIcon, default as LucideCloud } from './icons/cloud.js';
          ╵                                                  ~~~~~~~~~~~~~~~~~~

X [ERROR] Could not resolve "./icons/cloudy.js"

    node_modules/lucide-react/dist/esm/lucide-react.js:623:82:
      623 │ ...s CloudyIcon, default as LucideCloudy } from './icons/cloudy.js';
          ╵                                                 ~~~~~~~~~~~~~~~~~~~

X [ERROR] Could not resolve "./icons/clover.js"

    node_modules/lucide-react/dist/esm/lucide-react.js:624:82:
      624 │ ...s CloverIcon, default as LucideClover } from './icons/clover.js';
          ╵                                                 ~~~~~~~~~~~~~~~~~~~

X [ERROR] Could not resolve "./icons/code.js"

    node_modules/lucide-react/dist/esm/lucide-react.js:625:76:
      625 │ ...ault as CodeIcon, default as LucideCode } from './icons/code.js';
          ╵                                                   ~~~~~~~~~~~~~~~~~

X [ERROR] Could not resolve "./icons/codepen.js"

    node_modules/lucide-react/dist/esm/lucide-react.js:626:85:
      626 │ ...odepenIcon, default as LucideCodepen } from './icons/codepen.js';
          ╵                                                ~~~~~~~~~~~~~~~~~~~~

X [ERROR] Could not resolve "./icons/club.js"

    node_modules/lucide-react/dist/esm/lucide-react.js:627:76:
      627 │ ...ault as ClubIcon, default as LucideClub } from './icons/club.js';
          ╵                                                   ~~~~~~~~~~~~~~~~~

X [ERROR] Could not resolve "./icons/codesandbox.js"

    node_modules/lucide-react/dist/esm/lucide-react.js:628:97:
      628 │ ...on, default as LucideCodesandbox } from './icons/codesandbox.js';
          ╵                                            ~~~~~~~~~~~~~~~~~~~~~~~~

X [ERROR] Could not resolve "./icons/coffee.js"

    node_modules/lucide-react/dist/esm/lucide-react.js:629:82:
      629 │ ...s CoffeeIcon, default as LucideCoffee } from './icons/coffee.js';
          ╵                                                 ~~~~~~~~~~~~~~~~~~~

X [ERROR] Could not resolve "./icons/cog.js"

    node_modules/lucide-react/dist/esm/lucide-react.js:630:73:
      630 │ ...default as CogIcon, default as LucideCog } from './icons/cog.js';
          ╵                                                    ~~~~~~~~~~~~~~~~

X [ERROR] Could not resolve "./icons/coins.js"

    node_modules/lucide-react/dist/esm/lucide-react.js:631:79:
      631 │ ...t as CoinsIcon, default as LucideCoins } from './icons/coins.js';
          ╵                                                  ~~~~~~~~~~~~~~~~~~

X [ERROR] Could not resolve "./icons/columns-4.js"

    node_modules/lucide-react/dist/esm/lucide-react.js:632:88:
      632 │ ...ns4Icon, default as LucideColumns4 } from './icons/columns-4.js';
          ╵                                              ~~~~~~~~~~~~~~~~~~~~~~

X [ERROR] Could not resolve "./icons/combine.js"

    node_modules/lucide-react/dist/esm/lucide-react.js:633:85:
      633 │ ...ombineIcon, default as LucideCombine } from './icons/combine.js';
          ╵                                                ~~~~~~~~~~~~~~~~~~~~

X [ERROR] Could not resolve "./icons/command.js"

    node_modules/lucide-react/dist/esm/lucide-react.js:634:85:
      634 │ ...ommandIcon, default as LucideCommand } from './icons/command.js';
          ╵                                                ~~~~~~~~~~~~~~~~~~~~

X [ERROR] Could not resolve "./icons/compass.js"

    node_modules/lucide-react/dist/esm/lucide-react.js:635:85:
      635 │ ...ompassIcon, default as LucideCompass } from './icons/compass.js';
          ╵                                                ~~~~~~~~~~~~~~~~~~~~

X [ERROR] Could not resolve "./icons/component.js"

    node_modules/lucide-react/dist/esm/lucide-react.js:636:91:
      636 │ ...ntIcon, default as LucideComponent } from './icons/component.js';
          ╵                                              ~~~~~~~~~~~~~~~~~~~~~~

X [ERROR] Could not resolve "./icons/computer.js"

    node_modules/lucide-react/dist/esm/lucide-react.js:637:88:
      637 │ ...uterIcon, default as LucideComputer } from './icons/computer.js';
          ╵                                               ~~~~~~~~~~~~~~~~~~~~~

X [ERROR] Could not resolve "./icons/concierge-bell.js"

    node_modules/lucide-react/dist/esm/lucide-react.js:638:103:
      638 │ ...efault as LucideConciergeBell } from './icons/concierge-bell.js';
          ╵                                         ~~~~~~~~~~~~~~~~~~~~~~~~~~~

X [ERROR] Could not resolve "./icons/cone.js"

    node_modules/lucide-react/dist/esm/lucide-react.js:639:76:
      639 │ ...ault as ConeIcon, default as LucideCone } from './icons/cone.js';
          ╵                                                   ~~~~~~~~~~~~~~~~~

X [ERROR] Could not resolve "./icons/construction.js"

    node_modules/lucide-react/dist/esm/lucide-react.js:640:100:
      640 │ ..., default as LucideConstruction } from './icons/construction.js';
          ╵                                           ~~~~~~~~~~~~~~~~~~~~~~~~~

X [ERROR] Could not resolve "./icons/contact.js"

    node_modules/lucide-react/dist/esm/lucide-react.js:641:85:
      641 │ ...ontactIcon, default as LucideContact } from './icons/contact.js';
          ╵                                                ~~~~~~~~~~~~~~~~~~~~

X [ERROR] Could not resolve "./icons/container.js"

    node_modules/lucide-react/dist/esm/lucide-react.js:642:91:
      642 │ ...erIcon, default as LucideContainer } from './icons/container.js';
          ╵                                              ~~~~~~~~~~~~~~~~~~~~~~

X [ERROR] Could not resolve "./icons/contrast.js"

    node_modules/lucide-react/dist/esm/lucide-react.js:643:88:
      643 │ ...rastIcon, default as LucideContrast } from './icons/contrast.js';
          ╵                                               ~~~~~~~~~~~~~~~~~~~~~

X [ERROR] Could not resolve "./icons/cookie.js"

    node_modules/lucide-react/dist/esm/lucide-react.js:644:82:
      644 │ ...s CookieIcon, default as LucideCookie } from './icons/cookie.js';
          ╵                                                 ~~~~~~~~~~~~~~~~~~~

X [ERROR] Could not resolve "./icons/cooking-pot.js"

    node_modules/lucide-react/dist/esm/lucide-react.js:645:94:
      645 │ ...con, default as LucideCookingPot } from './icons/cooking-pot.js';
          ╵                                            ~~~~~~~~~~~~~~~~~~~~~~~~

X [ERROR] Could not resolve "./icons/copy-check.js"

    node_modules/lucide-react/dist/esm/lucide-react.js:646:91:
      646 │ ...kIcon, default as LucideCopyCheck } from './icons/copy-check.js';
          ╵                                             ~~~~~~~~~~~~~~~~~~~~~~~

X [ERROR] Could not resolve "./icons/copy-minus.js"

    node_modules/lucide-react/dist/esm/lucide-react.js:647:91:
      647 │ ...sIcon, default as LucideCopyMinus } from './icons/copy-minus.js';
          ╵                                             ~~~~~~~~~~~~~~~~~~~~~~~

X [ERROR] Could not resolve "./icons/copy-plus.js"

    node_modules/lucide-react/dist/esm/lucide-react.js:648:88:
      648 │ ...lusIcon, default as LucideCopyPlus } from './icons/copy-plus.js';
          ╵                                              ~~~~~~~~~~~~~~~~~~~~~~

X [ERROR] Could not resolve "./icons/copy-slash.js"

    node_modules/lucide-react/dist/esm/lucide-react.js:649:91:
      649 │ ...hIcon, default as LucideCopySlash } from './icons/copy-slash.js';
          ╵                                             ~~~~~~~~~~~~~~~~~~~~~~~

X [ERROR] Could not resolve "./icons/copy-x.js"

    node_modules/lucide-react/dist/esm/lucide-react.js:650:79:
      650 │ ... as CopyXIcon, default as LucideCopyX } from './icons/copy-x.js';
          ╵                                                 ~~~~~~~~~~~~~~~~~~~

X [ERROR] Could not resolve "./icons/copy.js"

    node_modules/lucide-react/dist/esm/lucide-react.js:651:76:
      651 │ ...ault as CopyIcon, default as LucideCopy } from './icons/copy.js';
          ╵                                                   ~~~~~~~~~~~~~~~~~

X [ERROR] Could not resolve "./icons/copyleft.js"

    node_modules/lucide-react/dist/esm/lucide-react.js:652:88:
      652 │ ...leftIcon, default as LucideCopyleft } from './icons/copyleft.js';
          ╵                                               ~~~~~~~~~~~~~~~~~~~~~

X [ERROR] Could not resolve "./icons/copyright.js"

    node_modules/lucide-react/dist/esm/lucide-react.js:653:91:
      653 │ ...htIcon, default as LucideCopyright } from './icons/copyright.js';
          ╵                                              ~~~~~~~~~~~~~~~~~~~~~~

X [ERROR] Could not resolve "./icons/corner-down-left.js"

    node_modules/lucide-react/dist/esm/lucide-react.js:654:106:
      654 │ ...ult as LucideCornerDownLeft } from './icons/corner-down-left.js';
          ╵                                       ~~~~~~~~~~~~~~~~~~~~~~~~~~~~~

X [ERROR] Could not resolve "./icons/corner-down-right.js"

    node_modules/lucide-react/dist/esm/lucide-react.js:655:109:
      655 │ ...t as LucideCornerDownRight } from './icons/corner-down-right.js';
          ╵                                      ~~~~~~~~~~~~~~~~~~~~~~~~~~~~~~

X [ERROR] Could not resolve "./icons/corner-left-down.js"

    node_modules/lucide-react/dist/esm/lucide-react.js:656:106:
      656 │ ...ult as LucideCornerLeftDown } from './icons/corner-left-down.js';
          ╵                                       ~~~~~~~~~~~~~~~~~~~~~~~~~~~~~

X [ERROR] Could not resolve "./icons/corner-left-up.js"

    node_modules/lucide-react/dist/esm/lucide-react.js:657:100:
      657 │ ...default as LucideCornerLeftUp } from './icons/corner-left-up.js';
          ╵                                         ~~~~~~~~~~~~~~~~~~~~~~~~~~~

X [ERROR] Could not resolve "./icons/corner-right-down.js"

    node_modules/lucide-react/dist/esm/lucide-react.js:658:109:
      658 │ ...t as LucideCornerRightDown } from './icons/corner-right-down.js';
          ╵                                      ~~~~~~~~~~~~~~~~~~~~~~~~~~~~~~

X [ERROR] Could not resolve "./icons/corner-right-up.js"

    node_modules/lucide-react/dist/esm/lucide-react.js:659:103:
      659 │ ...fault as LucideCornerRightUp } from './icons/corner-right-up.js';
          ╵                                        ~~~~~~~~~~~~~~~~~~~~~~~~~~~~

X [ERROR] Could not resolve "./icons/corner-up-left.js"

    node_modules/lucide-react/dist/esm/lucide-react.js:660:100:
      660 │ ...default as LucideCornerUpLeft } from './icons/corner-up-left.js';
          ╵                                         ~~~~~~~~~~~~~~~~~~~~~~~~~~~

X [ERROR] Could not resolve "./icons/corner-up-right.js"

    node_modules/lucide-react/dist/esm/lucide-react.js:661:103:
      661 │ ...fault as LucideCornerUpRight } from './icons/corner-up-right.js';
          ╵                                        ~~~~~~~~~~~~~~~~~~~~~~~~~~~~

X [ERROR] Could not resolve "./icons/cpu.js"

    node_modules/lucide-react/dist/esm/lucide-react.js:662:73:
      662 │ ...default as CpuIcon, default as LucideCpu } from './icons/cpu.js';
          ╵                                                    ~~~~~~~~~~~~~~~~

X [ERROR] Could not resolve "./icons/creative-commons.js"

    node_modules/lucide-react/dist/esm/lucide-react.js:663:109:
      663 │ ...lt as LucideCreativeCommons } from './icons/creative-commons.js';
          ╵                                       ~~~~~~~~~~~~~~~~~~~~~~~~~~~~~

X [ERROR] Could not resolve "./icons/credit-card.js"

    node_modules/lucide-react/dist/esm/lucide-react.js:664:94:
      664 │ ...con, default as LucideCreditCard } from './icons/credit-card.js';
          ╵                                            ~~~~~~~~~~~~~~~~~~~~~~~~

X [ERROR] Could not resolve "./icons/croissant.js"

    node_modules/lucide-react/dist/esm/lucide-react.js:665:91:
      665 │ ...ntIcon, default as LucideCroissant } from './icons/croissant.js';
          ╵                                              ~~~~~~~~~~~~~~~~~~~~~~

X [ERROR] Could not resolve "./icons/crop.js"

    node_modules/lucide-react/dist/esm/lucide-react.js:666:76:
      666 │ ...ault as CropIcon, default as LucideCrop } from './icons/crop.js';
          ╵                                                   ~~~~~~~~~~~~~~~~~

X [ERROR] Could not resolve "./icons/cross.js"

    node_modules/lucide-react/dist/esm/lucide-react.js:667:79:
      667 │ ...t as CrossIcon, default as LucideCross } from './icons/cross.js';
          ╵                                                  ~~~~~~~~~~~~~~~~~~

X [ERROR] Could not resolve "./icons/crosshair.js"

    node_modules/lucide-react/dist/esm/lucide-react.js:668:91:
      668 │ ...irIcon, default as LucideCrosshair } from './icons/crosshair.js';
          ╵                                              ~~~~~~~~~~~~~~~~~~~~~~

X [ERROR] Could not resolve "./icons/crown.js"

    node_modules/lucide-react/dist/esm/lucide-react.js:669:79:
      669 │ ...t as CrownIcon, default as LucideCrown } from './icons/crown.js';
          ╵                                                  ~~~~~~~~~~~~~~~~~~

X [ERROR] Could not resolve "./icons/cuboid.js"

    node_modules/lucide-react/dist/esm/lucide-react.js:670:82:
      670 │ ...s CuboidIcon, default as LucideCuboid } from './icons/cuboid.js';
          ╵                                                 ~~~~~~~~~~~~~~~~~~~

X [ERROR] Could not resolve "./icons/cup-soda.js"

    node_modules/lucide-react/dist/esm/lucide-react.js:671:85:
      671 │ ...pSodaIcon, default as LucideCupSoda } from './icons/cup-soda.js';
          ╵                                               ~~~~~~~~~~~~~~~~~~~~~

X [ERROR] Could not resolve "./icons/currency.js"

    node_modules/lucide-react/dist/esm/lucide-react.js:672:88:
      672 │ ...encyIcon, default as LucideCurrency } from './icons/currency.js';
          ╵                                               ~~~~~~~~~~~~~~~~~~~~~

X [ERROR] Could not resolve "./icons/cylinder.js"

    node_modules/lucide-react/dist/esm/lucide-react.js:673:88:
      673 │ ...nderIcon, default as LucideCylinder } from './icons/cylinder.js';
          ╵                                               ~~~~~~~~~~~~~~~~~~~~~

X [ERROR] Could not resolve "./icons/dam.js"

    node_modules/lucide-react/dist/esm/lucide-react.js:674:73:
      674 │ ...default as DamIcon, default as LucideDam } from './icons/dam.js';
          ╵                                                    ~~~~~~~~~~~~~~~~

X [ERROR] Could not resolve "./icons/database-backup.js"

    node_modules/lucide-react/dist/esm/lucide-react.js:675:106:
      675 │ ...ault as LucideDatabaseBackup } from './icons/database-backup.js';
          ╵                                        ~~~~~~~~~~~~~~~~~~~~~~~~~~~~

X [ERROR] Could not resolve "./icons/database-search.js"

    node_modules/lucide-react/dist/esm/lucide-react.js:676:106:
      676 │ ...ault as LucideDatabaseSearch } from './icons/database-search.js';
          ╵                                        ~~~~~~~~~~~~~~~~~~~~~~~~~~~~

X [ERROR] Could not resolve "./icons/database-zap.js"

    node_modules/lucide-react/dist/esm/lucide-react.js:677:97:
      677 │ ...n, default as LucideDatabaseZap } from './icons/database-zap.js';
          ╵                                           ~~~~~~~~~~~~~~~~~~~~~~~~~

X [ERROR] Could not resolve "./icons/database.js"

    node_modules/lucide-react/dist/esm/lucide-react.js:678:88:
      678 │ ...baseIcon, default as LucideDatabase } from './icons/database.js';
          ╵                                               ~~~~~~~~~~~~~~~~~~~~~

X [ERROR] Could not resolve "./icons/decimals-arrow-left.js"

    node_modules/lucide-react/dist/esm/lucide-react.js:679:115:
      679 │ ... LucideDecimalsArrowLeft } from './icons/decimals-arrow-left.js';
          ╵                                    ~~~~~~~~~~~~~~~~~~~~~~~~~~~~~~~~

X [ERROR] Could not resolve "./icons/decimals-arrow-right.js"

    node_modules/lucide-react/dist/esm/lucide-react.js:680:118:
      680 │ ...ucideDecimalsArrowRight } from './icons/decimals-arrow-right.js';
          ╵                                   ~~~~~~~~~~~~~~~~~~~~~~~~~~~~~~~~~

X [ERROR] Could not resolve "./icons/delete.js"

    node_modules/lucide-react/dist/esm/lucide-react.js:681:82:
      681 │ ...s DeleteIcon, default as LucideDelete } from './icons/delete.js';
          ╵                                                 ~~~~~~~~~~~~~~~~~~~

X [ERROR] Could not resolve "./icons/diameter.js"

    node_modules/lucide-react/dist/esm/lucide-react.js:682:88:
      682 │ ...eterIcon, default as LucideDiameter } from './icons/diameter.js';
          ╵                                               ~~~~~~~~~~~~~~~~~~~~~

X [ERROR] Could not resolve "./icons/dessert.js"

    node_modules/lucide-react/dist/esm/lucide-react.js:683:85:
      683 │ ...essertIcon, default as LucideDessert } from './icons/dessert.js';
          ╵                                                ~~~~~~~~~~~~~~~~~~~~

X [ERROR] Could not resolve "./icons/diamond-minus.js"

    node_modules/lucide-react/dist/esm/lucide-react.js:684:100:
      684 │ ... default as LucideDiamondMinus } from './icons/diamond-minus.js';
          ╵                                          ~~~~~~~~~~~~~~~~~~~~~~~~~~

X [ERROR] Could not resolve "./icons/diamond-plus.js"

    node_modules/lucide-react/dist/esm/lucide-react.js:685:97:
      685 │ ...n, default as LucideDiamondPlus } from './icons/diamond-plus.js';
          ╵                                           ~~~~~~~~~~~~~~~~~~~~~~~~~

X [ERROR] Could not resolve "./icons/dice-1.js"

    node_modules/lucide-react/dist/esm/lucide-react.js:686:79:
      686 │ ... as Dice1Icon, default as LucideDice1 } from './icons/dice-1.js';
          ╵                                                 ~~~~~~~~~~~~~~~~~~~

X [ERROR] Could not resolve "./icons/diamond.js"

    node_modules/lucide-react/dist/esm/lucide-react.js:687:85:
      687 │ ...iamondIcon, default as LucideDiamond } from './icons/diamond.js';
          ╵                                                ~~~~~~~~~~~~~~~~~~~~

X [ERROR] Could not resolve "./icons/dice-2.js"

    node_modules/lucide-react/dist/esm/lucide-react.js:688:79:
      688 │ ... as Dice2Icon, default as LucideDice2 } from './icons/dice-2.js';
          ╵                                                 ~~~~~~~~~~~~~~~~~~~

X [ERROR] Could not resolve "./icons/dice-4.js"

    node_modules/lucide-react/dist/esm/lucide-react.js:689:79:
      689 │ ... as Dice4Icon, default as LucideDice4 } from './icons/dice-4.js';
          ╵                                                 ~~~~~~~~~~~~~~~~~~~

X [ERROR] Could not resolve "./icons/dice-3.js"

    node_modules/lucide-react/dist/esm/lucide-react.js:690:79:
      690 │ ... as Dice3Icon, default as LucideDice3 } from './icons/dice-3.js';
          ╵                                                 ~~~~~~~~~~~~~~~~~~~

X [ERROR] Could not resolve "./icons/dice-5.js"

    node_modules/lucide-react/dist/esm/lucide-react.js:691:79:
      691 │ ... as Dice5Icon, default as LucideDice5 } from './icons/dice-5.js';
          ╵                                                 ~~~~~~~~~~~~~~~~~~~

X [ERROR] Could not resolve "./icons/dice-6.js"

    node_modules/lucide-react/dist/esm/lucide-react.js:692:79:
      692 │ ... as Dice6Icon, default as LucideDice6 } from './icons/dice-6.js';
          ╵                                                 ~~~~~~~~~~~~~~~~~~~

X [ERROR] Could not resolve "./icons/dices.js"

    node_modules/lucide-react/dist/esm/lucide-react.js:693:79:
      693 │ ...t as DicesIcon, default as LucideDices } from './icons/dices.js';
          ╵                                                  ~~~~~~~~~~~~~~~~~~

X [ERROR] Could not resolve "./icons/diff.js"

    node_modules/lucide-react/dist/esm/lucide-react.js:694:76:
      694 │ ...ault as DiffIcon, default as LucideDiff } from './icons/diff.js';
          ╵                                                   ~~~~~~~~~~~~~~~~~

X [ERROR] Could not resolve "./icons/disc-2.js"

    node_modules/lucide-react/dist/esm/lucide-react.js:695:79:
      695 │ ... as Disc2Icon, default as LucideDisc2 } from './icons/disc-2.js';
          ╵                                                 ~~~~~~~~~~~~~~~~~~~

X [ERROR] Could not resolve "./icons/disc-3.js"

    node_modules/lucide-react/dist/esm/lucide-react.js:696:79:
      696 │ ... as Disc3Icon, default as LucideDisc3 } from './icons/disc-3.js';
          ╵                                                 ~~~~~~~~~~~~~~~~~~~

X [ERROR] Could not resolve "./icons/disc-album.js"

    node_modules/lucide-react/dist/esm/lucide-react.js:697:91:
      697 │ ...mIcon, default as LucideDiscAlbum } from './icons/disc-album.js';
          ╵                                             ~~~~~~~~~~~~~~~~~~~~~~~

X [ERROR] Could not resolve "./icons/disc.js"

    node_modules/lucide-react/dist/esm/lucide-react.js:698:76:
      698 │ ...ault as DiscIcon, default as LucideDisc } from './icons/disc.js';
          ╵                                                   ~~~~~~~~~~~~~~~~~

X [ERROR] Could not resolve "./icons/divide.js"

    node_modules/lucide-react/dist/esm/lucide-react.js:699:82:
      699 │ ...s DivideIcon, default as LucideDivide } from './icons/divide.js';
          ╵                                                 ~~~~~~~~~~~~~~~~~~~

X [ERROR] Could not resolve "./icons/dna-off.js"

    node_modules/lucide-react/dist/esm/lucide-react.js:700:82:
      700 │ ... DnaOffIcon, default as LucideDnaOff } from './icons/dna-off.js';
          ╵                                                ~~~~~~~~~~~~~~~~~~~~

X [ERROR] Could not resolve "./icons/dna.js"

    node_modules/lucide-react/dist/esm/lucide-react.js:701:73:
      701 │ ...default as DnaIcon, default as LucideDna } from './icons/dna.js';
          ╵                                                    ~~~~~~~~~~~~~~~~

X [ERROR] Could not resolve "./icons/dock.js"

    node_modules/lucide-react/dist/esm/lucide-react.js:702:76:
      702 │ ...ault as DockIcon, default as LucideDock } from './icons/dock.js';
          ╵                                                   ~~~~~~~~~~~~~~~~~

X [ERROR] Could not resolve "./icons/dog.js"

    node_modules/lucide-react/dist/esm/lucide-react.js:703:73:
      703 │ ...default as DogIcon, default as LucideDog } from './icons/dog.js';
          ╵                                                    ~~~~~~~~~~~~~~~~

X [ERROR] Could not resolve "./icons/dollar-sign.js"

    node_modules/lucide-react/dist/esm/lucide-react.js:704:94:
      704 │ ...con, default as LucideDollarSign } from './icons/dollar-sign.js';
          ╵                                            ~~~~~~~~~~~~~~~~~~~~~~~~

X [ERROR] Could not resolve "./icons/donut.js"

    node_modules/lucide-react/dist/esm/lucide-react.js:705:79:
      705 │ ...t as DonutIcon, default as LucideDonut } from './icons/donut.js';
          ╵                                                  ~~~~~~~~~~~~~~~~~~

X [ERROR] Could not resolve "./icons/door-closed-locked.js"

    node_modules/lucide-react/dist/esm/lucide-react.js:706:112:
      706 │ ...as LucideDoorClosedLocked } from './icons/door-closed-locked.js';
          ╵                                     ~~~~~~~~~~~~~~~~~~~~~~~~~~~~~~~

X [ERROR] Could not resolve "./icons/door-closed.js"

    node_modules/lucide-react/dist/esm/lucide-react.js:707:94:
      707 │ ...con, default as LucideDoorClosed } from './icons/door-closed.js';
          ╵                                            ~~~~~~~~~~~~~~~~~~~~~~~~

X [ERROR] Could not resolve "./icons/door-open.js"

    node_modules/lucide-react/dist/esm/lucide-react.js:708:88:
      708 │ ...penIcon, default as LucideDoorOpen } from './icons/door-open.js';
          ╵                                              ~~~~~~~~~~~~~~~~~~~~~~

X [ERROR] Could not resolve "./icons/dot.js"

    node_modules/lucide-react/dist/esm/lucide-react.js:709:73:
      709 │ ...default as DotIcon, default as LucideDot } from './icons/dot.js';
          ╵                                                    ~~~~~~~~~~~~~~~~

X [ERROR] Could not resolve "./icons/download.js"

    node_modules/lucide-react/dist/esm/lucide-react.js:710:88:
      710 │ ...loadIcon, default as LucideDownload } from './icons/download.js';
          ╵                                               ~~~~~~~~~~~~~~~~~~~~~

X [ERROR] Could not resolve "./icons/drafting-compass.js"

    node_modules/lucide-react/dist/esm/lucide-react.js:711:109:
      711 │ ...lt as LucideDraftingCompass } from './icons/drafting-compass.js';
          ╵                                       ~~~~~~~~~~~~~~~~~~~~~~~~~~~~~

X [ERROR] Could not resolve "./icons/drama.js"

    node_modules/lucide-react/dist/esm/lucide-react.js:712:79:
      712 │ ...t as DramaIcon, default as LucideDrama } from './icons/drama.js';
          ╵                                                  ~~~~~~~~~~~~~~~~~~

X [ERROR] Could not resolve "./icons/dribbble.js"

    node_modules/lucide-react/dist/esm/lucide-react.js:713:88:
      713 │ ...bbleIcon, default as LucideDribbble } from './icons/dribbble.js';
          ╵                                               ~~~~~~~~~~~~~~~~~~~~~

X [ERROR] Could not resolve "./icons/drill.js"

    node_modules/lucide-react/dist/esm/lucide-react.js:714:79:
      714 │ ...t as DrillIcon, default as LucideDrill } from './icons/drill.js';
          ╵                                                  ~~~~~~~~~~~~~~~~~~

X [ERROR] Could not resolve "./icons/drone.js"

    node_modules/lucide-react/dist/esm/lucide-react.js:715:79:
      715 │ ...t as DroneIcon, default as LucideDrone } from './icons/drone.js';
          ╵                                                  ~~~~~~~~~~~~~~~~~~

X [ERROR] Could not resolve "./icons/droplet-off.js"

    node_modules/lucide-react/dist/esm/lucide-react.js:716:94:
      716 │ ...con, default as LucideDropletOff } from './icons/droplet-off.js';
          ╵                                            ~~~~~~~~~~~~~~~~~~~~~~~~

X [ERROR] Could not resolve "./icons/droplet.js"

    node_modules/lucide-react/dist/esm/lucide-react.js:717:85:
      717 │ ...ropletIcon, default as LucideDroplet } from './icons/droplet.js';
          ╵                                                ~~~~~~~~~~~~~~~~~~~~

X [ERROR] Could not resolve "./icons/droplets.js"

    node_modules/lucide-react/dist/esm/lucide-react.js:718:88:
      718 │ ...letsIcon, default as LucideDroplets } from './icons/droplets.js';
          ╵                                               ~~~~~~~~~~~~~~~~~~~~~

X [ERROR] Could not resolve "./icons/drum.js"

    node_modules/lucide-react/dist/esm/lucide-react.js:719:76:
      719 │ ...ault as DrumIcon, default as LucideDrum } from './icons/drum.js';
          ╵                                                   ~~~~~~~~~~~~~~~~~

X [ERROR] Could not resolve "./icons/drumstick.js"

    node_modules/lucide-react/dist/esm/lucide-react.js:720:91:
      720 │ ...ckIcon, default as LucideDrumstick } from './icons/drumstick.js';
          ╵                                              ~~~~~~~~~~~~~~~~~~~~~~

X [ERROR] Could not resolve "./icons/dumbbell.js"

    node_modules/lucide-react/dist/esm/lucide-react.js:721:88:
      721 │ ...bellIcon, default as LucideDumbbell } from './icons/dumbbell.js';
          ╵                                               ~~~~~~~~~~~~~~~~~~~~~

X [ERROR] Could not resolve "./icons/ear-off.js"

    node_modules/lucide-react/dist/esm/lucide-react.js:722:82:
      722 │ ... EarOffIcon, default as LucideEarOff } from './icons/ear-off.js';
          ╵                                                ~~~~~~~~~~~~~~~~~~~~

X [ERROR] Could not resolve "./icons/ear.js"

    node_modules/lucide-react/dist/esm/lucide-react.js:723:73:
      723 │ ...default as EarIcon, default as LucideEar } from './icons/ear.js';
          ╵                                                    ~~~~~~~~~~~~~~~~

X [ERROR] Could not resolve "./icons/earth-lock.js"

    node_modules/lucide-react/dist/esm/lucide-react.js:724:91:
      724 │ ...kIcon, default as LucideEarthLock } from './icons/earth-lock.js';
          ╵                                             ~~~~~~~~~~~~~~~~~~~~~~~

X [ERROR] Could not resolve "./icons/eclipse.js"

    node_modules/lucide-react/dist/esm/lucide-react.js:725:85:
      725 │ ...clipseIcon, default as LucideEclipse } from './icons/eclipse.js';
          ╵                                                ~~~~~~~~~~~~~~~~~~~~

X [ERROR] Could not resolve "./icons/egg-fried.js"

    node_modules/lucide-react/dist/esm/lucide-react.js:726:88:
      726 │ ...iedIcon, default as LucideEggFried } from './icons/egg-fried.js';
          ╵                                              ~~~~~~~~~~~~~~~~~~~~~~

X [ERROR] Could not resolve "./icons/egg-off.js"

    node_modules/lucide-react/dist/esm/lucide-react.js:727:82:
      727 │ ... EggOffIcon, default as LucideEggOff } from './icons/egg-off.js';
          ╵                                                ~~~~~~~~~~~~~~~~~~~~

X [ERROR] Could not resolve "./icons/egg.js"

    node_modules/lucide-react/dist/esm/lucide-react.js:728:73:
      728 │ ...default as EggIcon, default as LucideEgg } from './icons/egg.js';
          ╵                                                    ~~~~~~~~~~~~~~~~

X [ERROR] Could not resolve "./icons/equal-approximately.js"

    node_modules/lucide-react/dist/esm/lucide-react.js:729:118:
      729 │ ...LucideEqualApproximately } from './icons/equal-approximately.js';
          ╵                                    ~~~~~~~~~~~~~~~~~~~~~~~~~~~~~~~~

X [ERROR] Could not resolve "./icons/equal-not.js"

    node_modules/lucide-react/dist/esm/lucide-react.js:730:88:
      730 │ ...NotIcon, default as LucideEqualNot } from './icons/equal-not.js';
          ╵                                              ~~~~~~~~~~~~~~~~~~~~~~

X [ERROR] Could not resolve "./icons/eraser.js"

    node_modules/lucide-react/dist/esm/lucide-react.js:731:82:
      731 │ ...s EraserIcon, default as LucideEraser } from './icons/eraser.js';
          ╵                                                 ~~~~~~~~~~~~~~~~~~~

X [ERROR] Could not resolve "./icons/equal.js"

    node_modules/lucide-react/dist/esm/lucide-react.js:732:79:
      732 │ ...t as EqualIcon, default as LucideEqual } from './icons/equal.js';
          ╵                                                  ~~~~~~~~~~~~~~~~~~

X [ERROR] Could not resolve "./icons/ethernet-port.js"

    node_modules/lucide-react/dist/esm/lucide-react.js:733:100:
      733 │ ... default as LucideEthernetPort } from './icons/ethernet-port.js';
          ╵                                          ~~~~~~~~~~~~~~~~~~~~~~~~~~

X [ERROR] Could not resolve "./icons/euro.js"

    node_modules/lucide-react/dist/esm/lucide-react.js:734:76:
      734 │ ...ault as EuroIcon, default as LucideEuro } from './icons/euro.js';
          ╵                                                   ~~~~~~~~~~~~~~~~~

X [ERROR] Could not resolve "./icons/ev-charger.js"

    node_modules/lucide-react/dist/esm/lucide-react.js:735:91:
      735 │ ...rIcon, default as LucideEvCharger } from './icons/ev-charger.js';
          ╵                                             ~~~~~~~~~~~~~~~~~~~~~~~

X [ERROR] Could not resolve "./icons/external-link.js"

    node_modules/lucide-react/dist/esm/lucide-react.js:736:100:
      736 │ ... default as LucideExternalLink } from './icons/external-link.js';
          ╵                                          ~~~~~~~~~~~~~~~~~~~~~~~~~~

X [ERROR] Could not resolve "./icons/expand.js"

    node_modules/lucide-react/dist/esm/lucide-react.js:737:82:
      737 │ ...s ExpandIcon, default as LucideExpand } from './icons/expand.js';
          ╵                                                 ~~~~~~~~~~~~~~~~~~~

X [ERROR] Could not resolve "./icons/eye-closed.js"

    node_modules/lucide-react/dist/esm/lucide-react.js:738:91:
      738 │ ...dIcon, default as LucideEyeClosed } from './icons/eye-closed.js';
          ╵                                             ~~~~~~~~~~~~~~~~~~~~~~~

X [ERROR] Could not resolve "./icons/eye-off.js"

    node_modules/lucide-react/dist/esm/lucide-react.js:739:82:
      739 │ ... EyeOffIcon, default as LucideEyeOff } from './icons/eye-off.js';
          ╵                                                ~~~~~~~~~~~~~~~~~~~~

X [ERROR] Could not resolve "./icons/eye.js"

    node_modules/lucide-react/dist/esm/lucide-react.js:740:73:
      740 │ ...default as EyeIcon, default as LucideEye } from './icons/eye.js';
          ╵                                                    ~~~~~~~~~~~~~~~~

X [ERROR] Could not resolve "./icons/facebook.js"

    node_modules/lucide-react/dist/esm/lucide-react.js:741:88:
      741 │ ...bookIcon, default as LucideFacebook } from './icons/facebook.js';
          ╵                                               ~~~~~~~~~~~~~~~~~~~~~

X [ERROR] Could not resolve "./icons/factory.js"

    node_modules/lucide-react/dist/esm/lucide-react.js:742:85:
      742 │ ...actoryIcon, default as LucideFactory } from './icons/factory.js';
          ╵                                                ~~~~~~~~~~~~~~~~~~~~

X [ERROR] Could not resolve "./icons/fan.js"

    node_modules/lucide-react/dist/esm/lucide-react.js:743:73:
      743 │ ...default as FanIcon, default as LucideFan } from './icons/fan.js';
          ╵                                                    ~~~~~~~~~~~~~~~~

X [ERROR] Could not resolve "./icons/fast-forward.js"

    node_modules/lucide-react/dist/esm/lucide-react.js:744:97:
      744 │ ...n, default as LucideFastForward } from './icons/fast-forward.js';
          ╵                                           ~~~~~~~~~~~~~~~~~~~~~~~~~

X [ERROR] Could not resolve "./icons/feather.js"

    node_modules/lucide-react/dist/esm/lucide-react.js:745:85:
      745 │ ...eatherIcon, default as LucideFeather } from './icons/feather.js';
          ╵                                                ~~~~~~~~~~~~~~~~~~~~

X [ERROR] Could not resolve "./icons/fence.js"

    node_modules/lucide-react/dist/esm/lucide-react.js:746:79:
      746 │ ...t as FenceIcon, default as LucideFence } from './icons/fence.js';
          ╵                                                  ~~~~~~~~~~~~~~~~~~

X [ERROR] Could not resolve "./icons/figma.js"

    node_modules/lucide-react/dist/esm/lucide-react.js:747:79:
      747 │ ...t as FigmaIcon, default as LucideFigma } from './icons/figma.js';
          ╵                                                  ~~~~~~~~~~~~~~~~~~

X [ERROR] Could not resolve "./icons/file-archive.js"

    node_modules/lucide-react/dist/esm/lucide-react.js:748:97:
      748 │ ...n, default as LucideFileArchive } from './icons/file-archive.js';
          ╵                                           ~~~~~~~~~~~~~~~~~~~~~~~~~

X [ERROR] Could not resolve "./icons/ferris-wheel.js"

    node_modules/lucide-react/dist/esm/lucide-react.js:749:97:
      749 │ ...n, default as LucideFerrisWheel } from './icons/ferris-wheel.js';
          ╵                                           ~~~~~~~~~~~~~~~~~~~~~~~~~

X [ERROR] Could not resolve "./icons/file-box.js"

    node_modules/lucide-react/dist/esm/lucide-react.js:750:85:
      750 │ ...leBoxIcon, default as LucideFileBox } from './icons/file-box.js';
          ╵                                               ~~~~~~~~~~~~~~~~~~~~~

X [ERROR] Could not resolve "./icons/file-check.js"

    node_modules/lucide-react/dist/esm/lucide-react.js:751:91:
      751 │ ...kIcon, default as LucideFileCheck } from './icons/file-check.js';
          ╵                                             ~~~~~~~~~~~~~~~~~~~~~~~

X [ERROR] Could not resolve "./icons/file-clock.js"

    node_modules/lucide-react/dist/esm/lucide-react.js:752:91:
      752 │ ...kIcon, default as LucideFileClock } from './icons/file-clock.js';
          ╵                                             ~~~~~~~~~~~~~~~~~~~~~~~

X [ERROR] Could not resolve "./icons/file-code.js"

    node_modules/lucide-react/dist/esm/lucide-react.js:753:88:
      753 │ ...odeIcon, default as LucideFileCode } from './icons/file-code.js';
          ╵                                              ~~~~~~~~~~~~~~~~~~~~~~

X [ERROR] Could not resolve "./icons/file-diff.js"

    node_modules/lucide-react/dist/esm/lucide-react.js:754:88:
      754 │ ...iffIcon, default as LucideFileDiff } from './icons/file-diff.js';
          ╵                                              ~~~~~~~~~~~~~~~~~~~~~~

X [ERROR] Could not resolve "./icons/file-digit.js"

    node_modules/lucide-react/dist/esm/lucide-react.js:755:91:
      755 │ ...tIcon, default as LucideFileDigit } from './icons/file-digit.js';
          ╵                                             ~~~~~~~~~~~~~~~~~~~~~~~

X [ERROR] Could not resolve "./icons/file-down.js"

    node_modules/lucide-react/dist/esm/lucide-react.js:756:88:
      756 │ ...ownIcon, default as LucideFileDown } from './icons/file-down.js';
          ╵                                              ~~~~~~~~~~~~~~~~~~~~~~

X [ERROR] Could not resolve "./icons/file-heart.js"

    node_modules/lucide-react/dist/esm/lucide-react.js:757:91:
      757 │ ...tIcon, default as LucideFileHeart } from './icons/file-heart.js';
          ╵                                             ~~~~~~~~~~~~~~~~~~~~~~~

X [ERROR] Could not resolve "./icons/file-image.js"

    node_modules/lucide-react/dist/esm/lucide-react.js:758:91:
      758 │ ...eIcon, default as LucideFileImage } from './icons/file-image.js';
          ╵                                             ~~~~~~~~~~~~~~~~~~~~~~~

X [ERROR] Could not resolve "./icons/file-input.js"

    node_modules/lucide-react/dist/esm/lucide-react.js:759:91:
      759 │ ...tIcon, default as LucideFileInput } from './icons/file-input.js';
          ╵                                             ~~~~~~~~~~~~~~~~~~~~~~~

X [ERROR] Could not resolve "./icons/file-minus.js"

    node_modules/lucide-react/dist/esm/lucide-react.js:760:91:
      760 │ ...sIcon, default as LucideFileMinus } from './icons/file-minus.js';
          ╵                                             ~~~~~~~~~~~~~~~~~~~~~~~

X [ERROR] Could not resolve "./icons/file-music.js"

    node_modules/lucide-react/dist/esm/lucide-react.js:761:91:
      761 │ ...cIcon, default as LucideFileMusic } from './icons/file-music.js';
          ╵                                             ~~~~~~~~~~~~~~~~~~~~~~~

X [ERROR] Could not resolve "./icons/file-output.js"

    node_modules/lucide-react/dist/esm/lucide-react.js:762:94:
      762 │ ...con, default as LucideFileOutput } from './icons/file-output.js';
          ╵                                            ~~~~~~~~~~~~~~~~~~~~~~~~

X [ERROR] Could not resolve "./icons/file-plus.js"

    node_modules/lucide-react/dist/esm/lucide-react.js:763:88:
      763 │ ...lusIcon, default as LucideFilePlus } from './icons/file-plus.js';
          ╵                                              ~~~~~~~~~~~~~~~~~~~~~~

X [ERROR] Could not resolve "./icons/file-search.js"

    node_modules/lucide-react/dist/esm/lucide-react.js:764:94:
      764 │ ...con, default as LucideFileSearch } from './icons/file-search.js';
          ╵                                            ~~~~~~~~~~~~~~~~~~~~~~~~

X [ERROR] Could not resolve "./icons/file-scan.js"

    node_modules/lucide-react/dist/esm/lucide-react.js:765:88:
      765 │ ...canIcon, default as LucideFileScan } from './icons/file-scan.js';
          ╵                                              ~~~~~~~~~~~~~~~~~~~~~~

X [ERROR] Could not resolve "./icons/file-sliders.js"

    node_modules/lucide-react/dist/esm/lucide-react.js:766:97:
      766 │ ...n, default as LucideFileSliders } from './icons/file-sliders.js';
          ╵                                           ~~~~~~~~~~~~~~~~~~~~~~~~~

X [ERROR] Could not resolve "./icons/file-spreadsheet.js"

    node_modules/lucide-react/dist/esm/lucide-react.js:767:109:
      767 │ ...lt as LucideFileSpreadsheet } from './icons/file-spreadsheet.js';
          ╵                                       ~~~~~~~~~~~~~~~~~~~~~~~~~~~~~

X [ERROR] Could not resolve "./icons/file-stack.js"

    node_modules/lucide-react/dist/esm/lucide-react.js:768:91:
      768 │ ...kIcon, default as LucideFileStack } from './icons/file-stack.js';
          ╵                                             ~~~~~~~~~~~~~~~~~~~~~~~

X [ERROR] Could not resolve "./icons/file-symlink.js"

    node_modules/lucide-react/dist/esm/lucide-react.js:769:97:
      769 │ ...n, default as LucideFileSymlink } from './icons/file-symlink.js';
          ╵                                           ~~~~~~~~~~~~~~~~~~~~~~~~~

X [ERROR] Could not resolve "./icons/file-terminal.js"

    node_modules/lucide-react/dist/esm/lucide-react.js:770:100:
      770 │ ... default as LucideFileTerminal } from './icons/file-terminal.js';
          ╵                                          ~~~~~~~~~~~~~~~~~~~~~~~~~~

X [ERROR] Could not resolve "./icons/file-text.js"

    node_modules/lucide-react/dist/esm/lucide-react.js:771:88:
      771 │ ...extIcon, default as LucideFileText } from './icons/file-text.js';
          ╵                                              ~~~~~~~~~~~~~~~~~~~~~~

X [ERROR] Could not resolve "./icons/file-type.js"

    node_modules/lucide-react/dist/esm/lucide-react.js:772:88:
      772 │ ...ypeIcon, default as LucideFileType } from './icons/file-type.js';
          ╵                                              ~~~~~~~~~~~~~~~~~~~~~~

X [ERROR] Could not resolve "./icons/file-up.js"

    node_modules/lucide-react/dist/esm/lucide-react.js:773:82:
      773 │ ... FileUpIcon, default as LucideFileUp } from './icons/file-up.js';
          ╵                                                ~~~~~~~~~~~~~~~~~~~~

X [ERROR] Could not resolve "./icons/file-user.js"

    node_modules/lucide-react/dist/esm/lucide-react.js:774:88:
      774 │ ...serIcon, default as LucideFileUser } from './icons/file-user.js';
          ╵                                              ~~~~~~~~~~~~~~~~~~~~~~

X [ERROR] Could not resolve "./icons/file-volume.js"

    node_modules/lucide-react/dist/esm/lucide-react.js:775:94:
      775 │ ...con, default as LucideFileVolume } from './icons/file-volume.js';
          ╵                                            ~~~~~~~~~~~~~~~~~~~~~~~~

X [ERROR] Could not resolve "./icons/file-x.js"

    node_modules/lucide-react/dist/esm/lucide-react.js:776:79:
      776 │ ... as FileXIcon, default as LucideFileX } from './icons/file-x.js';
          ╵                                                 ~~~~~~~~~~~~~~~~~~~

X [ERROR] Could not resolve "./icons/file.js"

    node_modules/lucide-react/dist/esm/lucide-react.js:777:76:
      777 │ ...ault as FileIcon, default as LucideFile } from './icons/file.js';
          ╵                                                   ~~~~~~~~~~~~~~~~~

X [ERROR] Could not resolve "./icons/files.js"

    node_modules/lucide-react/dist/esm/lucide-react.js:778:79:
      778 │ ...t as FilesIcon, default as LucideFiles } from './icons/files.js';
          ╵                                                  ~~~~~~~~~~~~~~~~~~

X [ERROR] Could not resolve "./icons/film.js"

    node_modules/lucide-react/dist/esm/lucide-react.js:779:76:
      779 │ ...ault as FilmIcon, default as LucideFilm } from './icons/film.js';
          ╵                                                   ~~~~~~~~~~~~~~~~~

X [ERROR] Could not resolve "./icons/fire-extinguisher.js"

    node_modules/lucide-react/dist/esm/lucide-react.js:780:112:
      780 │ ... as LucideFireExtinguisher } from './icons/fire-extinguisher.js';
          ╵                                      ~~~~~~~~~~~~~~~~~~~~~~~~~~~~~~

X [ERROR] Could not resolve "./icons/fish-off.js"

    node_modules/lucide-react/dist/esm/lucide-react.js:781:85:
      781 │ ...shOffIcon, default as LucideFishOff } from './icons/fish-off.js';
          ╵                                               ~~~~~~~~~~~~~~~~~~~~~

X [ERROR] Could not resolve "./icons/fish-symbol.js"

    node_modules/lucide-react/dist/esm/lucide-react.js:782:94:
      782 │ ...con, default as LucideFishSymbol } from './icons/fish-symbol.js';
          ╵                                            ~~~~~~~~~~~~~~~~~~~~~~~~

X [ERROR] Could not resolve "./icons/fish.js"

    node_modules/lucide-react/dist/esm/lucide-react.js:783:76:
      783 │ ...ault as FishIcon, default as LucideFish } from './icons/fish.js';
          ╵                                                   ~~~~~~~~~~~~~~~~~

X [ERROR] Could not resolve "./icons/flag-off.js"

    node_modules/lucide-react/dist/esm/lucide-react.js:784:85:
      784 │ ...agOffIcon, default as LucideFlagOff } from './icons/flag-off.js';
          ╵                                               ~~~~~~~~~~~~~~~~~~~~~

X [ERROR] Could not resolve "./icons/flag-triangle-left.js"

    node_modules/lucide-react/dist/esm/lucide-react.js:785:112:
      785 │ ...as LucideFlagTriangleLeft } from './icons/flag-triangle-left.js';
          ╵                                     ~~~~~~~~~~~~~~~~~~~~~~~~~~~~~~~

X [ERROR] Could not resolve "./icons/fishing-hook.js"

    node_modules/lucide-react/dist/esm/lucide-react.js:786:97:
      786 │ ...n, default as LucideFishingHook } from './icons/fishing-hook.js';
          ╵                                           ~~~~~~~~~~~~~~~~~~~~~~~~~

X [ERROR] Could not resolve "./icons/flag-triangle-right.js"

    node_modules/lucide-react/dist/esm/lucide-react.js:787:115:
      787 │ ... LucideFlagTriangleRight } from './icons/flag-triangle-right.js';
          ╵                                    ~~~~~~~~~~~~~~~~~~~~~~~~~~~~~~~~

X [ERROR] Could not resolve "./icons/flame-kindling.js"

    node_modules/lucide-react/dist/esm/lucide-react.js:788:103:
      788 │ ...efault as LucideFlameKindling } from './icons/flame-kindling.js';
          ╵                                         ~~~~~~~~~~~~~~~~~~~~~~~~~~~

X [ERROR] Could not resolve "./icons/flag.js"

    node_modules/lucide-react/dist/esm/lucide-react.js:789:76:
      789 │ ...ault as FlagIcon, default as LucideFlag } from './icons/flag.js';
          ╵                                                   ~~~~~~~~~~~~~~~~~

X [ERROR] Could not resolve "./icons/flame.js"

    node_modules/lucide-react/dist/esm/lucide-react.js:790:79:
      790 │ ...t as FlameIcon, default as LucideFlame } from './icons/flame.js';
          ╵                                                  ~~~~~~~~~~~~~~~~~~

X [ERROR] Could not resolve "./icons/flashlight-off.js"

    node_modules/lucide-react/dist/esm/lucide-react.js:791:103:
      791 │ ...efault as LucideFlashlightOff } from './icons/flashlight-off.js';
          ╵                                         ~~~~~~~~~~~~~~~~~~~~~~~~~~~

X [ERROR] Could not resolve "./icons/flashlight.js"

    node_modules/lucide-react/dist/esm/lucide-react.js:792:94:
      792 │ ...Icon, default as LucideFlashlight } from './icons/flashlight.js';
          ╵                                             ~~~~~~~~~~~~~~~~~~~~~~~

X [ERROR] Could not resolve "./icons/flask-conical.js"

    node_modules/lucide-react/dist/esm/lucide-react.js:793:100:
      793 │ ... default as LucideFlaskConical } from './icons/flask-conical.js';
          ╵                                          ~~~~~~~~~~~~~~~~~~~~~~~~~~

X [ERROR] Could not resolve "./icons/flask-conical-off.js"

    node_modules/lucide-react/dist/esm/lucide-react.js:794:109:
      794 │ ...t as LucideFlaskConicalOff } from './icons/flask-conical-off.js';
          ╵                                      ~~~~~~~~~~~~~~~~~~~~~~~~~~~~~~

X [ERROR] Could not resolve "./icons/flask-round.js"

    node_modules/lucide-react/dist/esm/lucide-react.js:795:94:
      795 │ ...con, default as LucideFlaskRound } from './icons/flask-round.js';
          ╵                                            ~~~~~~~~~~~~~~~~~~~~~~~~

X [ERROR] Could not resolve "./icons/flip-horizontal-2.js"

    node_modules/lucide-react/dist/esm/lucide-react.js:796:109:
      796 │ ...t as LucideFlipHorizontal2 } from './icons/flip-horizontal-2.js';
          ╵                                      ~~~~~~~~~~~~~~~~~~~~~~~~~~~~~~

X [ERROR] Could not resolve "./icons/flip-vertical-2.js"

    node_modules/lucide-react/dist/esm/lucide-react.js:797:103:
      797 │ ...fault as LucideFlipVertical2 } from './icons/flip-vertical-2.js';
          ╵                                        ~~~~~~~~~~~~~~~~~~~~~~~~~~~~

X [ERROR] Could not resolve "./icons/flower-2.js"

    node_modules/lucide-react/dist/esm/lucide-react.js:798:85:
      798 │ ...ower2Icon, default as LucideFlower2 } from './icons/flower-2.js';
          ╵                                               ~~~~~~~~~~~~~~~~~~~~~

X [ERROR] Could not resolve "./icons/focus.js"

    node_modules/lucide-react/dist/esm/lucide-react.js:799:79:
      799 │ ...t as FocusIcon, default as LucideFocus } from './icons/focus.js';
          ╵                                                  ~~~~~~~~~~~~~~~~~~

X [ERROR] Could not resolve "./icons/flower.js"

    node_modules/lucide-react/dist/esm/lucide-react.js:800:82:
      800 │ ...s FlowerIcon, default as LucideFlower } from './icons/flower.js';
          ╵                                                 ~~~~~~~~~~~~~~~~~~~

X [ERROR] Could not resolve "./icons/fold-horizontal.js"

    node_modules/lucide-react/dist/esm/lucide-react.js:801:106:
      801 │ ...ault as LucideFoldHorizontal } from './icons/fold-horizontal.js';
          ╵                                        ~~~~~~~~~~~~~~~~~~~~~~~~~~~~

X [ERROR] Could not resolve "./icons/fold-vertical.js"

    node_modules/lucide-react/dist/esm/lucide-react.js:802:100:
      802 │ ... default as LucideFoldVertical } from './icons/fold-vertical.js';
          ╵                                          ~~~~~~~~~~~~~~~~~~~~~~~~~~

X [ERROR] Could not resolve "./icons/folder-archive.js"

    node_modules/lucide-react/dist/esm/lucide-react.js:803:103:
      803 │ ...efault as LucideFolderArchive } from './icons/folder-archive.js';
          ╵                                         ~~~~~~~~~~~~~~~~~~~~~~~~~~~

X [ERROR] Could not resolve "./icons/folder-check.js"

    node_modules/lucide-react/dist/esm/lucide-react.js:804:97:
      804 │ ...n, default as LucideFolderCheck } from './icons/folder-check.js';
          ╵                                           ~~~~~~~~~~~~~~~~~~~~~~~~~

X [ERROR] Could not resolve "./icons/folder-clock.js"

    node_modules/lucide-react/dist/esm/lucide-react.js:805:97:
      805 │ ...n, default as LucideFolderClock } from './icons/folder-clock.js';
          ╵                                           ~~~~~~~~~~~~~~~~~~~~~~~~~

X [ERROR] Could not resolve "./icons/folder-code.js"

    node_modules/lucide-react/dist/esm/lucide-react.js:806:94:
      806 │ ...con, default as LucideFolderCode } from './icons/folder-code.js';
          ╵                                            ~~~~~~~~~~~~~~~~~~~~~~~~

X [ERROR] Could not resolve "./icons/folder-closed.js"

    node_modules/lucide-react/dist/esm/lucide-react.js:807:100:
      807 │ ... default as LucideFolderClosed } from './icons/folder-closed.js';
          ╵                                          ~~~~~~~~~~~~~~~~~~~~~~~~~~

X [ERROR] Could not resolve "./icons/folder-dot.js"

    node_modules/lucide-react/dist/esm/lucide-react.js:808:91:
      808 │ ...tIcon, default as LucideFolderDot } from './icons/folder-dot.js';
          ╵                                             ~~~~~~~~~~~~~~~~~~~~~~~

X [ERROR] Could not resolve "./icons/folder-down.js"

    node_modules/lucide-react/dist/esm/lucide-react.js:809:94:
      809 │ ...con, default as LucideFolderDown } from './icons/folder-down.js';
          ╵                                            ~~~~~~~~~~~~~~~~~~~~~~~~

X [ERROR] Could not resolve "./icons/folder-git-2.js"

    node_modules/lucide-react/dist/esm/lucide-react.js:810:94:
      810 │ ...on, default as LucideFolderGit2 } from './icons/folder-git-2.js';
          ╵                                           ~~~~~~~~~~~~~~~~~~~~~~~~~

X [ERROR] Could not resolve "./icons/folder-git.js"

    node_modules/lucide-react/dist/esm/lucide-react.js:811:91:
      811 │ ...tIcon, default as LucideFolderGit } from './icons/folder-git.js';
          ╵                                             ~~~~~~~~~~~~~~~~~~~~~~~

X [ERROR] Could not resolve "./icons/folder-heart.js"

    node_modules/lucide-react/dist/esm/lucide-react.js:812:97:
      812 │ ...n, default as LucideFolderHeart } from './icons/folder-heart.js';
          ╵                                           ~~~~~~~~~~~~~~~~~~~~~~~~~

X [ERROR] Could not resolve "./icons/folder-input.js"

    node_modules/lucide-react/dist/esm/lucide-react.js:813:97:
      813 │ ...n, default as LucideFolderInput } from './icons/folder-input.js';
          ╵                                           ~~~~~~~~~~~~~~~~~~~~~~~~~

X [ERROR] Could not resolve "./icons/folder-kanban.js"

    node_modules/lucide-react/dist/esm/lucide-react.js:814:100:
      814 │ ... default as LucideFolderKanban } from './icons/folder-kanban.js';
          ╵                                          ~~~~~~~~~~~~~~~~~~~~~~~~~~

X [ERROR] Could not resolve "./icons/folder-key.js"

    node_modules/lucide-react/dist/esm/lucide-react.js:815:91:
      815 │ ...yIcon, default as LucideFolderKey } from './icons/folder-key.js';
          ╵                                             ~~~~~~~~~~~~~~~~~~~~~~~

X [ERROR] Could not resolve "./icons/folder-lock.js"

    node_modules/lucide-react/dist/esm/lucide-react.js:816:94:
      816 │ ...con, default as LucideFolderLock } from './icons/folder-lock.js';
          ╵                                            ~~~~~~~~~~~~~~~~~~~~~~~~

X [ERROR] Could not resolve "./icons/folder-minus.js"

    node_modules/lucide-react/dist/esm/lucide-react.js:817:97:
      817 │ ...n, default as LucideFolderMinus } from './icons/folder-minus.js';
          ╵                                           ~~~~~~~~~~~~~~~~~~~~~~~~~

X [ERROR] Could not resolve "./icons/folder-open-dot.js"

    node_modules/lucide-react/dist/esm/lucide-react.js:818:103:
      818 │ ...fault as LucideFolderOpenDot } from './icons/folder-open-dot.js';
          ╵                                        ~~~~~~~~~~~~~~~~~~~~~~~~~~~~

X [ERROR] Could not resolve "./icons/folder-output.js"

    node_modules/lucide-react/dist/esm/lucide-react.js:819:100:
      819 │ ... default as LucideFolderOutput } from './icons/folder-output.js';
          ╵                                          ~~~~~~~~~~~~~~~~~~~~~~~~~~

X [ERROR] Could not resolve "./icons/folder-open.js"

    node_modules/lucide-react/dist/esm/lucide-react.js:820:94:
      820 │ ...con, default as LucideFolderOpen } from './icons/folder-open.js';
          ╵                                            ~~~~~~~~~~~~~~~~~~~~~~~~

X [ERROR] Could not resolve "./icons/folder-plus.js"

    node_modules/lucide-react/dist/esm/lucide-react.js:821:94:
      821 │ ...con, default as LucideFolderPlus } from './icons/folder-plus.js';
          ╵                                            ~~~~~~~~~~~~~~~~~~~~~~~~

X [ERROR] Could not resolve "./icons/folder-root.js"

    node_modules/lucide-react/dist/esm/lucide-react.js:822:94:
      822 │ ...con, default as LucideFolderRoot } from './icons/folder-root.js';
          ╵                                            ~~~~~~~~~~~~~~~~~~~~~~~~

X [ERROR] Could not resolve "./icons/folder-search-2.js"

    node_modules/lucide-react/dist/esm/lucide-react.js:823:103:
      823 │ ...fault as LucideFolderSearch2 } from './icons/folder-search-2.js';
          ╵                                        ~~~~~~~~~~~~~~~~~~~~~~~~~~~~

X [ERROR] Could not resolve "./icons/folder-search.js"

    node_modules/lucide-react/dist/esm/lucide-react.js:824:100:
      824 │ ... default as LucideFolderSearch } from './icons/folder-search.js';
          ╵                                          ~~~~~~~~~~~~~~~~~~~~~~~~~~

X [ERROR] Could not resolve "./icons/folder-symlink.js"

    node_modules/lucide-react/dist/esm/lucide-react.js:825:103:
      825 │ ...efault as LucideFolderSymlink } from './icons/folder-symlink.js';
          ╵                                         ~~~~~~~~~~~~~~~~~~~~~~~~~~~

X [ERROR] Could not resolve "./icons/folder-sync.js"

    node_modules/lucide-react/dist/esm/lucide-react.js:826:94:
      826 │ ...con, default as LucideFolderSync } from './icons/folder-sync.js';
          ╵                                            ~~~~~~~~~~~~~~~~~~~~~~~~

X [ERROR] Could not resolve "./icons/folder-tree.js"

    node_modules/lucide-react/dist/esm/lucide-react.js:827:94:
      827 │ ...con, default as LucideFolderTree } from './icons/folder-tree.js';
          ╵                                            ~~~~~~~~~~~~~~~~~~~~~~~~

X [ERROR] Could not resolve "./icons/folder-up.js"

    node_modules/lucide-react/dist/esm/lucide-react.js:828:88:
      828 │ ...rUpIcon, default as LucideFolderUp } from './icons/folder-up.js';
          ╵                                              ~~~~~~~~~~~~~~~~~~~~~~

X [ERROR] Could not resolve "./icons/folder-x.js"

    node_modules/lucide-react/dist/esm/lucide-react.js:829:85:
      829 │ ...lderXIcon, default as LucideFolderX } from './icons/folder-x.js';
          ╵                                               ~~~~~~~~~~~~~~~~~~~~~

X [ERROR] Could not resolve "./icons/folder.js"

    node_modules/lucide-react/dist/esm/lucide-react.js:830:82:
      830 │ ...s FolderIcon, default as LucideFolder } from './icons/folder.js';
          ╵                                                 ~~~~~~~~~~~~~~~~~~~

X [ERROR] Could not resolve "./icons/folders.js"

    node_modules/lucide-react/dist/esm/lucide-react.js:831:85:
      831 │ ...oldersIcon, default as LucideFolders } from './icons/folders.js';
          ╵                                                ~~~~~~~~~~~~~~~~~~~~

X [ERROR] Could not resolve "./icons/forklift.js"

    node_modules/lucide-react/dist/esm/lucide-react.js:832:88:
      832 │ ...liftIcon, default as LucideForklift } from './icons/forklift.js';
          ╵                                               ~~~~~~~~~~~~~~~~~~~~~

X [ERROR] Could not resolve "./icons/footprints.js"

    node_modules/lucide-react/dist/esm/lucide-react.js:833:94:
      833 │ ...Icon, default as LucideFootprints } from './icons/footprints.js';
          ╵                                             ~~~~~~~~~~~~~~~~~~~~~~~

X [ERROR] Could not resolve "./icons/form.js"

    node_modules/lucide-react/dist/esm/lucide-react.js:834:76:
      834 │ ...ault as FormIcon, default as LucideForm } from './icons/form.js';
          ╵                                                   ~~~~~~~~~~~~~~~~~

X [ERROR] Could not resolve "./icons/frame.js"

    node_modules/lucide-react/dist/esm/lucide-react.js:835:79:
      835 │ ...t as FrameIcon, default as LucideFrame } from './icons/frame.js';
          ╵                                                  ~~~~~~~~~~~~~~~~~~

X [ERROR] Could not resolve "./icons/framer.js"

    node_modules/lucide-react/dist/esm/lucide-react.js:836:82:
      836 │ ...s FramerIcon, default as LucideFramer } from './icons/framer.js';
          ╵                                                 ~~~~~~~~~~~~~~~~~~~

X [ERROR] Could not resolve "./icons/forward.js"

    node_modules/lucide-react/dist/esm/lucide-react.js:837:85:
      837 │ ...orwardIcon, default as LucideForward } from './icons/forward.js';
          ╵                                                ~~~~~~~~~~~~~~~~~~~~

X [ERROR] Could not resolve "./icons/frown.js"

    node_modules/lucide-react/dist/esm/lucide-react.js:838:79:
      838 │ ...t as FrownIcon, default as LucideFrown } from './icons/frown.js';
          ╵                                                  ~~~~~~~~~~~~~~~~~~

X [ERROR] Could not resolve "./icons/fuel.js"

    node_modules/lucide-react/dist/esm/lucide-react.js:839:76:
      839 │ ...ault as FuelIcon, default as LucideFuel } from './icons/fuel.js';
          ╵                                                   ~~~~~~~~~~~~~~~~~

X [ERROR] Could not resolve "./icons/fullscreen.js"

    node_modules/lucide-react/dist/esm/lucide-react.js:840:94:
      840 │ ...Icon, default as LucideFullscreen } from './icons/fullscreen.js';
          ╵                                             ~~~~~~~~~~~~~~~~~~~~~~~

X [ERROR] Could not resolve "./icons/funnel-plus.js"

    node_modules/lucide-react/dist/esm/lucide-react.js:841:94:
      841 │ ...con, default as LucideFunnelPlus } from './icons/funnel-plus.js';
          ╵                                            ~~~~~~~~~~~~~~~~~~~~~~~~

X [ERROR] Could not resolve "./icons/gallery-horizontal-end.js"

    node_modules/lucide-react/dist/esm/lucide-react.js:842:124:
      842 │ ...eGalleryHorizontalEnd } from './icons/gallery-horizontal-end.js';
          ╵                                 ~~~~~~~~~~~~~~~~~~~~~~~~~~~~~~~~~~~

X [ERROR] Could not resolve "./icons/gallery-horizontal.js"

    node_modules/lucide-react/dist/esm/lucide-react.js:843:115:
      843 │ ...s LucideGalleryHorizontal } from './icons/gallery-horizontal.js';
          ╵                                     ~~~~~~~~~~~~~~~~~~~~~~~~~~~~~~~

X [ERROR] Could not resolve "./icons/gallery-thumbnails.js"

    node_modules/lucide-react/dist/esm/lucide-react.js:844:115:
      844 │ ...s LucideGalleryThumbnails } from './icons/gallery-thumbnails.js';
          ╵                                     ~~~~~~~~~~~~~~~~~~~~~~~~~~~~~~~

X [ERROR] Could not resolve "./icons/gallery-vertical-end.js"

    node_modules/lucide-react/dist/esm/lucide-react.js:845:118:
      845 │ ...ucideGalleryVerticalEnd } from './icons/gallery-vertical-end.js';
          ╵                                   ~~~~~~~~~~~~~~~~~~~~~~~~~~~~~~~~~

X [ERROR] Could not resolve "./icons/gallery-vertical.js"

    node_modules/lucide-react/dist/esm/lucide-react.js:846:109:
      846 │ ...lt as LucideGalleryVertical } from './icons/gallery-vertical.js';
          ╵                                       ~~~~~~~~~~~~~~~~~~~~~~~~~~~~~

X [ERROR] Could not resolve "./icons/gamepad-2.js"

    node_modules/lucide-react/dist/esm/lucide-react.js:847:88:
      847 │ ...ad2Icon, default as LucideGamepad2 } from './icons/gamepad-2.js';
          ╵                                              ~~~~~~~~~~~~~~~~~~~~~~

X [ERROR] Could not resolve "./icons/gamepad-directional.js"

    node_modules/lucide-react/dist/esm/lucide-react.js:848:118:
      848 │ ...LucideGamepadDirectional } from './icons/gamepad-directional.js';
          ╵                                    ~~~~~~~~~~~~~~~~~~~~~~~~~~~~~~~~

X [ERROR] Could not resolve "./icons/gamepad.js"

    node_modules/lucide-react/dist/esm/lucide-react.js:849:85:
      849 │ ...amepadIcon, default as LucideGamepad } from './icons/gamepad.js';
          ╵                                                ~~~~~~~~~~~~~~~~~~~~

X [ERROR] Could not resolve "./icons/gauge.js"

    node_modules/lucide-react/dist/esm/lucide-react.js:850:79:
      850 │ ...t as GaugeIcon, default as LucideGauge } from './icons/gauge.js';
          ╵                                                  ~~~~~~~~~~~~~~~~~~

X [ERROR] Could not resolve "./icons/gavel.js"

    node_modules/lucide-react/dist/esm/lucide-react.js:851:79:
      851 │ ...t as GavelIcon, default as LucideGavel } from './icons/gavel.js';
          ╵                                                  ~~~~~~~~~~~~~~~~~~

X [ERROR] Could not resolve "./icons/georgian-lari.js"

    node_modules/lucide-react/dist/esm/lucide-react.js:852:100:
      852 │ ... default as LucideGeorgianLari } from './icons/georgian-lari.js';
          ╵                                          ~~~~~~~~~~~~~~~~~~~~~~~~~~

X [ERROR] Could not resolve "./icons/gem.js"

    node_modules/lucide-react/dist/esm/lucide-react.js:853:73:
      853 │ ...default as GemIcon, default as LucideGem } from './icons/gem.js';
          ╵                                                    ~~~~~~~~~~~~~~~~

X [ERROR] Could not resolve "./icons/ghost.js"

    node_modules/lucide-react/dist/esm/lucide-react.js:854:79:
      854 │ ...t as GhostIcon, default as LucideGhost } from './icons/ghost.js';
          ╵                                                  ~~~~~~~~~~~~~~~~~~

X [ERROR] Could not resolve "./icons/gift.js"

    node_modules/lucide-react/dist/esm/lucide-react.js:855:76:
      855 │ ...ault as GiftIcon, default as LucideGift } from './icons/gift.js';
          ╵                                                   ~~~~~~~~~~~~~~~~~

X [ERROR] Could not resolve "./icons/git-branch-minus.js"

    node_modules/lucide-react/dist/esm/lucide-react.js:856:106:
      856 │ ...ult as LucideGitBranchMinus } from './icons/git-branch-minus.js';
          ╵                                       ~~~~~~~~~~~~~~~~~~~~~~~~~~~~~

X [ERROR] Could not resolve "./icons/git-branch.js"

    node_modules/lucide-react/dist/esm/lucide-react.js:857:91:
      857 │ ...hIcon, default as LucideGitBranch } from './icons/git-branch.js';
          ╵                                             ~~~~~~~~~~~~~~~~~~~~~~~

X [ERROR] Could not resolve "./icons/git-branch-plus.js"

    node_modules/lucide-react/dist/esm/lucide-react.js:858:103:
      858 │ ...fault as LucideGitBranchPlus } from './icons/git-branch-plus.js';
          ╵                                        ~~~~~~~~~~~~~~~~~~~~~~~~~~~~

X [ERROR] Could not resolve "./icons/git-commit-vertical.js"

    node_modules/lucide-react/dist/esm/lucide-react.js:859:115:
      859 │ ... LucideGitCommitVertical } from './icons/git-commit-vertical.js';
          ╵                                    ~~~~~~~~~~~~~~~~~~~~~~~~~~~~~~~~

X [ERROR] Could not resolve "./icons/git-compare-arrows.js"

    node_modules/lucide-react/dist/esm/lucide-react.js:860:112:
      860 │ ...as LucideGitCompareArrows } from './icons/git-compare-arrows.js';
          ╵                                     ~~~~~~~~~~~~~~~~~~~~~~~~~~~~~~~

X [ERROR] Could not resolve "./icons/git-fork.js"

    node_modules/lucide-react/dist/esm/lucide-react.js:861:85:
      861 │ ...tForkIcon, default as LucideGitFork } from './icons/git-fork.js';
          ╵                                               ~~~~~~~~~~~~~~~~~~~~~

X [ERROR] Could not resolve "./icons/git-graph.js"

    node_modules/lucide-react/dist/esm/lucide-react.js:862:88:
      862 │ ...aphIcon, default as LucideGitGraph } from './icons/git-graph.js';
          ╵                                              ~~~~~~~~~~~~~~~~~~~~~~

X [ERROR] Could not resolve "./icons/git-compare.js"

    node_modules/lucide-react/dist/esm/lucide-react.js:863:94:
      863 │ ...con, default as LucideGitCompare } from './icons/git-compare.js';
          ╵                                            ~~~~~~~~~~~~~~~~~~~~~~~~

X [ERROR] Could not resolve "./icons/git-merge-conflict.js"

    node_modules/lucide-react/dist/esm/lucide-react.js:864:112:
      864 │ ...as LucideGitMergeConflict } from './icons/git-merge-conflict.js';
          ╵                                     ~~~~~~~~~~~~~~~~~~~~~~~~~~~~~~~

X [ERROR] Could not resolve "./icons/git-merge.js"

    node_modules/lucide-react/dist/esm/lucide-react.js:865:88:
      865 │ ...rgeIcon, default as LucideGitMerge } from './icons/git-merge.js';
          ╵                                              ~~~~~~~~~~~~~~~~~~~~~~

X [ERROR] Could not resolve "./icons/git-pull-request-arrow.js"

    node_modules/lucide-react/dist/esm/lucide-react.js:866:121:
      866 │ ...deGitPullRequestArrow } from './icons/git-pull-request-arrow.js';
          ╵                                 ~~~~~~~~~~~~~~~~~~~~~~~~~~~~~~~~~~~

X [ERROR] Could not resolve "./icons/git-pull-request-closed.js"

    node_modules/lucide-react/dist/esm/lucide-react.js:867:124:
      867 │ ...GitPullRequestClosed } from './icons/git-pull-request-closed.js';
          ╵                                ~~~~~~~~~~~~~~~~~~~~~~~~~~~~~~~~~~~~

X [ERROR] Could not resolve "./icons/git-pull-request-create-arrow.js"

    node_modules/lucide-react/dist/esm/lucide-react.js:868:139:
      868 │ ...estCreateArrow } from './icons/git-pull-request-create-arrow.js';
          ╵                          ~~~~~~~~~~~~~~~~~~~~~~~~~~~~~~~~~~~~~~~~~~

X [ERROR] Could not resolve "./icons/git-pull-request-create.js"

    node_modules/lucide-react/dist/esm/lucide-react.js:869:124:
      869 │ ...GitPullRequestCreate } from './icons/git-pull-request-create.js';
          ╵                                ~~~~~~~~~~~~~~~~~~~~~~~~~~~~~~~~~~~~

X [ERROR] Could not resolve "./icons/git-pull-request.js"

    node_modules/lucide-react/dist/esm/lucide-react.js:870:106:
      870 │ ...ult as LucideGitPullRequest } from './icons/git-pull-request.js';
          ╵                                       ~~~~~~~~~~~~~~~~~~~~~~~~~~~~~

X [ERROR] Could not resolve "./icons/git-pull-request-draft.js"

    node_modules/lucide-react/dist/esm/lucide-react.js:871:121:
      871 │ ...deGitPullRequestDraft } from './icons/git-pull-request-draft.js';
          ╵                                 ~~~~~~~~~~~~~~~~~~~~~~~~~~~~~~~~~~~

X [ERROR] Could not resolve "./icons/github.js"

    node_modules/lucide-react/dist/esm/lucide-react.js:872:82:
      872 │ ...s GithubIcon, default as LucideGithub } from './icons/github.js';
          ╵                                                 ~~~~~~~~~~~~~~~~~~~

X [ERROR] Could not resolve "./icons/gitlab.js"

    node_modules/lucide-react/dist/esm/lucide-react.js:873:82:
      873 │ ...s GitlabIcon, default as LucideGitlab } from './icons/gitlab.js';
          ╵                                                 ~~~~~~~~~~~~~~~~~~~

X [ERROR] Could not resolve "./icons/glass-water.js"

    node_modules/lucide-react/dist/esm/lucide-react.js:874:94:
      874 │ ...con, default as LucideGlassWater } from './icons/glass-water.js';
          ╵                                            ~~~~~~~~~~~~~~~~~~~~~~~~

X [ERROR] Could not resolve "./icons/globe-lock.js"

    node_modules/lucide-react/dist/esm/lucide-react.js:875:91:
      875 │ ...kIcon, default as LucideGlobeLock } from './icons/globe-lock.js';
          ╵                                             ~~~~~~~~~~~~~~~~~~~~~~~

X [ERROR] Could not resolve "./icons/glasses.js"

    node_modules/lucide-react/dist/esm/lucide-react.js:876:85:
      876 │ ...lassesIcon, default as LucideGlasses } from './icons/glasses.js';
          ╵                                                ~~~~~~~~~~~~~~~~~~~~

X [ERROR] Could not resolve "./icons/globe-x.js"

    node_modules/lucide-react/dist/esm/lucide-react.js:877:82:
      877 │ ... GlobeXIcon, default as LucideGlobeX } from './icons/globe-x.js';
          ╵                                                ~~~~~~~~~~~~~~~~~~~~

X [ERROR] Could not resolve "./icons/globe-off.js"

    node_modules/lucide-react/dist/esm/lucide-react.js:878:88:
      878 │ ...OffIcon, default as LucideGlobeOff } from './icons/globe-off.js';
          ╵                                              ~~~~~~~~~~~~~~~~~~~~~~

X [ERROR] Could not resolve "./icons/goal.js"

    node_modules/lucide-react/dist/esm/lucide-react.js:879:76:
      879 │ ...ault as GoalIcon, default as LucideGoal } from './icons/goal.js';
          ╵                                                   ~~~~~~~~~~~~~~~~~

X [ERROR] Could not resolve "./icons/globe.js"

    node_modules/lucide-react/dist/esm/lucide-react.js:880:79:
      880 │ ...t as GlobeIcon, default as LucideGlobe } from './icons/globe.js';
          ╵                                                  ~~~~~~~~~~~~~~~~~~

X [ERROR] Could not resolve "./icons/graduation-cap.js"

    node_modules/lucide-react/dist/esm/lucide-react.js:881:103:
      881 │ ...efault as LucideGraduationCap } from './icons/graduation-cap.js';
          ╵                                         ~~~~~~~~~~~~~~~~~~~~~~~~~~~

X [ERROR] Could not resolve "./icons/gpu.js"

    node_modules/lucide-react/dist/esm/lucide-react.js:882:73:
      882 │ ...default as GpuIcon, default as LucideGpu } from './icons/gpu.js';
          ╵                                                    ~~~~~~~~~~~~~~~~

X [ERROR] Could not resolve "./icons/grape.js"

    node_modules/lucide-react/dist/esm/lucide-react.js:883:79:
      883 │ ...t as GrapeIcon, default as LucideGrape } from './icons/grape.js';
          ╵                                                  ~~~~~~~~~~~~~~~~~~

X [ERROR] Could not resolve "./icons/grid-3x2.js"

    node_modules/lucide-react/dist/esm/lucide-react.js:884:85:
      884 │ ...id3x2Icon, default as LucideGrid3x2 } from './icons/grid-3x2.js';
          ╵                                               ~~~~~~~~~~~~~~~~~~~~~

X [ERROR] Could not resolve "./icons/grip-vertical.js"

    node_modules/lucide-react/dist/esm/lucide-react.js:885:100:
      885 │ ... default as LucideGripVertical } from './icons/grip-vertical.js';
          ╵                                          ~~~~~~~~~~~~~~~~~~~~~~~~~~

X [ERROR] Could not resolve "./icons/grip-horizontal.js"

    node_modules/lucide-react/dist/esm/lucide-react.js:886:106:
      886 │ ...ault as LucideGripHorizontal } from './icons/grip-horizontal.js';
          ╵                                        ~~~~~~~~~~~~~~~~~~~~~~~~~~~~

X [ERROR] Could not resolve "./icons/grip.js"

    node_modules/lucide-react/dist/esm/lucide-react.js:887:76:
      887 │ ...ault as GripIcon, default as LucideGrip } from './icons/grip.js';
          ╵                                                   ~~~~~~~~~~~~~~~~~

X [ERROR] Could not resolve "./icons/group.js"

    node_modules/lucide-react/dist/esm/lucide-react.js:888:79:
      888 │ ...t as GroupIcon, default as LucideGroup } from './icons/group.js';
          ╵                                                  ~~~~~~~~~~~~~~~~~~

X [ERROR] Could not resolve "./icons/guitar.js"

    node_modules/lucide-react/dist/esm/lucide-react.js:889:82:
      889 │ ...s GuitarIcon, default as LucideGuitar } from './icons/guitar.js';
          ╵                                                 ~~~~~~~~~~~~~~~~~~~

X [ERROR] Could not resolve "./icons/ham.js"

    node_modules/lucide-react/dist/esm/lucide-react.js:890:73:
      890 │ ...default as HamIcon, default as LucideHam } from './icons/ham.js';
          ╵                                                    ~~~~~~~~~~~~~~~~

X [ERROR] Could not resolve "./icons/hamburger.js"

    node_modules/lucide-react/dist/esm/lucide-react.js:891:91:
      891 │ ...erIcon, default as LucideHamburger } from './icons/hamburger.js';
          ╵                                              ~~~~~~~~~~~~~~~~~~~~~~

X [ERROR] Could not resolve "./icons/hammer.js"

    node_modules/lucide-react/dist/esm/lucide-react.js:892:82:
      892 │ ...s HammerIcon, default as LucideHammer } from './icons/hammer.js';
          ╵                                                 ~~~~~~~~~~~~~~~~~~~

X [ERROR] Could not resolve "./icons/hand-coins.js"

    node_modules/lucide-react/dist/esm/lucide-react.js:893:91:
      893 │ ...sIcon, default as LucideHandCoins } from './icons/hand-coins.js';
          ╵                                             ~~~~~~~~~~~~~~~~~~~~~~~

X [ERROR] Could not resolve "./icons/hand-fist.js"

    node_modules/lucide-react/dist/esm/lucide-react.js:894:88:
      894 │ ...istIcon, default as LucideHandFist } from './icons/hand-fist.js';
          ╵                                              ~~~~~~~~~~~~~~~~~~~~~~

X [ERROR] Could not resolve "./icons/hand-heart.js"

    node_modules/lucide-react/dist/esm/lucide-react.js:895:91:
      895 │ ...tIcon, default as LucideHandHeart } from './icons/hand-heart.js';
          ╵                                             ~~~~~~~~~~~~~~~~~~~~~~~

X [ERROR] Could not resolve "./icons/hand-metal.js"

    node_modules/lucide-react/dist/esm/lucide-react.js:896:91:
      896 │ ...lIcon, default as LucideHandMetal } from './icons/hand-metal.js';
          ╵                                             ~~~~~~~~~~~~~~~~~~~~~~~

X [ERROR] Could not resolve "./icons/hand-platter.js"

    node_modules/lucide-react/dist/esm/lucide-react.js:897:97:
      897 │ ...n, default as LucideHandPlatter } from './icons/hand-platter.js';
          ╵                                           ~~~~~~~~~~~~~~~~~~~~~~~~~

X [ERROR] Could not resolve "./icons/hand.js"

    node_modules/lucide-react/dist/esm/lucide-react.js:898:76:
      898 │ ...ault as HandIcon, default as LucideHand } from './icons/hand.js';
          ╵                                                   ~~~~~~~~~~~~~~~~~

X [ERROR] Could not resolve "./icons/handbag.js"

    node_modules/lucide-react/dist/esm/lucide-react.js:899:85:
      899 │ ...andbagIcon, default as LucideHandbag } from './icons/handbag.js';
          ╵                                                ~~~~~~~~~~~~~~~~~~~~

X [ERROR] Could not resolve "./icons/handshake.js"

    node_modules/lucide-react/dist/esm/lucide-react.js:900:91:
      900 │ ...keIcon, default as LucideHandshake } from './icons/handshake.js';
          ╵                                              ~~~~~~~~~~~~~~~~~~~~~~

X [ERROR] Could not resolve "./icons/hard-drive-download.js"

    node_modules/lucide-react/dist/esm/lucide-react.js:901:115:
      901 │ ... LucideHardDriveDownload } from './icons/hard-drive-download.js';
          ╵                                    ~~~~~~~~~~~~~~~~~~~~~~~~~~~~~~~~

X [ERROR] Could not resolve "./icons/hard-drive.js"

    node_modules/lucide-react/dist/esm/lucide-react.js:902:91:
      902 │ ...eIcon, default as LucideHardDrive } from './icons/hard-drive.js';
          ╵                                             ~~~~~~~~~~~~~~~~~~~~~~~

X [ERROR] Could not resolve "./icons/hard-drive-upload.js"

    node_modules/lucide-react/dist/esm/lucide-react.js:903:109:
      903 │ ...t as LucideHardDriveUpload } from './icons/hard-drive-upload.js';
          ╵                                      ~~~~~~~~~~~~~~~~~~~~~~~~~~~~~~

X [ERROR] Could not resolve "./icons/hard-hat.js"

    node_modules/lucide-react/dist/esm/lucide-react.js:904:85:
      904 │ ...rdHatIcon, default as LucideHardHat } from './icons/hard-hat.js';
          ╵                                               ~~~~~~~~~~~~~~~~~~~~~

X [ERROR] Could not resolve "./icons/hash.js"

    node_modules/lucide-react/dist/esm/lucide-react.js:905:76:
      905 │ ...ault as HashIcon, default as LucideHash } from './icons/hash.js';
          ╵                                                   ~~~~~~~~~~~~~~~~~

X [ERROR] Could not resolve "./icons/hat-glasses.js"

    node_modules/lucide-react/dist/esm/lucide-react.js:906:94:
      906 │ ...con, default as LucideHatGlasses } from './icons/hat-glasses.js';
          ╵                                            ~~~~~~~~~~~~~~~~~~~~~~~~

X [ERROR] Could not resolve "./icons/haze.js"

    node_modules/lucide-react/dist/esm/lucide-react.js:907:76:
      907 │ ...ault as HazeIcon, default as LucideHaze } from './icons/haze.js';
          ╵                                                   ~~~~~~~~~~~~~~~~~

X [ERROR] Could not resolve "./icons/hd.js"

    node_modules/lucide-react/dist/esm/lucide-react.js:908:70:
      908 │ ...d, default as HdIcon, default as LucideHd } from './icons/hd.js';
          ╵                                                     ~~~~~~~~~~~~~~~

X [ERROR] Could not resolve "./icons/hdmi-port.js"

    node_modules/lucide-react/dist/esm/lucide-react.js:909:88:
      909 │ ...ortIcon, default as LucideHdmiPort } from './icons/hdmi-port.js';
          ╵                                              ~~~~~~~~~~~~~~~~~~~~~~

X [ERROR] Could not resolve "./icons/heading-1.js"

    node_modules/lucide-react/dist/esm/lucide-react.js:910:88:
      910 │ ...ng1Icon, default as LucideHeading1 } from './icons/heading-1.js';
          ╵                                              ~~~~~~~~~~~~~~~~~~~~~~

X [ERROR] Could not resolve "./icons/heading-2.js"

    node_modules/lucide-react/dist/esm/lucide-react.js:911:88:
      911 │ ...ng2Icon, default as LucideHeading2 } from './icons/heading-2.js';
          ╵                                              ~~~~~~~~~~~~~~~~~~~~~~

X [ERROR] Could not resolve "./icons/heading-3.js"

    node_modules/lucide-react/dist/esm/lucide-react.js:912:88:
      912 │ ...ng3Icon, default as LucideHeading3 } from './icons/heading-3.js';
          ╵                                              ~~~~~~~~~~~~~~~~~~~~~~

X [ERROR] Could not resolve "./icons/heading-4.js"

    node_modules/lucide-react/dist/esm/lucide-react.js:913:88:
      913 │ ...ng4Icon, default as LucideHeading4 } from './icons/heading-4.js';
          ╵                                              ~~~~~~~~~~~~~~~~~~~~~~

X [ERROR] Could not resolve "./icons/heading-5.js"

    node_modules/lucide-react/dist/esm/lucide-react.js:914:88:
      914 │ ...ng5Icon, default as LucideHeading5 } from './icons/heading-5.js';
          ╵                                              ~~~~~~~~~~~~~~~~~~~~~~

X [ERROR] Could not resolve "./icons/heading-6.js"

    node_modules/lucide-react/dist/esm/lucide-react.js:915:88:
      915 │ ...ng6Icon, default as LucideHeading6 } from './icons/heading-6.js';
          ╵                                              ~~~~~~~~~~~~~~~~~~~~~~

X [ERROR] Could not resolve "./icons/heading.js"

    node_modules/lucide-react/dist/esm/lucide-react.js:916:85:
      916 │ ...eadingIcon, default as LucideHeading } from './icons/heading.js';
          ╵                                                ~~~~~~~~~~~~~~~~~~~~

X [ERROR] Could not resolve "./icons/headphones.js"

    node_modules/lucide-react/dist/esm/lucide-react.js:917:94:
      917 │ ...Icon, default as LucideHeadphones } from './icons/headphones.js';
          ╵                                             ~~~~~~~~~~~~~~~~~~~~~~~

X [ERROR] Could not resolve "./icons/headphone-off.js"

    node_modules/lucide-react/dist/esm/lucide-react.js:918:100:
      918 │ ... default as LucideHeadphoneOff } from './icons/headphone-off.js';
          ╵                                          ~~~~~~~~~~~~~~~~~~~~~~~~~~

X [ERROR] Could not resolve "./icons/headset.js"

    node_modules/lucide-react/dist/esm/lucide-react.js:919:85:
      919 │ ...eadsetIcon, default as LucideHeadset } from './icons/headset.js';
          ╵                                                ~~~~~~~~~~~~~~~~~~~~

X [ERROR] Could not resolve "./icons/heart-crack.js"

    node_modules/lucide-react/dist/esm/lucide-react.js:920:94:
      920 │ ...con, default as LucideHeartCrack } from './icons/heart-crack.js';
          ╵                                            ~~~~~~~~~~~~~~~~~~~~~~~~

X [ERROR] Could not resolve "./icons/heart-minus.js"

    node_modules/lucide-react/dist/esm/lucide-react.js:921:94:
      921 │ ...con, default as LucideHeartMinus } from './icons/heart-minus.js';
          ╵                                            ~~~~~~~~~~~~~~~~~~~~~~~~

X [ERROR] Could not resolve "./icons/heart-handshake.js"

    node_modules/lucide-react/dist/esm/lucide-react.js:922:106:
      922 │ ...ault as LucideHeartHandshake } from './icons/heart-handshake.js';
          ╵                                        ~~~~~~~~~~~~~~~~~~~~~~~~~~~~

X [ERROR] Could not resolve "./icons/heart-off.js"

    node_modules/lucide-react/dist/esm/lucide-react.js:923:88:
      923 │ ...OffIcon, default as LucideHeartOff } from './icons/heart-off.js';
          ╵                                              ~~~~~~~~~~~~~~~~~~~~~~

X [ERROR] Could not resolve "./icons/heart-plus.js"

    node_modules/lucide-react/dist/esm/lucide-react.js:924:91:
      924 │ ...sIcon, default as LucideHeartPlus } from './icons/heart-plus.js';
          ╵                                             ~~~~~~~~~~~~~~~~~~~~~~~

X [ERROR] Could not resolve "./icons/heart-pulse.js"

    node_modules/lucide-react/dist/esm/lucide-react.js:925:94:
      925 │ ...con, default as LucideHeartPulse } from './icons/heart-pulse.js';
          ╵                                            ~~~~~~~~~~~~~~~~~~~~~~~~

X [ERROR] Could not resolve "./icons/heater.js"

    node_modules/lucide-react/dist/esm/lucide-react.js:926:82:
      926 │ ...s HeaterIcon, default as LucideHeater } from './icons/heater.js';
          ╵                                                 ~~~~~~~~~~~~~~~~~~~

X [ERROR] Could not resolve "./icons/heart.js"

    node_modules/lucide-react/dist/esm/lucide-react.js:927:79:
      927 │ ...t as HeartIcon, default as LucideHeart } from './icons/heart.js';
          ╵                                                  ~~~~~~~~~~~~~~~~~~

X [ERROR] Could not resolve "./icons/helicopter.js"

    node_modules/lucide-react/dist/esm/lucide-react.js:928:94:
      928 │ ...Icon, default as LucideHelicopter } from './icons/helicopter.js';
          ╵                                             ~~~~~~~~~~~~~~~~~~~~~~~

X [ERROR] Could not resolve "./icons/hexagon.js"

    node_modules/lucide-react/dist/esm/lucide-react.js:929:85:
      929 │ ...exagonIcon, default as LucideHexagon } from './icons/hexagon.js';
          ╵                                                ~~~~~~~~~~~~~~~~~~~~

X [ERROR] Could not resolve "./icons/highlighter.js"

    node_modules/lucide-react/dist/esm/lucide-react.js:930:97:
      930 │ ...on, default as LucideHighlighter } from './icons/highlighter.js';
          ╵                                            ~~~~~~~~~~~~~~~~~~~~~~~~

X [ERROR] Could not resolve "./icons/history.js"

    node_modules/lucide-react/dist/esm/lucide-react.js:931:85:
      931 │ ...istoryIcon, default as LucideHistory } from './icons/history.js';
          ╵                                                ~~~~~~~~~~~~~~~~~~~~

X [ERROR] Could not resolve "./icons/hop-off.js"

    node_modules/lucide-react/dist/esm/lucide-react.js:932:82:
      932 │ ... HopOffIcon, default as LucideHopOff } from './icons/hop-off.js';
          ╵                                                ~~~~~~~~~~~~~~~~~~~~

X [ERROR] Could not resolve "./icons/hop.js"

    node_modules/lucide-react/dist/esm/lucide-react.js:933:73:
      933 │ ...default as HopIcon, default as LucideHop } from './icons/hop.js';
          ╵                                                    ~~~~~~~~~~~~~~~~

X [ERROR] Could not resolve "./icons/hospital.js"

    node_modules/lucide-react/dist/esm/lucide-react.js:934:88:
      934 │ ...italIcon, default as LucideHospital } from './icons/hospital.js';
          ╵                                               ~~~~~~~~~~~~~~~~~~~~~

X [ERROR] Could not resolve "./icons/hotel.js"

    node_modules/lucide-react/dist/esm/lucide-react.js:935:79:
      935 │ ...t as HotelIcon, default as LucideHotel } from './icons/hotel.js';
          ╵                                                  ~~~~~~~~~~~~~~~~~~

X [ERROR] Could not resolve "./icons/hourglass.js"

    node_modules/lucide-react/dist/esm/lucide-react.js:936:91:
      936 │ ...ssIcon, default as LucideHourglass } from './icons/hourglass.js';
          ╵                                              ~~~~~~~~~~~~~~~~~~~~~~

X [ERROR] Could not resolve "./icons/house-heart.js"

    node_modules/lucide-react/dist/esm/lucide-react.js:937:94:
      937 │ ...con, default as LucideHouseHeart } from './icons/house-heart.js';
          ╵                                            ~~~~~~~~~~~~~~~~~~~~~~~~

X [ERROR] Could not resolve "./icons/house-plug.js"

    node_modules/lucide-react/dist/esm/lucide-react.js:938:91:
      938 │ ...gIcon, default as LucideHousePlug } from './icons/house-plug.js';
          ╵                                             ~~~~~~~~~~~~~~~~~~~~~~~

X [ERROR] Could not resolve "./icons/house-plus.js"

    node_modules/lucide-react/dist/esm/lucide-react.js:939:91:
      939 │ ...sIcon, default as LucideHousePlus } from './icons/house-plus.js';
          ╵                                             ~~~~~~~~~~~~~~~~~~~~~~~

X [ERROR] Could not resolve "./icons/house-wifi.js"

    node_modules/lucide-react/dist/esm/lucide-react.js:940:91:
      940 │ ...iIcon, default as LucideHouseWifi } from './icons/house-wifi.js';
          ╵                                             ~~~~~~~~~~~~~~~~~~~~~~~

X [ERROR] Could not resolve "./icons/id-card-lanyard.js"

    node_modules/lucide-react/dist/esm/lucide-react.js:941:103:
      941 │ ...fault as LucideIdCardLanyard } from './icons/id-card-lanyard.js';
          ╵                                        ~~~~~~~~~~~~~~~~~~~~~~~~~~~~

X [ERROR] Could not resolve "./icons/image-down.js"

    node_modules/lucide-react/dist/esm/lucide-react.js:942:91:
      942 │ ...nIcon, default as LucideImageDown } from './icons/image-down.js';
          ╵                                             ~~~~~~~~~~~~~~~~~~~~~~~

X [ERROR] Could not resolve "./icons/id-card.js"

    node_modules/lucide-react/dist/esm/lucide-react.js:943:82:
      943 │ ... IdCardIcon, default as LucideIdCard } from './icons/id-card.js';
          ╵                                                ~~~~~~~~~~~~~~~~~~~~

X [ERROR] Could not resolve "./icons/image-minus.js"

    node_modules/lucide-react/dist/esm/lucide-react.js:944:94:
      944 │ ...con, default as LucideImageMinus } from './icons/image-minus.js';
          ╵                                            ~~~~~~~~~~~~~~~~~~~~~~~~

X [ERROR] Could not resolve "./icons/image-off.js"

    node_modules/lucide-react/dist/esm/lucide-react.js:945:88:
      945 │ ...OffIcon, default as LucideImageOff } from './icons/image-off.js';
          ╵                                              ~~~~~~~~~~~~~~~~~~~~~~

X [ERROR] Could not resolve "./icons/image-play.js"

    node_modules/lucide-react/dist/esm/lucide-react.js:946:91:
      946 │ ...yIcon, default as LucideImagePlay } from './icons/image-play.js';
          ╵                                             ~~~~~~~~~~~~~~~~~~~~~~~

X [ERROR] Could not resolve "./icons/image-plus.js"

    node_modules/lucide-react/dist/esm/lucide-react.js:947:91:
      947 │ ...sIcon, default as LucideImagePlus } from './icons/image-plus.js';
          ╵                                             ~~~~~~~~~~~~~~~~~~~~~~~

X [ERROR] Could not resolve "./icons/image-up.js"

    node_modules/lucide-react/dist/esm/lucide-react.js:948:85:
      948 │ ...ageUpIcon, default as LucideImageUp } from './icons/image-up.js';
          ╵                                               ~~~~~~~~~~~~~~~~~~~~~

X [ERROR] Could not resolve "./icons/image-upscale.js"

    node_modules/lucide-react/dist/esm/lucide-react.js:949:100:
      949 │ ... default as LucideImageUpscale } from './icons/image-upscale.js';
          ╵                                          ~~~~~~~~~~~~~~~~~~~~~~~~~~

X [ERROR] Could not resolve "./icons/image.js"

    node_modules/lucide-react/dist/esm/lucide-react.js:950:79:
      950 │ ...t as ImageIcon, default as LucideImage } from './icons/image.js';
          ╵                                                  ~~~~~~~~~~~~~~~~~~

X [ERROR] Could not resolve "./icons/images.js"

    node_modules/lucide-react/dist/esm/lucide-react.js:951:82:
      951 │ ...s ImagesIcon, default as LucideImages } from './icons/images.js';
          ╵                                                 ~~~~~~~~~~~~~~~~~~~

X [ERROR] Could not resolve "./icons/import.js"

    node_modules/lucide-react/dist/esm/lucide-react.js:952:82:
      952 │ ...s ImportIcon, default as LucideImport } from './icons/import.js';
          ╵                                                 ~~~~~~~~~~~~~~~~~~~

X [ERROR] Could not resolve "./icons/inbox.js"

    node_modules/lucide-react/dist/esm/lucide-react.js:953:79:
      953 │ ...t as InboxIcon, default as LucideInbox } from './icons/inbox.js';
          ╵                                                  ~~~~~~~~~~~~~~~~~~

X [ERROR] Could not resolve "./icons/indian-rupee.js"

    node_modules/lucide-react/dist/esm/lucide-react.js:954:97:
      954 │ ...n, default as LucideIndianRupee } from './icons/indian-rupee.js';
          ╵                                           ~~~~~~~~~~~~~~~~~~~~~~~~~

X [ERROR] Could not resolve "./icons/infinity.js"

    node_modules/lucide-react/dist/esm/lucide-react.js:955:88:
      955 │ ...nityIcon, default as LucideInfinity } from './icons/infinity.js';
          ╵                                               ~~~~~~~~~~~~~~~~~~~~~

X [ERROR] Could not resolve "./icons/info.js"

    node_modules/lucide-react/dist/esm/lucide-react.js:956:76:
      956 │ ...ault as InfoIcon, default as LucideInfo } from './icons/info.js';
          ╵                                                   ~~~~~~~~~~~~~~~~~

X [ERROR] Could not resolve "./icons/instagram.js"

    node_modules/lucide-react/dist/esm/lucide-react.js:957:91:
      957 │ ...amIcon, default as LucideInstagram } from './icons/instagram.js';
          ╵                                              ~~~~~~~~~~~~~~~~~~~~~~

X [ERROR] Could not resolve "./icons/italic.js"

    node_modules/lucide-react/dist/esm/lucide-react.js:958:82:
      958 │ ...s ItalicIcon, default as LucideItalic } from './icons/italic.js';
          ╵                                                 ~~~~~~~~~~~~~~~~~~~

X [ERROR] Could not resolve "./icons/inspection-panel.js"

    node_modules/lucide-react/dist/esm/lucide-react.js:959:109:
      959 │ ...lt as LucideInspectionPanel } from './icons/inspection-panel.js';
          ╵                                       ~~~~~~~~~~~~~~~~~~~~~~~~~~~~~

X [ERROR] Could not resolve "./icons/iteration-ccw.js"

    node_modules/lucide-react/dist/esm/lucide-react.js:960:100:
      960 │ ... default as LucideIterationCcw } from './icons/iteration-ccw.js';
          ╵                                          ~~~~~~~~~~~~~~~~~~~~~~~~~~

X [ERROR] Could not resolve "./icons/iteration-cw.js"

    node_modules/lucide-react/dist/esm/lucide-react.js:961:97:
      961 │ ...n, default as LucideIterationCw } from './icons/iteration-cw.js';
          ╵                                           ~~~~~~~~~~~~~~~~~~~~~~~~~

X [ERROR] Could not resolve "./icons/japanese-yen.js"

    node_modules/lucide-react/dist/esm/lucide-react.js:962:97:
      962 │ ...n, default as LucideJapaneseYen } from './icons/japanese-yen.js';
          ╵                                           ~~~~~~~~~~~~~~~~~~~~~~~~~

X [ERROR] Could not resolve "./icons/kanban.js"

    node_modules/lucide-react/dist/esm/lucide-react.js:963:82:
      963 │ ...s KanbanIcon, default as LucideKanban } from './icons/kanban.js';
          ╵                                                 ~~~~~~~~~~~~~~~~~~~

X [ERROR] Could not resolve "./icons/joystick.js"

    node_modules/lucide-react/dist/esm/lucide-react.js:964:88:
      964 │ ...tickIcon, default as LucideJoystick } from './icons/joystick.js';
          ╵                                               ~~~~~~~~~~~~~~~~~~~~~

X [ERROR] Could not resolve "./icons/kayak.js"

    node_modules/lucide-react/dist/esm/lucide-react.js:965:79:
      965 │ ...t as KayakIcon, default as LucideKayak } from './icons/kayak.js';
          ╵                                                  ~~~~~~~~~~~~~~~~~~

X [ERROR] Could not resolve "./icons/key-round.js"

    node_modules/lucide-react/dist/esm/lucide-react.js:966:88:
      966 │ ...undIcon, default as LucideKeyRound } from './icons/key-round.js';
          ╵                                              ~~~~~~~~~~~~~~~~~~~~~~

X [ERROR] Could not resolve "./icons/key-square.js"

    node_modules/lucide-react/dist/esm/lucide-react.js:967:91:
      967 │ ...eIcon, default as LucideKeySquare } from './icons/key-square.js';
          ╵                                             ~~~~~~~~~~~~~~~~~~~~~~~

X [ERROR] Could not resolve "./icons/key.js"

    node_modules/lucide-react/dist/esm/lucide-react.js:968:73:
      968 │ ...default as KeyIcon, default as LucideKey } from './icons/key.js';
          ╵                                                    ~~~~~~~~~~~~~~~~

X [ERROR] Could not resolve "./icons/keyboard-music.js"

    node_modules/lucide-react/dist/esm/lucide-react.js:969:103:
      969 │ ...efault as LucideKeyboardMusic } from './icons/keyboard-music.js';
          ╵                                         ~~~~~~~~~~~~~~~~~~~~~~~~~~~

X [ERROR] Could not resolve "./icons/keyboard.js"

    node_modules/lucide-react/dist/esm/lucide-react.js:970:88:
      970 │ ...oardIcon, default as LucideKeyboard } from './icons/keyboard.js';
          ╵                                               ~~~~~~~~~~~~~~~~~~~~~

X [ERROR] Could not resolve "./icons/keyboard-off.js"

    node_modules/lucide-react/dist/esm/lucide-react.js:971:97:
      971 │ ...n, default as LucideKeyboardOff } from './icons/keyboard-off.js';
          ╵                                           ~~~~~~~~~~~~~~~~~~~~~~~~~

X [ERROR] Could not resolve "./icons/lamp-ceiling.js"

    node_modules/lucide-react/dist/esm/lucide-react.js:972:97:
      972 │ ...n, default as LucideLampCeiling } from './icons/lamp-ceiling.js';
          ╵                                           ~~~~~~~~~~~~~~~~~~~~~~~~~

X [ERROR] Could not resolve "./icons/lamp-desk.js"

    node_modules/lucide-react/dist/esm/lucide-react.js:973:88:
      973 │ ...eskIcon, default as LucideLampDesk } from './icons/lamp-desk.js';
          ╵                                              ~~~~~~~~~~~~~~~~~~~~~~

X [ERROR] Could not resolve "./icons/lamp-floor.js"

    node_modules/lucide-react/dist/esm/lucide-react.js:974:91:
      974 │ ...rIcon, default as LucideLampFloor } from './icons/lamp-floor.js';
          ╵                                             ~~~~~~~~~~~~~~~~~~~~~~~

X [ERROR] Could not resolve "./icons/lamp-wall-down.js"

    node_modules/lucide-react/dist/esm/lucide-react.js:975:100:
      975 │ ...default as LucideLampWallDown } from './icons/lamp-wall-down.js';
          ╵                                         ~~~~~~~~~~~~~~~~~~~~~~~~~~~

X [ERROR] Could not resolve "./icons/lamp-wall-up.js"

    node_modules/lucide-react/dist/esm/lucide-react.js:976:94:
      976 │ ...on, default as LucideLampWallUp } from './icons/lamp-wall-up.js';
          ╵                                           ~~~~~~~~~~~~~~~~~~~~~~~~~

X [ERROR] Could not resolve "./icons/lamp.js"

    node_modules/lucide-react/dist/esm/lucide-react.js:977:76:
      977 │ ...ault as LampIcon, default as LucideLamp } from './icons/lamp.js';
          ╵                                                   ~~~~~~~~~~~~~~~~~

X [ERROR] Could not resolve "./icons/land-plot.js"

    node_modules/lucide-react/dist/esm/lucide-react.js:978:88:
      978 │ ...lotIcon, default as LucideLandPlot } from './icons/land-plot.js';
          ╵                                              ~~~~~~~~~~~~~~~~~~~~~~

X [ERROR] Could not resolve "./icons/landmark.js"

    node_modules/lucide-react/dist/esm/lucide-react.js:979:88:
      979 │ ...markIcon, default as LucideLandmark } from './icons/landmark.js';
          ╵                                               ~~~~~~~~~~~~~~~~~~~~~

X [ERROR] Could not resolve "./icons/laptop-minimal-check.js"

    node_modules/lucide-react/dist/esm/lucide-react.js:980:118:
      980 │ ...ucideLaptopMinimalCheck } from './icons/laptop-minimal-check.js';
          ╵                                   ~~~~~~~~~~~~~~~~~~~~~~~~~~~~~~~~~

X [ERROR] Could not resolve "./icons/languages.js"

    node_modules/lucide-react/dist/esm/lucide-react.js:981:91:
      981 │ ...esIcon, default as LucideLanguages } from './icons/languages.js';
          ╵                                              ~~~~~~~~~~~~~~~~~~~~~~

X [ERROR] Could not resolve "./icons/laptop.js"

    node_modules/lucide-react/dist/esm/lucide-react.js:982:82:
      982 │ ...s LaptopIcon, default as LucideLaptop } from './icons/laptop.js';
          ╵                                                 ~~~~~~~~~~~~~~~~~~~

X [ERROR] Could not resolve "./icons/lasso-select.js"

    node_modules/lucide-react/dist/esm/lucide-react.js:983:97:
      983 │ ...n, default as LucideLassoSelect } from './icons/lasso-select.js';
          ╵                                           ~~~~~~~~~~~~~~~~~~~~~~~~~

X [ERROR] Could not resolve "./icons/lasso.js"

    node_modules/lucide-react/dist/esm/lucide-react.js:984:79:
      984 │ ...t as LassoIcon, default as LucideLasso } from './icons/lasso.js';
          ╵                                                  ~~~~~~~~~~~~~~~~~~

X [ERROR] Could not resolve "./icons/laugh.js"

    node_modules/lucide-react/dist/esm/lucide-react.js:985:79:
      985 │ ...t as LaughIcon, default as LucideLaugh } from './icons/laugh.js';
          ╵                                                  ~~~~~~~~~~~~~~~~~~

X [ERROR] Could not resolve "./icons/layers-2.js"

    node_modules/lucide-react/dist/esm/lucide-react.js:986:85:
      986 │ ...yers2Icon, default as LucideLayers2 } from './icons/layers-2.js';
          ╵                                               ~~~~~~~~~~~~~~~~~~~~~

X [ERROR] Could not resolve "./icons/layers-plus.js"

    node_modules/lucide-react/dist/esm/lucide-react.js:987:94:
      987 │ ...con, default as LucideLayersPlus } from './icons/layers-plus.js';
          ╵                                            ~~~~~~~~~~~~~~~~~~~~~~~~

X [ERROR] Could not resolve "./icons/layout-dashboard.js"

    node_modules/lucide-react/dist/esm/lucide-react.js:988:109:
      988 │ ...lt as LucideLayoutDashboard } from './icons/layout-dashboard.js';
          ╵                                       ~~~~~~~~~~~~~~~~~~~~~~~~~~~~~

X [ERROR] Could not resolve "./icons/layout-grid.js"

    node_modules/lucide-react/dist/esm/lucide-react.js:989:94:
      989 │ ...con, default as LucideLayoutGrid } from './icons/layout-grid.js';
          ╵                                            ~~~~~~~~~~~~~~~~~~~~~~~~

X [ERROR] Could not resolve "./icons/layout-list.js"

    node_modules/lucide-react/dist/esm/lucide-react.js:990:94:
      990 │ ...con, default as LucideLayoutList } from './icons/layout-list.js';
          ╵                                            ~~~~~~~~~~~~~~~~~~~~~~~~

X [ERROR] Could not resolve "./icons/layout-panel-left.js"

    node_modules/lucide-react/dist/esm/lucide-react.js:991:109:
      991 │ ...t as LucideLayoutPanelLeft } from './icons/layout-panel-left.js';
          ╵                                      ~~~~~~~~~~~~~~~~~~~~~~~~~~~~~~

X [ERROR] Could not resolve "./icons/layout-panel-top.js"

    node_modules/lucide-react/dist/esm/lucide-react.js:992:106:
      992 │ ...ult as LucideLayoutPanelTop } from './icons/layout-panel-top.js';
          ╵                                       ~~~~~~~~~~~~~~~~~~~~~~~~~~~~~

X [ERROR] Could not resolve "./icons/layout-template.js"

    node_modules/lucide-react/dist/esm/lucide-react.js:993:106:
      993 │ ...ault as LucideLayoutTemplate } from './icons/layout-template.js';
          ╵                                        ~~~~~~~~~~~~~~~~~~~~~~~~~~~~

X [ERROR] Could not resolve "./icons/leaf.js"

    node_modules/lucide-react/dist/esm/lucide-react.js:994:76:
      994 │ ...ault as LeafIcon, default as LucideLeaf } from './icons/leaf.js';
          ╵                                                   ~~~~~~~~~~~~~~~~~

X [ERROR] Could not resolve "./icons/leafy-green.js"

    node_modules/lucide-react/dist/esm/lucide-react.js:995:94:
      995 │ ...con, default as LucideLeafyGreen } from './icons/leafy-green.js';
          ╵                                            ~~~~~~~~~~~~~~~~~~~~~~~~

X [ERROR] Could not resolve "./icons/lectern.js"

    node_modules/lucide-react/dist/esm/lucide-react.js:996:85:
      996 │ ...ecternIcon, default as LucideLectern } from './icons/lectern.js';
          ╵                                                ~~~~~~~~~~~~~~~~~~~~

X [ERROR] Could not resolve "./icons/lens-concave.js"

    node_modules/lucide-react/dist/esm/lucide-react.js:997:97:
      997 │ ...n, default as LucideLensConcave } from './icons/lens-concave.js';
          ╵                                           ~~~~~~~~~~~~~~~~~~~~~~~~~

X [ERROR] Could not resolve "./icons/lens-convex.js"

    node_modules/lucide-react/dist/esm/lucide-react.js:998:94:
      998 │ ...con, default as LucideLensConvex } from './icons/lens-convex.js';
          ╵                                            ~~~~~~~~~~~~~~~~~~~~~~~~

X [ERROR] Could not resolve "./icons/library-big.js"

    node_modules/lucide-react/dist/esm/lucide-react.js:999:94:
      999 │ ...con, default as LucideLibraryBig } from './icons/library-big.js';
          ╵                                            ~~~~~~~~~~~~~~~~~~~~~~~~

X [ERROR] Could not resolve "./icons/library.js"

    node_modules/lucide-react/dist/esm/lucide-react.js:1000:85:
      1000 │ ...braryIcon, default as LucideLibrary } from './icons/library.js';
           ╵                                               ~~~~~~~~~~~~~~~~~~~~

X [ERROR] Could not resolve "./icons/life-buoy.js"

    node_modules/lucide-react/dist/esm/lucide-react.js:1001:88:
      1001 │ ...oyIcon, default as LucideLifeBuoy } from './icons/life-buoy.js';
           ╵                                             ~~~~~~~~~~~~~~~~~~~~~~

X [ERROR] Could not resolve "./icons/ligature.js"

    node_modules/lucide-react/dist/esm/lucide-react.js:1002:88:
      1002 │ ...ureIcon, default as LucideLigature } from './icons/ligature.js';
           ╵                                              ~~~~~~~~~~~~~~~~~~~~~

X [ERROR] Could not resolve "./icons/lightbulb-off.js"

    node_modules/lucide-react/dist/esm/lucide-react.js:1003:100:
      1003 │ ...default as LucideLightbulbOff } from './icons/lightbulb-off.js';
           ╵                                         ~~~~~~~~~~~~~~~~~~~~~~~~~~

X [ERROR] Could not resolve "./icons/lightbulb.js"

    node_modules/lucide-react/dist/esm/lucide-react.js:1004:91:
      1004 │ ...bIcon, default as LucideLightbulb } from './icons/lightbulb.js';
           ╵                                             ~~~~~~~~~~~~~~~~~~~~~~

X [ERROR] Could not resolve "./icons/line-dot-right-horizontal.js"

    node_modules/lucide-react/dist/esm/lucide-react.js:1005:130:
      1005 │ ...otRightHorizontal } from './icons/line-dot-right-horizontal.js';
           ╵                             ~~~~~~~~~~~~~~~~~~~~~~~~~~~~~~~~~~~~~~

X [ERROR] Could not resolve "./icons/line-squiggle.js"

    node_modules/lucide-react/dist/esm/lucide-react.js:1006:100:
      1006 │ ...default as LucideLineSquiggle } from './icons/line-squiggle.js';
           ╵                                         ~~~~~~~~~~~~~~~~~~~~~~~~~~

X [ERROR] Could not resolve "./icons/link-2-off.js"

    node_modules/lucide-react/dist/esm/lucide-react.js:1007:88:
      1007 │ ...fIcon, default as LucideLink2Off } from './icons/link-2-off.js';
           ╵                                            ~~~~~~~~~~~~~~~~~~~~~~~

X [ERROR] Could not resolve "./icons/link-2.js"

    node_modules/lucide-react/dist/esm/lucide-react.js:1008:79:
      1008 │ ...as Link2Icon, default as LucideLink2 } from './icons/link-2.js';
           ╵                                                ~~~~~~~~~~~~~~~~~~~

X [ERROR] Could not resolve "./icons/linkedin.js"

    node_modules/lucide-react/dist/esm/lucide-react.js:1009:88:
      1009 │ ...dinIcon, default as LucideLinkedin } from './icons/linkedin.js';
           ╵                                              ~~~~~~~~~~~~~~~~~~~~~

X [ERROR] Could not resolve "./icons/link.js"

    node_modules/lucide-react/dist/esm/lucide-react.js:1010:76:
      1010 │ ...ult as LinkIcon, default as LucideLink } from './icons/link.js';
           ╵                                                  ~~~~~~~~~~~~~~~~~

X [ERROR] Could not resolve "./icons/list-check.js"

    node_modules/lucide-react/dist/esm/lucide-react.js:1011:91:
      1011 │ ...Icon, default as LucideListCheck } from './icons/list-check.js';
           ╵                                            ~~~~~~~~~~~~~~~~~~~~~~~

X [ERROR] Could not resolve "./icons/list-checks.js"

    node_modules/lucide-react/dist/esm/lucide-react.js:1012:94:
      1012 │ ...on, default as LucideListChecks } from './icons/list-checks.js';
           ╵                                           ~~~~~~~~~~~~~~~~~~~~~~~~

X [ERROR] Could not resolve "./icons/list-chevrons-down-up.js"

    node_modules/lucide-react/dist/esm/lucide-react.js:1013:118:
      1013 │ ...ideListChevronsDownUp } from './icons/list-chevrons-down-up.js';
           ╵                                 ~~~~~~~~~~~~~~~~~~~~~~~~~~~~~~~~~~

X [ERROR] Could not resolve "./icons/list-chevrons-up-down.js"

    node_modules/lucide-react/dist/esm/lucide-react.js:1014:118:
      1014 │ ...ideListChevronsUpDown } from './icons/list-chevrons-up-down.js';
           ╵                                 ~~~~~~~~~~~~~~~~~~~~~~~~~~~~~~~~~~

X [ERROR] Could not resolve "./icons/list-collapse.js"

    node_modules/lucide-react/dist/esm/lucide-react.js:1015:100:
      1015 │ ...default as LucideListCollapse } from './icons/list-collapse.js';
           ╵                                         ~~~~~~~~~~~~~~~~~~~~~~~~~~

X [ERROR] Could not resolve "./icons/list-end.js"

    node_modules/lucide-react/dist/esm/lucide-react.js:1016:85:
      1016 │ ...tEndIcon, default as LucideListEnd } from './icons/list-end.js';
           ╵                                              ~~~~~~~~~~~~~~~~~~~~~

X [ERROR] Could not resolve "./icons/list-filter.js"

    node_modules/lucide-react/dist/esm/lucide-react.js:1017:94:
      1017 │ ...on, default as LucideListFilter } from './icons/list-filter.js';
           ╵                                           ~~~~~~~~~~~~~~~~~~~~~~~~

X [ERROR] Could not resolve "./icons/list-filter-plus.js"

    node_modules/lucide-react/dist/esm/lucide-react.js:1018:106:
      1018 │ ...lt as LucideListFilterPlus } from './icons/list-filter-plus.js';
           ╵                                      ~~~~~~~~~~~~~~~~~~~~~~~~~~~~~

X [ERROR] Could not resolve "./icons/list-minus.js"

    node_modules/lucide-react/dist/esm/lucide-react.js:1019:91:
      1019 │ ...Icon, default as LucideListMinus } from './icons/list-minus.js';
           ╵                                            ~~~~~~~~~~~~~~~~~~~~~~~

X [ERROR] Could not resolve "./icons/list-ordered.js"

    node_modules/lucide-react/dist/esm/lucide-react.js:1020:97:
      1020 │ ..., default as LucideListOrdered } from './icons/list-ordered.js';
           ╵                                          ~~~~~~~~~~~~~~~~~~~~~~~~~

X [ERROR] Could not resolve "./icons/list-music.js"

    node_modules/lucide-react/dist/esm/lucide-react.js:1021:91:
      1021 │ ...Icon, default as LucideListMusic } from './icons/list-music.js';
           ╵                                            ~~~~~~~~~~~~~~~~~~~~~~~

X [ERROR] Could not resolve "./icons/list-plus.js"

    node_modules/lucide-react/dist/esm/lucide-react.js:1022:88:
      1022 │ ...usIcon, default as LucideListPlus } from './icons/list-plus.js';
           ╵                                             ~~~~~~~~~~~~~~~~~~~~~~

X [ERROR] Could not resolve "./icons/list-start.js"

    node_modules/lucide-react/dist/esm/lucide-react.js:1023:91:
      1023 │ ...Icon, default as LucideListStart } from './icons/list-start.js';
           ╵                                            ~~~~~~~~~~~~~~~~~~~~~~~

X [ERROR] Could not resolve "./icons/list-restart.js"

    node_modules/lucide-react/dist/esm/lucide-react.js:1024:97:
      1024 │ ..., default as LucideListRestart } from './icons/list-restart.js';
           ╵                                          ~~~~~~~~~~~~~~~~~~~~~~~~~

X [ERROR] Could not resolve "./icons/list-todo.js"

    node_modules/lucide-react/dist/esm/lucide-react.js:1025:88:
      1025 │ ...doIcon, default as LucideListTodo } from './icons/list-todo.js';
           ╵                                             ~~~~~~~~~~~~~~~~~~~~~~

X [ERROR] Could not resolve "./icons/list-tree.js"

    node_modules/lucide-react/dist/esm/lucide-react.js:1026:88:
      1026 │ ...eeIcon, default as LucideListTree } from './icons/list-tree.js';
           ╵                                             ~~~~~~~~~~~~~~~~~~~~~~

X [ERROR] Could not resolve "./icons/list-video.js"

    node_modules/lucide-react/dist/esm/lucide-react.js:1027:91:
      1027 │ ...Icon, default as LucideListVideo } from './icons/list-video.js';
           ╵                                            ~~~~~~~~~~~~~~~~~~~~~~~

X [ERROR] Could not resolve "./icons/list.js"

    node_modules/lucide-react/dist/esm/lucide-react.js:1028:76:
      1028 │ ...ult as ListIcon, default as LucideList } from './icons/list.js';
           ╵                                                  ~~~~~~~~~~~~~~~~~

X [ERROR] Could not resolve "./icons/loader-pinwheel.js"

    node_modules/lucide-react/dist/esm/lucide-react.js:1029:106:
      1029 │ ...ult as LucideLoaderPinwheel } from './icons/loader-pinwheel.js';
           ╵                                       ~~~~~~~~~~~~~~~~~~~~~~~~~~~~

X [ERROR] Could not resolve "./icons/list-x.js"

    node_modules/lucide-react/dist/esm/lucide-react.js:1030:79:
      1030 │ ...as ListXIcon, default as LucideListX } from './icons/list-x.js';
           ╵                                                ~~~~~~~~~~~~~~~~~~~

X [ERROR] Could not resolve "./icons/loader.js"

    node_modules/lucide-react/dist/esm/lucide-react.js:1031:82:
      1031 │ ... LoaderIcon, default as LucideLoader } from './icons/loader.js';
           ╵                                                ~~~~~~~~~~~~~~~~~~~

X [ERROR] Could not resolve "./icons/locate-fixed.js"

    node_modules/lucide-react/dist/esm/lucide-react.js:1032:97:
      1032 │ ..., default as LucideLocateFixed } from './icons/locate-fixed.js';
           ╵                                          ~~~~~~~~~~~~~~~~~~~~~~~~~

X [ERROR] Could not resolve "./icons/locate-off.js"

    node_modules/lucide-react/dist/esm/lucide-react.js:1033:91:
      1033 │ ...Icon, default as LucideLocateOff } from './icons/locate-off.js';
           ╵                                            ~~~~~~~~~~~~~~~~~~~~~~~

X [ERROR] Could not resolve "./icons/locate.js"

    node_modules/lucide-react/dist/esm/lucide-react.js:1034:82:
      1034 │ ... LocateIcon, default as LucideLocate } from './icons/locate.js';
           ╵                                                ~~~~~~~~~~~~~~~~~~~

X [ERROR] Could not resolve "./icons/lock-keyhole.js"

    node_modules/lucide-react/dist/esm/lucide-react.js:1035:97:
      1035 │ ..., default as LucideLockKeyhole } from './icons/lock-keyhole.js';
           ╵                                          ~~~~~~~~~~~~~~~~~~~~~~~~~

X [ERROR] Could not resolve "./icons/lock.js"

    node_modules/lucide-react/dist/esm/lucide-react.js:1036:76:
      1036 │ ...ult as LockIcon, default as LucideLock } from './icons/lock.js';
           ╵                                                  ~~~~~~~~~~~~~~~~~

X [ERROR] Could not resolve "./icons/log-in.js"

    node_modules/lucide-react/dist/esm/lucide-react.js:1037:79:
      1037 │ ...as LogInIcon, default as LucideLogIn } from './icons/log-in.js';
           ╵                                                ~~~~~~~~~~~~~~~~~~~

X [ERROR] Could not resolve "./icons/log-out.js"

    node_modules/lucide-react/dist/esm/lucide-react.js:1038:82:
      1038 │ ...LogOutIcon, default as LucideLogOut } from './icons/log-out.js';
           ╵                                               ~~~~~~~~~~~~~~~~~~~~

X [ERROR] Could not resolve "./icons/logs.js"

    node_modules/lucide-react/dist/esm/lucide-react.js:1039:76:
      1039 │ ...ult as LogsIcon, default as LucideLogs } from './icons/logs.js';
           ╵                                                  ~~~~~~~~~~~~~~~~~

X [ERROR] Could not resolve "./icons/lollipop.js"

    node_modules/lucide-react/dist/esm/lucide-react.js:1040:88:
      1040 │ ...popIcon, default as LucideLollipop } from './icons/lollipop.js';
           ╵                                              ~~~~~~~~~~~~~~~~~~~~~

X [ERROR] Could not resolve "./icons/magnet.js"

    node_modules/lucide-react/dist/esm/lucide-react.js:1041:82:
      1041 │ ...ult as Magnet, default as MagnetIcon } from './icons/magnet.js';
           ╵                                                ~~~~~~~~~~~~~~~~~~~

X [ERROR] Could not resolve "./icons/luggage.js"

    node_modules/lucide-react/dist/esm/lucide-react.js:1042:85:
      1042 │ ... as Luggage, default as LuggageIcon } from './icons/luggage.js';
           ╵                                               ~~~~~~~~~~~~~~~~~~~~

X [ERROR] Could not resolve "./icons/mail-minus.js"

    node_modules/lucide-react/dist/esm/lucide-react.js:1043:91:
      1043 │ ...lMinus, default as MailMinusIcon } from './icons/mail-minus.js';
           ╵                                            ~~~~~~~~~~~~~~~~~~~~~~~

X [ERROR] Could not resolve "./icons/mail-check.js"

    node_modules/lucide-react/dist/esm/lucide-react.js:1044:91:
      1044 │ ...lCheck, default as MailCheckIcon } from './icons/mail-check.js';
           ╵                                            ~~~~~~~~~~~~~~~~~~~~~~~

X [ERROR] Could not resolve "./icons/mail-open.js"

    node_modules/lucide-react/dist/esm/lucide-react.js:1045:88:
      1045 │ ...MailOpen, default as MailOpenIcon } from './icons/mail-open.js';
           ╵                                             ~~~~~~~~~~~~~~~~~~~~~~

X [ERROR] Could not resolve "./icons/mail-plus.js"

    node_modules/lucide-react/dist/esm/lucide-react.js:1046:88:
      1046 │ ...MailPlus, default as MailPlusIcon } from './icons/mail-plus.js';
           ╵                                             ~~~~~~~~~~~~~~~~~~~~~~

X [ERROR] Could not resolve "./icons/mail-search.js"

    node_modules/lucide-react/dist/esm/lucide-react.js:1047:94:
      1047 │ ...arch, default as MailSearchIcon } from './icons/mail-search.js';
           ╵                                           ~~~~~~~~~~~~~~~~~~~~~~~~

X [ERROR] Could not resolve "./icons/mail-warning.js"

    node_modules/lucide-react/dist/esm/lucide-react.js:1048:97:
      1048 │ ...ng, default as MailWarningIcon } from './icons/mail-warning.js';
           ╵                                          ~~~~~~~~~~~~~~~~~~~~~~~~~

X [ERROR] Could not resolve "./icons/mail-x.js"

    node_modules/lucide-react/dist/esm/lucide-react.js:1049:79:
      1049 │ ...fault as MailX, default as MailXIcon } from './icons/mail-x.js';
           ╵                                                ~~~~~~~~~~~~~~~~~~~

X [ERROR] Could not resolve "./icons/mail.js"

    node_modules/lucide-react/dist/esm/lucide-react.js:1050:76:
      1050 │ ..., default as Mail, default as MailIcon } from './icons/mail.js';
           ╵                                                  ~~~~~~~~~~~~~~~~~

X [ERROR] Could not resolve "./icons/mailbox.js"

    node_modules/lucide-react/dist/esm/lucide-react.js:1051:85:
      1051 │ ... as Mailbox, default as MailboxIcon } from './icons/mailbox.js';
           ╵                                               ~~~~~~~~~~~~~~~~~~~~

X [ERROR] Could not resolve "./icons/mails.js"

    node_modules/lucide-react/dist/esm/lucide-react.js:1052:79:
      1052 │ ...efault as Mails, default as MailsIcon } from './icons/mails.js';
           ╵                                                 ~~~~~~~~~~~~~~~~~~

X [ERROR] Could not resolve "./icons/map-minus.js"

    node_modules/lucide-react/dist/esm/lucide-react.js:1053:88:
      1053 │ ...MapMinus, default as MapMinusIcon } from './icons/map-minus.js';
           ╵                                             ~~~~~~~~~~~~~~~~~~~~~~

X [ERROR] Could not resolve "./icons/map-pin-check-inside.js"

    node_modules/lucide-react/dist/esm/lucide-react.js:1054:115:
      1054 │ ... MapPinCheckInsideIcon } from './icons/map-pin-check-inside.js';
           ╵                                  ~~~~~~~~~~~~~~~~~~~~~~~~~~~~~~~~~

X [ERROR] Could not resolve "./icons/map-pin-check.js"

    node_modules/lucide-react/dist/esm/lucide-react.js:1055:97:
      1055 │ ...k, default as MapPinCheckIcon } from './icons/map-pin-check.js';
           ╵                                         ~~~~~~~~~~~~~~~~~~~~~~~~~~

X [ERROR] Could not resolve "./icons/map-pin-minus-inside.js"

    node_modules/lucide-react/dist/esm/lucide-react.js:1056:115:
      1056 │ ... MapPinMinusInsideIcon } from './icons/map-pin-minus-inside.js';
           ╵                                  ~~~~~~~~~~~~~~~~~~~~~~~~~~~~~~~~~

X [ERROR] Could not resolve "./icons/map-pin-house.js"

    node_modules/lucide-react/dist/esm/lucide-react.js:1057:97:
      1057 │ ...e, default as MapPinHouseIcon } from './icons/map-pin-house.js';
           ╵                                         ~~~~~~~~~~~~~~~~~~~~~~~~~~

X [ERROR] Could not resolve "./icons/map-pin-minus.js"

    node_modules/lucide-react/dist/esm/lucide-react.js:1058:97:
      1058 │ ...s, default as MapPinMinusIcon } from './icons/map-pin-minus.js';
           ╵                                         ~~~~~~~~~~~~~~~~~~~~~~~~~~

X [ERROR] Could not resolve "./icons/map-pin-off.js"

    node_modules/lucide-react/dist/esm/lucide-react.js:1059:91:
      1059 │ ...inOff, default as MapPinOffIcon } from './icons/map-pin-off.js';
           ╵                                           ~~~~~~~~~~~~~~~~~~~~~~~~

X [ERROR] Could not resolve "./icons/map-pin-plus-inside.js"

    node_modules/lucide-react/dist/esm/lucide-react.js:1060:112:
      1060 │ ...as MapPinPlusInsideIcon } from './icons/map-pin-plus-inside.js';
           ╵                                   ~~~~~~~~~~~~~~~~~~~~~~~~~~~~~~~~

X [ERROR] Could not resolve "./icons/map-pin-plus.js"

    node_modules/lucide-react/dist/esm/lucide-react.js:1061:94:
      1061 │ ...lus, default as MapPinPlusIcon } from './icons/map-pin-plus.js';
           ╵                                          ~~~~~~~~~~~~~~~~~~~~~~~~~

X [ERROR] Could not resolve "./icons/map-pin-x-inside.js"

    node_modules/lucide-react/dist/esm/lucide-react.js:1062:103:
      1062 │ ...fault as MapPinXInsideIcon } from './icons/map-pin-x-inside.js';
           ╵                                      ~~~~~~~~~~~~~~~~~~~~~~~~~~~~~

X [ERROR] Could not resolve "./icons/map-pin-x.js"

    node_modules/lucide-react/dist/esm/lucide-react.js:1063:85:
      1063 │ ...s MapPinX, default as MapPinXIcon } from './icons/map-pin-x.js';
           ╵                                             ~~~~~~~~~~~~~~~~~~~~~~

X [ERROR] Could not resolve "./icons/map-pin.js"

    node_modules/lucide-react/dist/esm/lucide-react.js:1064:82:
      1064 │ ...lt as MapPin, default as MapPinIcon } from './icons/map-pin.js';
           ╵                                               ~~~~~~~~~~~~~~~~~~~~

X [ERROR] Could not resolve "./icons/map-pinned.js"

    node_modules/lucide-react/dist/esm/lucide-react.js:1065:91:
      1065 │ ...Pinned, default as MapPinnedIcon } from './icons/map-pinned.js';
           ╵                                            ~~~~~~~~~~~~~~~~~~~~~~~

X [ERROR] Could not resolve "./icons/map.js"

    node_modules/lucide-react/dist/esm/lucide-react.js:1066:73:
      1066 │ ...Map, default as Map, default as MapIcon } from './icons/map.js';
           ╵                                                   ~~~~~~~~~~~~~~~~

X [ERROR] Could not resolve "./icons/map-plus.js"

    node_modules/lucide-react/dist/esm/lucide-react.js:1067:85:
      1067 │ ...as MapPlus, default as MapPlusIcon } from './icons/map-plus.js';
           ╵                                              ~~~~~~~~~~~~~~~~~~~~~

X [ERROR] Could not resolve "./icons/mars.js"

    node_modules/lucide-react/dist/esm/lucide-react.js:1068:76:
      1068 │ ..., default as Mars, default as MarsIcon } from './icons/mars.js';
           ╵                                                  ~~~~~~~~~~~~~~~~~

X [ERROR] Could not resolve "./icons/martini.js"

    node_modules/lucide-react/dist/esm/lucide-react.js:1069:85:
      1069 │ ... as Martini, default as MartiniIcon } from './icons/martini.js';
           ╵                                               ~~~~~~~~~~~~~~~~~~~~

X [ERROR] Could not resolve "./icons/mars-stroke.js"

    node_modules/lucide-react/dist/esm/lucide-react.js:1070:94:
      1070 │ ...roke, default as MarsStrokeIcon } from './icons/mars-stroke.js';
           ╵                                           ~~~~~~~~~~~~~~~~~~~~~~~~

X [ERROR] Could not resolve "./icons/medal.js"

    node_modules/lucide-react/dist/esm/lucide-react.js:1071:79:
      1071 │ ...efault as Medal, default as MedalIcon } from './icons/medal.js';
           ╵                                                 ~~~~~~~~~~~~~~~~~~

X [ERROR] Could not resolve "./icons/maximize-2.js"

    node_modules/lucide-react/dist/esm/lucide-react.js:1072:91:
      1072 │ ...imize2, default as Maximize2Icon } from './icons/maximize-2.js';
           ╵                                            ~~~~~~~~~~~~~~~~~~~~~~~

X [ERROR] Could not resolve "./icons/maximize.js"

    node_modules/lucide-react/dist/esm/lucide-react.js:1073:88:
      1073 │ ... Maximize, default as MaximizeIcon } from './icons/maximize.js';
           ╵                                              ~~~~~~~~~~~~~~~~~~~~~

X [ERROR] Could not resolve "./icons/megaphone-off.js"

    node_modules/lucide-react/dist/esm/lucide-react.js:1074:100:
      1074 │ ..., default as MegaphoneOffIcon } from './icons/megaphone-off.js';
           ╵                                         ~~~~~~~~~~~~~~~~~~~~~~~~~~

X [ERROR] Could not resolve "./icons/megaphone.js"

    node_modules/lucide-react/dist/esm/lucide-react.js:1075:91:
      1075 │ ...gaphone, default as MegaphoneIcon } from './icons/megaphone.js';
           ╵                                             ~~~~~~~~~~~~~~~~~~~~~~

X [ERROR] Could not resolve "./icons/meh.js"

    node_modules/lucide-react/dist/esm/lucide-react.js:1076:73:
      1076 │ ...Meh, default as Meh, default as MehIcon } from './icons/meh.js';
           ╵                                                   ~~~~~~~~~~~~~~~~

X [ERROR] Could not resolve "./icons/menu.js"

    node_modules/lucide-react/dist/esm/lucide-react.js:1077:76:
      1077 │ ..., default as Menu, default as MenuIcon } from './icons/menu.js';
           ╵                                                  ~~~~~~~~~~~~~~~~~

X [ERROR] Could not resolve "./icons/merge.js"

    node_modules/lucide-react/dist/esm/lucide-react.js:1078:79:
      1078 │ ...efault as Merge, default as MergeIcon } from './icons/merge.js';
           ╵                                                 ~~~~~~~~~~~~~~~~~~

X [ERROR] Could not resolve "./icons/memory-stick.js"

    node_modules/lucide-react/dist/esm/lucide-react.js:1079:97:
      1079 │ ...ck, default as MemoryStickIcon } from './icons/memory-stick.js';
           ╵                                          ~~~~~~~~~~~~~~~~~~~~~~~~~

X [ERROR] Could not resolve "./icons/message-circle-check.js"

    node_modules/lucide-react/dist/esm/lucide-react.js:1080:118:
      1080 │ ...MessageCircleCheckIcon } from './icons/message-circle-check.js';
           ╵                                  ~~~~~~~~~~~~~~~~~~~~~~~~~~~~~~~~~

X [ERROR] Could not resolve "./icons/message-circle-dashed.js"

    node_modules/lucide-react/dist/esm/lucide-react.js:1081:121:
      1081 │ ...ssageCircleDashedIcon } from './icons/message-circle-dashed.js';
           ╵                                 ~~~~~~~~~~~~~~~~~~~~~~~~~~~~~~~~~~

X [ERROR] Could not resolve "./icons/message-circle-code.js"

    node_modules/lucide-react/dist/esm/lucide-react.js:1082:115:
      1082 │ ...s MessageCircleCodeIcon } from './icons/message-circle-code.js';
           ╵                                   ~~~~~~~~~~~~~~~~~~~~~~~~~~~~~~~~

X [ERROR] Could not resolve "./icons/message-circle-more.js"

    node_modules/lucide-react/dist/esm/lucide-react.js:1083:115:
      1083 │ ...s MessageCircleMoreIcon } from './icons/message-circle-more.js';
           ╵                                   ~~~~~~~~~~~~~~~~~~~~~~~~~~~~~~~~

X [ERROR] Could not resolve "./icons/message-circle-off.js"

    node_modules/lucide-react/dist/esm/lucide-react.js:1084:112:
      1084 │ ... as MessageCircleOffIcon } from './icons/message-circle-off.js';
           ╵                                    ~~~~~~~~~~~~~~~~~~~~~~~~~~~~~~~

X [ERROR] Could not resolve "./icons/message-circle-heart.js"

    node_modules/lucide-react/dist/esm/lucide-react.js:1085:118:
      1085 │ ...MessageCircleHeartIcon } from './icons/message-circle-heart.js';
           ╵                                  ~~~~~~~~~~~~~~~~~~~~~~~~~~~~~~~~~

X [ERROR] Could not resolve "./icons/message-circle-plus.js"

    node_modules/lucide-react/dist/esm/lucide-react.js:1086:115:
      1086 │ ...s MessageCirclePlusIcon } from './icons/message-circle-plus.js';
           ╵                                   ~~~~~~~~~~~~~~~~~~~~~~~~~~~~~~~~

X [ERROR] Could not resolve "./icons/message-circle-reply.js"

    node_modules/lucide-react/dist/esm/lucide-react.js:1087:118:
      1087 │ ...MessageCircleReplyIcon } from './icons/message-circle-reply.js';
           ╵                                  ~~~~~~~~~~~~~~~~~~~~~~~~~~~~~~~~~

X [ERROR] Could not resolve "./icons/message-circle-warning.js"

    node_modules/lucide-react/dist/esm/lucide-react.js:1088:124:
      1088 │ ...ageCircleWarningIcon } from './icons/message-circle-warning.js';
           ╵                                ~~~~~~~~~~~~~~~~~~~~~~~~~~~~~~~~~~~

X [ERROR] Could not resolve "./icons/message-circle-x.js"

    node_modules/lucide-react/dist/esm/lucide-react.js:1089:106:
      1089 │ ...ault as MessageCircleXIcon } from './icons/message-circle-x.js';
           ╵                                      ~~~~~~~~~~~~~~~~~~~~~~~~~~~~~

X [ERROR] Could not resolve "./icons/message-circle.js"

    node_modules/lucide-react/dist/esm/lucide-react.js:1090:103:
      1090 │ ...default as MessageCircleIcon } from './icons/message-circle.js';
           ╵                                        ~~~~~~~~~~~~~~~~~~~~~~~~~~~

X [ERROR] Could not resolve "./icons/message-square-check.js"

    node_modules/lucide-react/dist/esm/lucide-react.js:1091:118:
      1091 │ ...MessageSquareCheckIcon } from './icons/message-square-check.js';
           ╵                                  ~~~~~~~~~~~~~~~~~~~~~~~~~~~~~~~~~

X [ERROR] Could not resolve "./icons/message-square-code.js"

    node_modules/lucide-react/dist/esm/lucide-react.js:1092:115:
      1092 │ ...s MessageSquareCodeIcon } from './icons/message-square-code.js';
           ╵                                   ~~~~~~~~~~~~~~~~~~~~~~~~~~~~~~~~

X [ERROR] Could not resolve "./icons/message-square-dashed.js"

    node_modules/lucide-react/dist/esm/lucide-react.js:1093:121:
      1093 │ ...ssageSquareDashedIcon } from './icons/message-square-dashed.js';
           ╵                                 ~~~~~~~~~~~~~~~~~~~~~~~~~~~~~~~~~~

X [ERROR] Could not resolve "./icons/message-square-dot.js"

    node_modules/lucide-react/dist/esm/lucide-react.js:1094:112:
      1094 │ ... as MessageSquareDotIcon } from './icons/message-square-dot.js';
           ╵                                    ~~~~~~~~~~~~~~~~~~~~~~~~~~~~~~~

X [ERROR] Could not resolve "./icons/message-square-diff.js"

    node_modules/lucide-react/dist/esm/lucide-react.js:1095:115:
      1095 │ ...s MessageSquareDiffIcon } from './icons/message-square-diff.js';
           ╵                                   ~~~~~~~~~~~~~~~~~~~~~~~~~~~~~~~~

X [ERROR] Could not resolve "./icons/message-square-heart.js"

    node_modules/lucide-react/dist/esm/lucide-react.js:1096:118:
      1096 │ ...MessageSquareHeartIcon } from './icons/message-square-heart.js';
           ╵                                  ~~~~~~~~~~~~~~~~~~~~~~~~~~~~~~~~~

X [ERROR] Could not resolve "./icons/message-square-lock.js"

    node_modules/lucide-react/dist/esm/lucide-react.js:1097:115:
      1097 │ ...s MessageSquareLockIcon } from './icons/message-square-lock.js';
           ╵                                   ~~~~~~~~~~~~~~~~~~~~~~~~~~~~~~~~

X [ERROR] Could not resolve "./icons/message-square-more.js"

    node_modules/lucide-react/dist/esm/lucide-react.js:1098:115:
      1098 │ ...s MessageSquareMoreIcon } from './icons/message-square-more.js';
           ╵                                   ~~~~~~~~~~~~~~~~~~~~~~~~~~~~~~~~

X [ERROR] Could not resolve "./icons/message-square-plus.js"

    node_modules/lucide-react/dist/esm/lucide-react.js:1099:115:
      1099 │ ...s MessageSquarePlusIcon } from './icons/message-square-plus.js';
           ╵                                   ~~~~~~~~~~~~~~~~~~~~~~~~~~~~~~~~

X [ERROR] Could not resolve "./icons/message-square-off.js"

    node_modules/lucide-react/dist/esm/lucide-react.js:1100:112:
      1100 │ ... as MessageSquareOffIcon } from './icons/message-square-off.js';
           ╵                                    ~~~~~~~~~~~~~~~~~~~~~~~~~~~~~~~

X [ERROR] Could not resolve "./icons/message-square-quote.js"

    node_modules/lucide-react/dist/esm/lucide-react.js:1101:118:
      1101 │ ...MessageSquareQuoteIcon } from './icons/message-square-quote.js';
           ╵                                  ~~~~~~~~~~~~~~~~~~~~~~~~~~~~~~~~~

X [ERROR] Could not resolve "./icons/message-square-reply.js"

    node_modules/lucide-react/dist/esm/lucide-react.js:1102:118:
      1102 │ ...MessageSquareReplyIcon } from './icons/message-square-reply.js';
           ╵                                  ~~~~~~~~~~~~~~~~~~~~~~~~~~~~~~~~~

X [ERROR] Could not resolve "./icons/message-square-share.js"

    node_modules/lucide-react/dist/esm/lucide-react.js:1103:118:
      1103 │ ...MessageSquareShareIcon } from './icons/message-square-share.js';
           ╵                                  ~~~~~~~~~~~~~~~~~~~~~~~~~~~~~~~~~

X [ERROR] Could not resolve "./icons/message-square-text.js"

    node_modules/lucide-react/dist/esm/lucide-react.js:1104:115:
      1104 │ ...s MessageSquareTextIcon } from './icons/message-square-text.js';
           ╵                                   ~~~~~~~~~~~~~~~~~~~~~~~~~~~~~~~~

X [ERROR] Could not resolve "./icons/message-square-warning.js"

    node_modules/lucide-react/dist/esm/lucide-react.js:1105:124:
      1105 │ ...ageSquareWarningIcon } from './icons/message-square-warning.js';
           ╵                                ~~~~~~~~~~~~~~~~~~~~~~~~~~~~~~~~~~~

X [ERROR] Could not resolve "./icons/message-square-x.js"

    node_modules/lucide-react/dist/esm/lucide-react.js:1106:106:
      1106 │ ...ault as MessageSquareXIcon } from './icons/message-square-x.js';
           ╵                                      ~~~~~~~~~~~~~~~~~~~~~~~~~~~~~

X [ERROR] Could not resolve "./icons/message-square.js"

    node_modules/lucide-react/dist/esm/lucide-react.js:1107:103:
      1107 │ ...default as MessageSquareIcon } from './icons/message-square.js';
           ╵                                        ~~~~~~~~~~~~~~~~~~~~~~~~~~~

X [ERROR] Could not resolve "./icons/metronome.js"

    node_modules/lucide-react/dist/esm/lucide-react.js:1108:91:
      1108 │ ...tronome, default as MetronomeIcon } from './icons/metronome.js';
           ╵                                             ~~~~~~~~~~~~~~~~~~~~~~

X [ERROR] Could not resolve "./icons/messages-square.js"

    node_modules/lucide-react/dist/esm/lucide-react.js:1109:106:
      1109 │ ...fault as MessagesSquareIcon } from './icons/messages-square.js';
           ╵                                       ~~~~~~~~~~~~~~~~~~~~~~~~~~~~

X [ERROR] Could not resolve "./icons/mic-off.js"

    node_modules/lucide-react/dist/esm/lucide-react.js:1110:82:
      1110 │ ...lt as MicOff, default as MicOffIcon } from './icons/mic-off.js';
           ╵                                               ~~~~~~~~~~~~~~~~~~~~

X [ERROR] Could not resolve "./icons/mic.js"

    node_modules/lucide-react/dist/esm/lucide-react.js:1111:73:
      1111 │ ...Mic, default as Mic, default as MicIcon } from './icons/mic.js';
           ╵                                                   ~~~~~~~~~~~~~~~~

X [ERROR] Could not resolve "./icons/microchip.js"

    node_modules/lucide-react/dist/esm/lucide-react.js:1112:91:
      1112 │ ...crochip, default as MicrochipIcon } from './icons/microchip.js';
           ╵                                             ~~~~~~~~~~~~~~~~~~~~~~

X [ERROR] Could not resolve "./icons/microscope.js"

    node_modules/lucide-react/dist/esm/lucide-react.js:1113:94:
      1113 │ ...scope, default as MicroscopeIcon } from './icons/microscope.js';
           ╵                                            ~~~~~~~~~~~~~~~~~~~~~~~

X [ERROR] Could not resolve "./icons/microwave.js"

    node_modules/lucide-react/dist/esm/lucide-react.js:1114:91:
      1114 │ ...crowave, default as MicrowaveIcon } from './icons/microwave.js';
           ╵                                             ~~~~~~~~~~~~~~~~~~~~~~

X [ERROR] Could not resolve "./icons/milestone.js"

    node_modules/lucide-react/dist/esm/lucide-react.js:1115:91:
      1115 │ ...lestone, default as MilestoneIcon } from './icons/milestone.js';
           ╵                                             ~~~~~~~~~~~~~~~~~~~~~~

X [ERROR] Could not resolve "./icons/milk-off.js"

    node_modules/lucide-react/dist/esm/lucide-react.js:1116:85:
      1116 │ ...as MilkOff, default as MilkOffIcon } from './icons/milk-off.js';
           ╵                                              ~~~~~~~~~~~~~~~~~~~~~

X [ERROR] Could not resolve "./icons/minimize-2.js"

    node_modules/lucide-react/dist/esm/lucide-react.js:1117:91:
      1117 │ ...imize2, default as Minimize2Icon } from './icons/minimize-2.js';
           ╵                                            ~~~~~~~~~~~~~~~~~~~~~~~

X [ERROR] Could not resolve "./icons/milk.js"

    node_modules/lucide-react/dist/esm/lucide-react.js:1118:76:
      1118 │ ..., default as Milk, default as MilkIcon } from './icons/milk.js';
           ╵                                                  ~~~~~~~~~~~~~~~~~

X [ERROR] Could not resolve "./icons/minimize.js"

    node_modules/lucide-react/dist/esm/lucide-react.js:1119:88:
      1119 │ ... Minimize, default as MinimizeIcon } from './icons/minimize.js';
           ╵                                              ~~~~~~~~~~~~~~~~~~~~~

X [ERROR] Could not resolve "./icons/minus.js"

    node_modules/lucide-react/dist/esm/lucide-react.js:1120:79:
      1120 │ ...efault as Minus, default as MinusIcon } from './icons/minus.js';
           ╵                                                 ~~~~~~~~~~~~~~~~~~

X [ERROR] Could not resolve "./icons/mirror-round.js"

    node_modules/lucide-react/dist/esm/lucide-react.js:1121:97:
      1121 │ ...nd, default as MirrorRoundIcon } from './icons/mirror-round.js';
           ╵                                          ~~~~~~~~~~~~~~~~~~~~~~~~~

X [ERROR] Could not resolve "./icons/mirror-rectangular.js"

    node_modules/lucide-react/dist/esm/lucide-react.js:1122:115:
      1122 │ ...as MirrorRectangularIcon } from './icons/mirror-rectangular.js';
           ╵                                    ~~~~~~~~~~~~~~~~~~~~~~~~~~~~~~~

X [ERROR] Could not resolve "./icons/monitor-check.js"

    node_modules/lucide-react/dist/esm/lucide-react.js:1123:100:
      1123 │ ..., default as MonitorCheckIcon } from './icons/monitor-check.js';
           ╵                                         ~~~~~~~~~~~~~~~~~~~~~~~~~~

X [ERROR] Could not resolve "./icons/monitor-cloud.js"

    node_modules/lucide-react/dist/esm/lucide-react.js:1124:100:
      1124 │ ..., default as MonitorCloudIcon } from './icons/monitor-cloud.js';
           ╵                                         ~~~~~~~~~~~~~~~~~~~~~~~~~~

X [ERROR] Could not resolve "./icons/monitor-cog.js"

    node_modules/lucide-react/dist/esm/lucide-react.js:1125:94:
      1125 │ ...rCog, default as MonitorCogIcon } from './icons/monitor-cog.js';
           ╵                                           ~~~~~~~~~~~~~~~~~~~~~~~~

X [ERROR] Could not resolve "./icons/monitor-dot.js"

    node_modules/lucide-react/dist/esm/lucide-react.js:1126:94:
      1126 │ ...rDot, default as MonitorDotIcon } from './icons/monitor-dot.js';
           ╵                                           ~~~~~~~~~~~~~~~~~~~~~~~~

X [ERROR] Could not resolve "./icons/monitor-down.js"

    node_modules/lucide-react/dist/esm/lucide-react.js:1127:97:
      1127 │ ...wn, default as MonitorDownIcon } from './icons/monitor-down.js';
           ╵                                          ~~~~~~~~~~~~~~~~~~~~~~~~~

X [ERROR] Could not resolve "./icons/monitor-play.js"

    node_modules/lucide-react/dist/esm/lucide-react.js:1128:97:
      1128 │ ...ay, default as MonitorPlayIcon } from './icons/monitor-play.js';
           ╵                                          ~~~~~~~~~~~~~~~~~~~~~~~~~

X [ERROR] Could not resolve "./icons/monitor-pause.js"

    node_modules/lucide-react/dist/esm/lucide-react.js:1129:100:
      1129 │ ..., default as MonitorPauseIcon } from './icons/monitor-pause.js';
           ╵                                         ~~~~~~~~~~~~~~~~~~~~~~~~~~

X [ERROR] Could not resolve "./icons/monitor-off.js"

    node_modules/lucide-react/dist/esm/lucide-react.js:1130:94:
      1130 │ ...rOff, default as MonitorOffIcon } from './icons/monitor-off.js';
           ╵                                           ~~~~~~~~~~~~~~~~~~~~~~~~

X [ERROR] Could not resolve "./icons/monitor-smartphone.js"

    node_modules/lucide-react/dist/esm/lucide-react.js:1131:115:
      1131 │ ...as MonitorSmartphoneIcon } from './icons/monitor-smartphone.js';
           ╵                                    ~~~~~~~~~~~~~~~~~~~~~~~~~~~~~~~

X [ERROR] Could not resolve "./icons/monitor-speaker.js"

    node_modules/lucide-react/dist/esm/lucide-react.js:1132:106:
      1132 │ ...fault as MonitorSpeakerIcon } from './icons/monitor-speaker.js';
           ╵                                       ~~~~~~~~~~~~~~~~~~~~~~~~~~~~

X [ERROR] Could not resolve "./icons/monitor-stop.js"

    node_modules/lucide-react/dist/esm/lucide-react.js:1133:97:
      1133 │ ...op, default as MonitorStopIcon } from './icons/monitor-stop.js';
           ╵                                          ~~~~~~~~~~~~~~~~~~~~~~~~~

X [ERROR] Could not resolve "./icons/monitor-up.js"

    node_modules/lucide-react/dist/esm/lucide-react.js:1134:91:
      1134 │ ...itorUp, default as MonitorUpIcon } from './icons/monitor-up.js';
           ╵                                            ~~~~~~~~~~~~~~~~~~~~~~~

X [ERROR] Could not resolve "./icons/monitor-x.js"

    node_modules/lucide-react/dist/esm/lucide-react.js:1135:88:
      1135 │ ...MonitorX, default as MonitorXIcon } from './icons/monitor-x.js';
           ╵                                             ~~~~~~~~~~~~~~~~~~~~~~

X [ERROR] Could not resolve "./icons/monitor.js"

    node_modules/lucide-react/dist/esm/lucide-react.js:1136:85:
      1136 │ ... as Monitor, default as MonitorIcon } from './icons/monitor.js';
           ╵                                               ~~~~~~~~~~~~~~~~~~~~

X [ERROR] Could not resolve "./icons/moon-star.js"

    node_modules/lucide-react/dist/esm/lucide-react.js:1137:88:
      1137 │ ...MoonStar, default as MoonStarIcon } from './icons/moon-star.js';
           ╵                                             ~~~~~~~~~~~~~~~~~~~~~~

X [ERROR] Could not resolve "./icons/moon.js"

    node_modules/lucide-react/dist/esm/lucide-react.js:1138:76:
      1138 │ ..., default as Moon, default as MoonIcon } from './icons/moon.js';
           ╵                                                  ~~~~~~~~~~~~~~~~~

X [ERROR] Could not resolve "./icons/mountain-snow.js"

    node_modules/lucide-react/dist/esm/lucide-react.js:1139:100:
      1139 │ ..., default as MountainSnowIcon } from './icons/mountain-snow.js';
           ╵                                         ~~~~~~~~~~~~~~~~~~~~~~~~~~

X [ERROR] Could not resolve "./icons/motorbike.js"

    node_modules/lucide-react/dist/esm/lucide-react.js:1140:91:
      1140 │ ...torbike, default as MotorbikeIcon } from './icons/motorbike.js';
           ╵                                             ~~~~~~~~~~~~~~~~~~~~~~

X [ERROR] Could not resolve "./icons/mountain.js"

    node_modules/lucide-react/dist/esm/lucide-react.js:1141:88:
      1141 │ ... Mountain, default as MountainIcon } from './icons/mountain.js';
           ╵                                              ~~~~~~~~~~~~~~~~~~~~~

X [ERROR] Could not resolve "./icons/mouse-left.js"

    node_modules/lucide-react/dist/esm/lucide-react.js:1142:91:
      1142 │ ...seLeft, default as MouseLeftIcon } from './icons/mouse-left.js';
           ╵                                            ~~~~~~~~~~~~~~~~~~~~~~~

X [ERROR] Could not resolve "./icons/mouse-off.js"

    node_modules/lucide-react/dist/esm/lucide-react.js:1143:88:
      1143 │ ...MouseOff, default as MouseOffIcon } from './icons/mouse-off.js';
           ╵                                             ~~~~~~~~~~~~~~~~~~~~~~

X [ERROR] Could not resolve "./icons/mouse-pointer-2-off.js"

    node_modules/lucide-react/dist/esm/lucide-react.js:1144:112:
      1144 │ ...as MousePointer2OffIcon } from './icons/mouse-pointer-2-off.js';
           ╵                                   ~~~~~~~~~~~~~~~~~~~~~~~~~~~~~~~~

X [ERROR] Could not resolve "./icons/mouse-pointer-2.js"

    node_modules/lucide-react/dist/esm/lucide-react.js:1145:103:
      1145 │ ...efault as MousePointer2Icon } from './icons/mouse-pointer-2.js';
           ╵                                       ~~~~~~~~~~~~~~~~~~~~~~~~~~~~

X [ERROR] Could not resolve "./icons/mouse-pointer-ban.js"

    node_modules/lucide-react/dist/esm/lucide-react.js:1146:109:
      1146 │ ...lt as MousePointerBanIcon } from './icons/mouse-pointer-ban.js';
           ╵                                     ~~~~~~~~~~~~~~~~~~~~~~~~~~~~~~

X [ERROR] Could not resolve "./icons/mouse-pointer-click.js"

    node_modules/lucide-react/dist/esm/lucide-react.js:1147:115:
      1147 │ ...s MousePointerClickIcon } from './icons/mouse-pointer-click.js';
           ╵                                   ~~~~~~~~~~~~~~~~~~~~~~~~~~~~~~~~

X [ERROR] Could not resolve "./icons/mouse-pointer.js"

    node_modules/lucide-react/dist/esm/lucide-react.js:1148:100:
      1148 │ ..., default as MousePointerIcon } from './icons/mouse-pointer.js';
           ╵                                         ~~~~~~~~~~~~~~~~~~~~~~~~~~

X [ERROR] Could not resolve "./icons/mouse-right.js"

    node_modules/lucide-react/dist/esm/lucide-react.js:1149:94:
      1149 │ ...ight, default as MouseRightIcon } from './icons/mouse-right.js';
           ╵                                           ~~~~~~~~~~~~~~~~~~~~~~~~

X [ERROR] Could not resolve "./icons/mouse.js"

    node_modules/lucide-react/dist/esm/lucide-react.js:1150:79:
      1150 │ ...efault as Mouse, default as MouseIcon } from './icons/mouse.js';
           ╵                                                 ~~~~~~~~~~~~~~~~~~

X [ERROR] Could not resolve "./icons/move-diagonal-2.js"

    node_modules/lucide-react/dist/esm/lucide-react.js:1151:103:
      1151 │ ...efault as MoveDiagonal2Icon } from './icons/move-diagonal-2.js';
           ╵                                       ~~~~~~~~~~~~~~~~~~~~~~~~~~~~

X [ERROR] Could not resolve "./icons/move-diagonal.js"

    node_modules/lucide-react/dist/esm/lucide-react.js:1152:100:
      1152 │ ..., default as MoveDiagonalIcon } from './icons/move-diagonal.js';
           ╵                                         ~~~~~~~~~~~~~~~~~~~~~~~~~~

X [ERROR] Could not resolve "./icons/move-down-left.js"

    node_modules/lucide-react/dist/esm/lucide-react.js:1153:100:
      1153 │ ... default as MoveDownLeftIcon } from './icons/move-down-left.js';
           ╵                                        ~~~~~~~~~~~~~~~~~~~~~~~~~~~

X [ERROR] Could not resolve "./icons/move-down-right.js"

    node_modules/lucide-react/dist/esm/lucide-react.js:1154:103:
      1154 │ ...efault as MoveDownRightIcon } from './icons/move-down-right.js';
           ╵                                       ~~~~~~~~~~~~~~~~~~~~~~~~~~~~

X [ERROR] Could not resolve "./icons/move-down.js"

    node_modules/lucide-react/dist/esm/lucide-react.js:1155:88:
      1155 │ ...MoveDown, default as MoveDownIcon } from './icons/move-down.js';
           ╵                                             ~~~~~~~~~~~~~~~~~~~~~~

X [ERROR] Could not resolve "./icons/move-horizontal.js"

    node_modules/lucide-react/dist/esm/lucide-react.js:1156:106:
      1156 │ ...fault as MoveHorizontalIcon } from './icons/move-horizontal.js';
           ╵                                       ~~~~~~~~~~~~~~~~~~~~~~~~~~~~

X [ERROR] Could not resolve "./icons/move-left.js"

    node_modules/lucide-react/dist/esm/lucide-react.js:1157:88:
      1157 │ ...MoveLeft, default as MoveLeftIcon } from './icons/move-left.js';
           ╵                                             ~~~~~~~~~~~~~~~~~~~~~~

X [ERROR] Could not resolve "./icons/move-right.js"

    node_modules/lucide-react/dist/esm/lucide-react.js:1158:91:
      1158 │ ...eRight, default as MoveRightIcon } from './icons/move-right.js';
           ╵                                            ~~~~~~~~~~~~~~~~~~~~~~~

X [ERROR] Could not resolve "./icons/move-up-left.js"

    node_modules/lucide-react/dist/esm/lucide-react.js:1159:94:
      1159 │ ...eft, default as MoveUpLeftIcon } from './icons/move-up-left.js';
           ╵                                          ~~~~~~~~~~~~~~~~~~~~~~~~~

X [ERROR] Could not resolve "./icons/move-up.js"

    node_modules/lucide-react/dist/esm/lucide-react.js:1160:82:
      1160 │ ...lt as MoveUp, default as MoveUpIcon } from './icons/move-up.js';
           ╵                                               ~~~~~~~~~~~~~~~~~~~~

X [ERROR] Could not resolve "./icons/move-up-right.js"

    node_modules/lucide-react/dist/esm/lucide-react.js:1161:97:
      1161 │ ...t, default as MoveUpRightIcon } from './icons/move-up-right.js';
           ╵                                         ~~~~~~~~~~~~~~~~~~~~~~~~~~

X [ERROR] Could not resolve "./icons/move-vertical.js"

    node_modules/lucide-react/dist/esm/lucide-react.js:1162:100:
      1162 │ ..., default as MoveVerticalIcon } from './icons/move-vertical.js';
           ╵                                         ~~~~~~~~~~~~~~~~~~~~~~~~~~

X [ERROR] Could not resolve "./icons/move.js"

    node_modules/lucide-react/dist/esm/lucide-react.js:1163:76:
      1163 │ ..., default as Move, default as MoveIcon } from './icons/move.js';
           ╵                                                  ~~~~~~~~~~~~~~~~~

X [ERROR] Could not resolve "./icons/music-2.js"

    node_modules/lucide-react/dist/esm/lucide-react.js:1164:82:
      1164 │ ...lt as Music2, default as Music2Icon } from './icons/music-2.js';
           ╵                                               ~~~~~~~~~~~~~~~~~~~~

X [ERROR] Could not resolve "./icons/music-3.js"

    node_modules/lucide-react/dist/esm/lucide-react.js:1165:82:
      1165 │ ...lt as Music3, default as Music3Icon } from './icons/music-3.js';
           ╵                                               ~~~~~~~~~~~~~~~~~~~~

X [ERROR] Could not resolve "./icons/music-4.js"

    node_modules/lucide-react/dist/esm/lucide-react.js:1166:82:
      1166 │ ...lt as Music4, default as Music4Icon } from './icons/music-4.js';
           ╵                                               ~~~~~~~~~~~~~~~~~~~~

X [ERROR] Could not resolve "./icons/music.js"

    node_modules/lucide-react/dist/esm/lucide-react.js:1167:79:
      1167 │ ...efault as Music, default as MusicIcon } from './icons/music.js';
           ╵                                                 ~~~~~~~~~~~~~~~~~~

X [ERROR] Could not resolve "./icons/navigation-2-off.js"

    node_modules/lucide-react/dist/esm/lucide-react.js:1168:106:
      1168 │ ...ault as Navigation2OffIcon } from './icons/navigation-2-off.js';
           ╵                                      ~~~~~~~~~~~~~~~~~~~~~~~~~~~~~

X [ERROR] Could not resolve "./icons/navigation-2.js"

    node_modules/lucide-react/dist/esm/lucide-react.js:1169:97:
      1169 │ ...n2, default as Navigation2Icon } from './icons/navigation-2.js';
           ╵                                          ~~~~~~~~~~~~~~~~~~~~~~~~~

X [ERROR] Could not resolve "./icons/navigation.js"

    node_modules/lucide-react/dist/esm/lucide-react.js:1170:94:
      1170 │ ...ation, default as NavigationIcon } from './icons/navigation.js';
           ╵                                            ~~~~~~~~~~~~~~~~~~~~~~~

X [ERROR] Could not resolve "./icons/navigation-off.js"

    node_modules/lucide-react/dist/esm/lucide-react.js:1171:103:
      1171 │ ...default as NavigationOffIcon } from './icons/navigation-off.js';
           ╵                                        ~~~~~~~~~~~~~~~~~~~~~~~~~~~

X [ERROR] Could not resolve "./icons/network.js"

    node_modules/lucide-react/dist/esm/lucide-react.js:1172:85:
      1172 │ ... as Network, default as NetworkIcon } from './icons/network.js';
           ╵                                               ~~~~~~~~~~~~~~~~~~~~

X [ERROR] Could not resolve "./icons/nfc.js"

    node_modules/lucide-react/dist/esm/lucide-react.js:1173:73:
      1173 │ ...Nfc, default as Nfc, default as NfcIcon } from './icons/nfc.js';
           ╵                                                   ~~~~~~~~~~~~~~~~

X [ERROR] Could not resolve "./icons/newspaper.js"

    node_modules/lucide-react/dist/esm/lucide-react.js:1174:91:
      1174 │ ...wspaper, default as NewspaperIcon } from './icons/newspaper.js';
           ╵                                             ~~~~~~~~~~~~~~~~~~~~~~

X [ERROR] Could not resolve "./icons/non-binary.js"

    node_modules/lucide-react/dist/esm/lucide-react.js:1175:91:
      1175 │ ...Binary, default as NonBinaryIcon } from './icons/non-binary.js';
           ╵                                            ~~~~~~~~~~~~~~~~~~~~~~~

X [ERROR] Could not resolve "./icons/notebook-pen.js"

    node_modules/lucide-react/dist/esm/lucide-react.js:1176:97:
      1176 │ ...en, default as NotebookPenIcon } from './icons/notebook-pen.js';
           ╵                                          ~~~~~~~~~~~~~~~~~~~~~~~~~

X [ERROR] Could not resolve "./icons/notebook-tabs.js"

    node_modules/lucide-react/dist/esm/lucide-react.js:1177:100:
      1177 │ ..., default as NotebookTabsIcon } from './icons/notebook-tabs.js';
           ╵                                         ~~~~~~~~~~~~~~~~~~~~~~~~~~

X [ERROR] Could not resolve "./icons/notebook.js"

    node_modules/lucide-react/dist/esm/lucide-react.js:1178:88:
      1178 │ ... Notebook, default as NotebookIcon } from './icons/notebook.js';
           ╵                                              ~~~~~~~~~~~~~~~~~~~~~

X [ERROR] Could not resolve "./icons/notebook-text.js"

    node_modules/lucide-react/dist/esm/lucide-react.js:1179:100:
      1179 │ ..., default as NotebookTextIcon } from './icons/notebook-text.js';
           ╵                                         ~~~~~~~~~~~~~~~~~~~~~~~~~~

X [ERROR] Could not resolve "./icons/notepad-text-dashed.js"

    node_modules/lucide-react/dist/esm/lucide-react.js:1180:115:
      1180 │ ...s NotepadTextDashedIcon } from './icons/notepad-text-dashed.js';
           ╵                                   ~~~~~~~~~~~~~~~~~~~~~~~~~~~~~~~~

X [ERROR] Could not resolve "./icons/notepad-text.js"

    node_modules/lucide-react/dist/esm/lucide-react.js:1181:97:
      1181 │ ...xt, default as NotepadTextIcon } from './icons/notepad-text.js';
           ╵                                          ~~~~~~~~~~~~~~~~~~~~~~~~~

X [ERROR] Could not resolve "./icons/nut-off.js"

    node_modules/lucide-react/dist/esm/lucide-react.js:1182:82:
      1182 │ ...lt as NutOff, default as NutOffIcon } from './icons/nut-off.js';
           ╵                                               ~~~~~~~~~~~~~~~~~~~~

X [ERROR] Could not resolve "./icons/nut.js"

    node_modules/lucide-react/dist/esm/lucide-react.js:1183:73:
      1183 │ ...Nut, default as Nut, default as NutIcon } from './icons/nut.js';
           ╵                                                   ~~~~~~~~~~~~~~~~

X [ERROR] Could not resolve "./icons/octagon-minus.js"

    node_modules/lucide-react/dist/esm/lucide-react.js:1184:100:
      1184 │ ..., default as OctagonMinusIcon } from './icons/octagon-minus.js';
           ╵                                         ~~~~~~~~~~~~~~~~~~~~~~~~~~

X [ERROR] Could not resolve "./icons/octagon.js"

    node_modules/lucide-react/dist/esm/lucide-react.js:1185:85:
      1185 │ ... as Octagon, default as OctagonIcon } from './icons/octagon.js';
           ╵                                               ~~~~~~~~~~~~~~~~~~~~

X [ERROR] Could not resolve "./icons/omega.js"

    node_modules/lucide-react/dist/esm/lucide-react.js:1186:79:
      1186 │ ...efault as Omega, default as OmegaIcon } from './icons/omega.js';
           ╵                                                 ~~~~~~~~~~~~~~~~~~

X [ERROR] Could not resolve "./icons/option.js"

    node_modules/lucide-react/dist/esm/lucide-react.js:1187:82:
      1187 │ ...ult as Option, default as OptionIcon } from './icons/option.js';
           ╵                                                ~~~~~~~~~~~~~~~~~~~

X [ERROR] Could not resolve "./icons/orbit.js"

    node_modules/lucide-react/dist/esm/lucide-react.js:1188:79:
      1188 │ ...efault as Orbit, default as OrbitIcon } from './icons/orbit.js';
           ╵                                                 ~~~~~~~~~~~~~~~~~~

X [ERROR] Could not resolve "./icons/origami.js"

    node_modules/lucide-react/dist/esm/lucide-react.js:1189:85:
      1189 │ ... as Origami, default as OrigamiIcon } from './icons/origami.js';
           ╵                                               ~~~~~~~~~~~~~~~~~~~~

X [ERROR] Could not resolve "./icons/package-2.js"

    node_modules/lucide-react/dist/esm/lucide-react.js:1190:88:
      1190 │ ...Package2, default as Package2Icon } from './icons/package-2.js';
           ╵                                             ~~~~~~~~~~~~~~~~~~~~~~

X [ERROR] Could not resolve "./icons/package-check.js"

    node_modules/lucide-react/dist/esm/lucide-react.js:1191:100:
      1191 │ ..., default as PackageCheckIcon } from './icons/package-check.js';
           ╵                                         ~~~~~~~~~~~~~~~~~~~~~~~~~~

X [ERROR] Could not resolve "./icons/package-minus.js"

    node_modules/lucide-react/dist/esm/lucide-react.js:1192:100:
      1192 │ ..., default as PackageMinusIcon } from './icons/package-minus.js';
           ╵                                         ~~~~~~~~~~~~~~~~~~~~~~~~~~

X [ERROR] Could not resolve "./icons/package-open.js"

    node_modules/lucide-react/dist/esm/lucide-react.js:1193:97:
      1193 │ ...en, default as PackageOpenIcon } from './icons/package-open.js';
           ╵                                          ~~~~~~~~~~~~~~~~~~~~~~~~~

X [ERROR] Could not resolve "./icons/package-plus.js"

    node_modules/lucide-react/dist/esm/lucide-react.js:1194:97:
      1194 │ ...us, default as PackagePlusIcon } from './icons/package-plus.js';
           ╵                                          ~~~~~~~~~~~~~~~~~~~~~~~~~

X [ERROR] Could not resolve "./icons/package-search.js"

    node_modules/lucide-react/dist/esm/lucide-react.js:1195:103:
      1195 │ ...default as PackageSearchIcon } from './icons/package-search.js';
           ╵                                        ~~~~~~~~~~~~~~~~~~~~~~~~~~~

X [ERROR] Could not resolve "./icons/package-x.js"

    node_modules/lucide-react/dist/esm/lucide-react.js:1196:88:
      1196 │ ...PackageX, default as PackageXIcon } from './icons/package-x.js';
           ╵                                             ~~~~~~~~~~~~~~~~~~~~~~

X [ERROR] Could not resolve "./icons/paint-bucket.js"

    node_modules/lucide-react/dist/esm/lucide-react.js:1197:97:
      1197 │ ...et, default as PaintBucketIcon } from './icons/paint-bucket.js';
           ╵                                          ~~~~~~~~~~~~~~~~~~~~~~~~~

X [ERROR] Could not resolve "./icons/package.js"

    node_modules/lucide-react/dist/esm/lucide-react.js:1198:85:
      1198 │ ... as Package, default as PackageIcon } from './icons/package.js';
           ╵                                               ~~~~~~~~~~~~~~~~~~~~

X [ERROR] Could not resolve "./icons/paint-roller.js"

    node_modules/lucide-react/dist/esm/lucide-react.js:1199:97:
      1199 │ ...er, default as PaintRollerIcon } from './icons/paint-roller.js';
           ╵                                          ~~~~~~~~~~~~~~~~~~~~~~~~~

X [ERROR] Could not resolve "./icons/paintbrush.js"

    node_modules/lucide-react/dist/esm/lucide-react.js:1200:94:
      1200 │ ...brush, default as PaintbrushIcon } from './icons/paintbrush.js';
           ╵                                            ~~~~~~~~~~~~~~~~~~~~~~~

X [ERROR] Could not resolve "./icons/palette.js"

    node_modules/lucide-react/dist/esm/lucide-react.js:1201:85:
      1201 │ ... as Palette, default as PaletteIcon } from './icons/palette.js';
           ╵                                               ~~~~~~~~~~~~~~~~~~~~

X [ERROR] Could not resolve "./icons/panda.js"

    node_modules/lucide-react/dist/esm/lucide-react.js:1202:79:
      1202 │ ...efault as Panda, default as PandaIcon } from './icons/panda.js';
           ╵                                                 ~~~~~~~~~~~~~~~~~~

X [ERROR] Could not resolve "./icons/panel-bottom-close.js"

    node_modules/lucide-react/dist/esm/lucide-react.js:1203:112:
      1203 │ ... as PanelBottomCloseIcon } from './icons/panel-bottom-close.js';
           ╵                                    ~~~~~~~~~~~~~~~~~~~~~~~~~~~~~~~

X [ERROR] Could not resolve "./icons/panel-bottom-open.js"

    node_modules/lucide-react/dist/esm/lucide-react.js:1204:109:
      1204 │ ...lt as PanelBottomOpenIcon } from './icons/panel-bottom-open.js';
           ╵                                     ~~~~~~~~~~~~~~~~~~~~~~~~~~~~~~

X [ERROR] Could not resolve "./icons/panel-bottom.js"

    node_modules/lucide-react/dist/esm/lucide-react.js:1205:97:
      1205 │ ...om, default as PanelBottomIcon } from './icons/panel-bottom.js';
           ╵                                          ~~~~~~~~~~~~~~~~~~~~~~~~~

X [ERROR] Could not resolve "./icons/panel-left-right-dashed.js"

    node_modules/lucide-react/dist/esm/lucide-react.js:1206:124:
      1206 │ ...LeftRightDashedIcon } from './icons/panel-left-right-dashed.js';
           ╵                               ~~~~~~~~~~~~~~~~~~~~~~~~~~~~~~~~~~~~

X [ERROR] Could not resolve "./icons/panel-right-close.js"

    node_modules/lucide-react/dist/esm/lucide-react.js:1207:109:
      1207 │ ...lt as PanelRightCloseIcon } from './icons/panel-right-close.js';
           ╵                                     ~~~~~~~~~~~~~~~~~~~~~~~~~~~~~~

X [ERROR] Could not resolve "./icons/panel-right-open.js"

    node_modules/lucide-react/dist/esm/lucide-react.js:1208:106:
      1208 │ ...ault as PanelRightOpenIcon } from './icons/panel-right-open.js';
           ╵                                      ~~~~~~~~~~~~~~~~~~~~~~~~~~~~~

X [ERROR] Could not resolve "./icons/panel-right.js"

    node_modules/lucide-react/dist/esm/lucide-react.js:1209:94:
      1209 │ ...ight, default as PanelRightIcon } from './icons/panel-right.js';
           ╵                                           ~~~~~~~~~~~~~~~~~~~~~~~~

X [ERROR] Could not resolve "./icons/panel-top-bottom-dashed.js"

    node_modules/lucide-react/dist/esm/lucide-react.js:1210:124:
      1210 │ ...TopBottomDashedIcon } from './icons/panel-top-bottom-dashed.js';
           ╵                               ~~~~~~~~~~~~~~~~~~~~~~~~~~~~~~~~~~~~

X [ERROR] Could not resolve "./icons/panel-top-close.js"

    node_modules/lucide-react/dist/esm/lucide-react.js:1211:103:
      1211 │ ...efault as PanelTopCloseIcon } from './icons/panel-top-close.js';
           ╵                                       ~~~~~~~~~~~~~~~~~~~~~~~~~~~~

X [ERROR] Could not resolve "./icons/panel-top-open.js"

    node_modules/lucide-react/dist/esm/lucide-react.js:1212:100:
      1212 │ ... default as PanelTopOpenIcon } from './icons/panel-top-open.js';
           ╵                                        ~~~~~~~~~~~~~~~~~~~~~~~~~~~

X [ERROR] Could not resolve "./icons/panel-top.js"

    node_modules/lucide-react/dist/esm/lucide-react.js:1213:88:
      1213 │ ...PanelTop, default as PanelTopIcon } from './icons/panel-top.js';
           ╵                                             ~~~~~~~~~~~~~~~~~~~~~~

X [ERROR] Could not resolve "./icons/panels-left-bottom.js"

    node_modules/lucide-react/dist/esm/lucide-react.js:1214:112:
      1214 │ ... as PanelsLeftBottomIcon } from './icons/panels-left-bottom.js';
           ╵                                    ~~~~~~~~~~~~~~~~~~~~~~~~~~~~~~~

X [ERROR] Could not resolve "./icons/panels-right-bottom.js"

    node_modules/lucide-react/dist/esm/lucide-react.js:1215:115:
      1215 │ ...s PanelsRightBottomIcon } from './icons/panels-right-bottom.js';
           ╵                                   ~~~~~~~~~~~~~~~~~~~~~~~~~~~~~~~~

X [ERROR] Could not resolve "./icons/paperclip.js"

    node_modules/lucide-react/dist/esm/lucide-react.js:1216:91:
      1216 │ ...perclip, default as PaperclipIcon } from './icons/paperclip.js';
           ╵                                             ~~~~~~~~~~~~~~~~~~~~~~

X [ERROR] Could not resolve "./icons/parentheses.js"

    node_modules/lucide-react/dist/esm/lucide-react.js:1217:97:
      1217 │ ...ses, default as ParenthesesIcon } from './icons/parentheses.js';
           ╵                                           ~~~~~~~~~~~~~~~~~~~~~~~~

X [ERROR] Could not resolve "./icons/parking-meter.js"

    node_modules/lucide-react/dist/esm/lucide-react.js:1218:100:
      1218 │ ..., default as ParkingMeterIcon } from './icons/parking-meter.js';
           ╵                                         ~~~~~~~~~~~~~~~~~~~~~~~~~~

X [ERROR] Could not resolve "./icons/pause.js"

    node_modules/lucide-react/dist/esm/lucide-react.js:1219:79:
      1219 │ ...efault as Pause, default as PauseIcon } from './icons/pause.js';
           ╵                                                 ~~~~~~~~~~~~~~~~~~

X [ERROR] Could not resolve "./icons/pc-case.js"

    node_modules/lucide-react/dist/esm/lucide-react.js:1220:82:
      1220 │ ...lt as PcCase, default as PcCaseIcon } from './icons/pc-case.js';
           ╵                                               ~~~~~~~~~~~~~~~~~~~~

X [ERROR] Could not resolve "./icons/paw-print.js"

    node_modules/lucide-react/dist/esm/lucide-react.js:1221:88:
      1221 │ ...PawPrint, default as PawPrintIcon } from './icons/paw-print.js';
           ╵                                             ~~~~~~~~~~~~~~~~~~~~~~

X [ERROR] Could not resolve "./icons/party-popper.js"

    node_modules/lucide-react/dist/esm/lucide-react.js:1222:97:
      1222 │ ...er, default as PartyPopperIcon } from './icons/party-popper.js';
           ╵                                          ~~~~~~~~~~~~~~~~~~~~~~~~~

X [ERROR] Could not resolve "./icons/pen-off.js"

    node_modules/lucide-react/dist/esm/lucide-react.js:1223:82:
      1223 │ ...lt as PenOff, default as PenOffIcon } from './icons/pen-off.js';
           ╵                                               ~~~~~~~~~~~~~~~~~~~~

X [ERROR] Could not resolve "./icons/pen-tool.js"

    node_modules/lucide-react/dist/esm/lucide-react.js:1224:85:
      1224 │ ...as PenTool, default as PenToolIcon } from './icons/pen-tool.js';
           ╵                                              ~~~~~~~~~~~~~~~~~~~~~

X [ERROR] Could not resolve "./icons/pencil-line.js"

    node_modules/lucide-react/dist/esm/lucide-react.js:1225:94:
      1225 │ ...Line, default as PencilLineIcon } from './icons/pencil-line.js';
           ╵                                           ~~~~~~~~~~~~~~~~~~~~~~~~

X [ERROR] Could not resolve "./icons/pencil-off.js"

    node_modules/lucide-react/dist/esm/lucide-react.js:1226:91:
      1226 │ ...cilOff, default as PencilOffIcon } from './icons/pencil-off.js';
           ╵                                            ~~~~~~~~~~~~~~~~~~~~~~~

X [ERROR] Could not resolve "./icons/pencil-ruler.js"

    node_modules/lucide-react/dist/esm/lucide-react.js:1227:97:
      1227 │ ...er, default as PencilRulerIcon } from './icons/pencil-ruler.js';
           ╵                                          ~~~~~~~~~~~~~~~~~~~~~~~~~

X [ERROR] Could not resolve "./icons/pencil.js"

    node_modules/lucide-react/dist/esm/lucide-react.js:1228:82:
      1228 │ ...ult as Pencil, default as PencilIcon } from './icons/pencil.js';
           ╵                                                ~~~~~~~~~~~~~~~~~~~

X [ERROR] Could not resolve "./icons/pentagon.js"

    node_modules/lucide-react/dist/esm/lucide-react.js:1229:88:
      1229 │ ... Pentagon, default as PentagonIcon } from './icons/pentagon.js';
           ╵                                              ~~~~~~~~~~~~~~~~~~~~~

X [ERROR] Could not resolve "./icons/percent.js"

    node_modules/lucide-react/dist/esm/lucide-react.js:1230:85:
      1230 │ ... as Percent, default as PercentIcon } from './icons/percent.js';
           ╵                                               ~~~~~~~~~~~~~~~~~~~~

X [ERROR] Could not resolve "./icons/person-standing.js"

    node_modules/lucide-react/dist/esm/lucide-react.js:1231:106:
      1231 │ ...fault as PersonStandingIcon } from './icons/person-standing.js';
           ╵                                       ~~~~~~~~~~~~~~~~~~~~~~~~~~~~

X [ERROR] Could not resolve "./icons/phone-call.js"

    node_modules/lucide-react/dist/esm/lucide-react.js:1232:91:
      1232 │ ...neCall, default as PhoneCallIcon } from './icons/phone-call.js';
           ╵                                            ~~~~~~~~~~~~~~~~~~~~~~~

X [ERROR] Could not resolve "./icons/philippine-peso.js"

    node_modules/lucide-react/dist/esm/lucide-react.js:1233:106:
      1233 │ ...fault as PhilippinePesoIcon } from './icons/philippine-peso.js';
           ╵                                       ~~~~~~~~~~~~~~~~~~~~~~~~~~~~

X [ERROR] Could not resolve "./icons/phone-forwarded.js"

    node_modules/lucide-react/dist/esm/lucide-react.js:1234:106:
      1234 │ ...fault as PhoneForwardedIcon } from './icons/phone-forwarded.js';
           ╵                                       ~~~~~~~~~~~~~~~~~~~~~~~~~~~~

X [ERROR] Could not resolve "./icons/phone-incoming.js"

    node_modules/lucide-react/dist/esm/lucide-react.js:1235:103:
      1235 │ ...default as PhoneIncomingIcon } from './icons/phone-incoming.js';
           ╵                                        ~~~~~~~~~~~~~~~~~~~~~~~~~~~

X [ERROR] Could not resolve "./icons/phone-off.js"

    node_modules/lucide-react/dist/esm/lucide-react.js:1236:88:
      1236 │ ...PhoneOff, default as PhoneOffIcon } from './icons/phone-off.js';
           ╵                                             ~~~~~~~~~~~~~~~~~~~~~~

X [ERROR] Could not resolve "./icons/phone-missed.js"

    node_modules/lucide-react/dist/esm/lucide-react.js:1237:97:
      1237 │ ...ed, default as PhoneMissedIcon } from './icons/phone-missed.js';
           ╵                                          ~~~~~~~~~~~~~~~~~~~~~~~~~

X [ERROR] Could not resolve "./icons/phone-outgoing.js"

    node_modules/lucide-react/dist/esm/lucide-react.js:1238:103:
      1238 │ ...default as PhoneOutgoingIcon } from './icons/phone-outgoing.js';
           ╵                                        ~~~~~~~~~~~~~~~~~~~~~~~~~~~

X [ERROR] Could not resolve "./icons/pi.js"

    node_modules/lucide-react/dist/esm/lucide-react.js:1239:70:
      1239 │ ...cidePi, default as Pi, default as PiIcon } from './icons/pi.js';
           ╵                                                    ~~~~~~~~~~~~~~~

X [ERROR] Could not resolve "./icons/phone.js"

    node_modules/lucide-react/dist/esm/lucide-react.js:1240:79:
      1240 │ ...efault as Phone, default as PhoneIcon } from './icons/phone.js';
           ╵                                                 ~~~~~~~~~~~~~~~~~~

X [ERROR] Could not resolve "./icons/pickaxe.js"

    node_modules/lucide-react/dist/esm/lucide-react.js:1241:85:
      1241 │ ... as Pickaxe, default as PickaxeIcon } from './icons/pickaxe.js';
           ╵                                               ~~~~~~~~~~~~~~~~~~~~

X [ERROR] Could not resolve "./icons/piano.js"

    node_modules/lucide-react/dist/esm/lucide-react.js:1242:79:
      1242 │ ...efault as Piano, default as PianoIcon } from './icons/piano.js';
           ╵                                                 ~~~~~~~~~~~~~~~~~~

X [ERROR] Could not resolve "./icons/picture-in-picture-2.js"

    node_modules/lucide-react/dist/esm/lucide-react.js:1243:115:
      1243 │ ... PictureInPicture2Icon } from './icons/picture-in-picture-2.js';
           ╵                                  ~~~~~~~~~~~~~~~~~~~~~~~~~~~~~~~~~

X [ERROR] Could not resolve "./icons/picture-in-picture.js"

    node_modules/lucide-react/dist/esm/lucide-react.js:1244:112:
      1244 │ ... as PictureInPictureIcon } from './icons/picture-in-picture.js';
           ╵                                    ~~~~~~~~~~~~~~~~~~~~~~~~~~~~~~~

X [ERROR] Could not resolve "./icons/piggy-bank.js"

    node_modules/lucide-react/dist/esm/lucide-react.js:1245:91:
      1245 │ ...gyBank, default as PiggyBankIcon } from './icons/piggy-bank.js';
           ╵                                            ~~~~~~~~~~~~~~~~~~~~~~~

X [ERROR] Could not resolve "./icons/pilcrow-right.js"

    node_modules/lucide-react/dist/esm/lucide-react.js:1246:100:
      1246 │ ..., default as PilcrowRightIcon } from './icons/pilcrow-right.js';
           ╵                                         ~~~~~~~~~~~~~~~~~~~~~~~~~~

X [ERROR] Could not resolve "./icons/pilcrow-left.js"

    node_modules/lucide-react/dist/esm/lucide-react.js:1247:97:
      1247 │ ...ft, default as PilcrowLeftIcon } from './icons/pilcrow-left.js';
           ╵                                          ~~~~~~~~~~~~~~~~~~~~~~~~~

X [ERROR] Could not resolve "./icons/pilcrow.js"

    node_modules/lucide-react/dist/esm/lucide-react.js:1248:85:
      1248 │ ... as Pilcrow, default as PilcrowIcon } from './icons/pilcrow.js';
           ╵                                               ~~~~~~~~~~~~~~~~~~~~

X [ERROR] Could not resolve "./icons/pill-bottle.js"

    node_modules/lucide-react/dist/esm/lucide-react.js:1249:94:
      1249 │ ...ttle, default as PillBottleIcon } from './icons/pill-bottle.js';
           ╵                                           ~~~~~~~~~~~~~~~~~~~~~~~~

X [ERROR] Could not resolve "./icons/pin-off.js"

    node_modules/lucide-react/dist/esm/lucide-react.js:1250:82:
      1250 │ ...lt as PinOff, default as PinOffIcon } from './icons/pin-off.js';
           ╵                                               ~~~~~~~~~~~~~~~~~~~~

X [ERROR] Could not resolve "./icons/pill.js"

    node_modules/lucide-react/dist/esm/lucide-react.js:1251:76:
      1251 │ ..., default as Pill, default as PillIcon } from './icons/pill.js';
           ╵                                                  ~~~~~~~~~~~~~~~~~

X [ERROR] Could not resolve "./icons/pin.js"

    node_modules/lucide-react/dist/esm/lucide-react.js:1252:73:
      1252 │ ...Pin, default as Pin, default as PinIcon } from './icons/pin.js';
           ╵                                                   ~~~~~~~~~~~~~~~~

X [ERROR] Could not resolve "./icons/pipette.js"

    node_modules/lucide-react/dist/esm/lucide-react.js:1253:85:
      1253 │ ... as Pipette, default as PipetteIcon } from './icons/pipette.js';
           ╵                                               ~~~~~~~~~~~~~~~~~~~~

X [ERROR] Could not resolve "./icons/pizza.js"

    node_modules/lucide-react/dist/esm/lucide-react.js:1254:79:
      1254 │ ...efault as Pizza, default as PizzaIcon } from './icons/pizza.js';
           ╵                                                 ~~~~~~~~~~~~~~~~~~

X [ERROR] Could not resolve "./icons/plane-landing.js"

    node_modules/lucide-react/dist/esm/lucide-react.js:1255:100:
      1255 │ ..., default as PlaneLandingIcon } from './icons/plane-landing.js';
           ╵                                         ~~~~~~~~~~~~~~~~~~~~~~~~~~

X [ERROR] Could not resolve "./icons/plane.js"

    node_modules/lucide-react/dist/esm/lucide-react.js:1256:79:
      1256 │ ...efault as Plane, default as PlaneIcon } from './icons/plane.js';
           ╵                                                 ~~~~~~~~~~~~~~~~~~

X [ERROR] Could not resolve "./icons/plane-takeoff.js"

    node_modules/lucide-react/dist/esm/lucide-react.js:1257:100:
      1257 │ ..., default as PlaneTakeoffIcon } from './icons/plane-takeoff.js';
           ╵                                         ~~~~~~~~~~~~~~~~~~~~~~~~~~

X [ERROR] Could not resolve "./icons/play.js"

    node_modules/lucide-react/dist/esm/lucide-react.js:1258:76:
      1258 │ ..., default as Play, default as PlayIcon } from './icons/play.js';
           ╵                                                  ~~~~~~~~~~~~~~~~~

X [ERROR] Could not resolve "./icons/plug.js"

    node_modules/lucide-react/dist/esm/lucide-react.js:1259:76:
      1259 │ ..., default as Plug, default as PlugIcon } from './icons/plug.js';
           ╵                                                  ~~~~~~~~~~~~~~~~~

X [ERROR] Could not resolve "./icons/plus.js"

    node_modules/lucide-react/dist/esm/lucide-react.js:1260:76:
      1260 │ ..., default as Plus, default as PlusIcon } from './icons/plus.js';
           ╵                                                  ~~~~~~~~~~~~~~~~~

X [ERROR] Could not resolve "./icons/plug-2.js"

    node_modules/lucide-react/dist/esm/lucide-react.js:1261:79:
      1261 │ ...fault as Plug2, default as Plug2Icon } from './icons/plug-2.js';
           ╵                                                ~~~~~~~~~~~~~~~~~~~

X [ERROR] Could not resolve "./icons/pocket-knife.js"

    node_modules/lucide-react/dist/esm/lucide-react.js:1262:97:
      1262 │ ...fe, default as PocketKnifeIcon } from './icons/pocket-knife.js';
           ╵                                          ~~~~~~~~~~~~~~~~~~~~~~~~~

X [ERROR] Could not resolve "./icons/pocket.js"

    node_modules/lucide-react/dist/esm/lucide-react.js:1263:82:
      1263 │ ...ult as Pocket, default as PocketIcon } from './icons/pocket.js';
           ╵                                                ~~~~~~~~~~~~~~~~~~~

X [ERROR] Could not resolve "./icons/podcast.js"

    node_modules/lucide-react/dist/esm/lucide-react.js:1264:85:
      1264 │ ... as Podcast, default as PodcastIcon } from './icons/podcast.js';
           ╵                                               ~~~~~~~~~~~~~~~~~~~~

X [ERROR] Could not resolve "./icons/pointer-off.js"

    node_modules/lucide-react/dist/esm/lucide-react.js:1265:94:
      1265 │ ...rOff, default as PointerOffIcon } from './icons/pointer-off.js';
           ╵                                           ~~~~~~~~~~~~~~~~~~~~~~~~

X [ERROR] Could not resolve "./icons/pointer.js"

    node_modules/lucide-react/dist/esm/lucide-react.js:1266:85:
      1266 │ ... as Pointer, default as PointerIcon } from './icons/pointer.js';
           ╵                                               ~~~~~~~~~~~~~~~~~~~~

X [ERROR] Could not resolve "./icons/popcorn.js"

    node_modules/lucide-react/dist/esm/lucide-react.js:1267:85:
      1267 │ ... as Popcorn, default as PopcornIcon } from './icons/popcorn.js';
           ╵                                               ~~~~~~~~~~~~~~~~~~~~

X [ERROR] Could not resolve "./icons/popsicle.js"

    node_modules/lucide-react/dist/esm/lucide-react.js:1268:88:
      1268 │ ... Popsicle, default as PopsicleIcon } from './icons/popsicle.js';
           ╵                                              ~~~~~~~~~~~~~~~~~~~~~

X [ERROR] Could not resolve "./icons/power-off.js"

    node_modules/lucide-react/dist/esm/lucide-react.js:1269:88:
      1269 │ ...PowerOff, default as PowerOffIcon } from './icons/power-off.js';
           ╵                                             ~~~~~~~~~~~~~~~~~~~~~~

X [ERROR] Could not resolve "./icons/pound-sterling.js"

    node_modules/lucide-react/dist/esm/lucide-react.js:1270:103:
      1270 │ ...default as PoundSterlingIcon } from './icons/pound-sterling.js';
           ╵                                        ~~~~~~~~~~~~~~~~~~~~~~~~~~~

X [ERROR] Could not resolve "./icons/power.js"

    node_modules/lucide-react/dist/esm/lucide-react.js:1271:79:
      1271 │ ...efault as Power, default as PowerIcon } from './icons/power.js';
           ╵                                                 ~~~~~~~~~~~~~~~~~~

X [ERROR] Could not resolve "./icons/presentation.js"

    node_modules/lucide-react/dist/esm/lucide-react.js:1272:100:
      1272 │ ...n, default as PresentationIcon } from './icons/presentation.js';
           ╵                                          ~~~~~~~~~~~~~~~~~~~~~~~~~

X [ERROR] Could not resolve "./icons/printer-check.js"

    node_modules/lucide-react/dist/esm/lucide-react.js:1273:100:
      1273 │ ..., default as PrinterCheckIcon } from './icons/printer-check.js';
           ╵                                         ~~~~~~~~~~~~~~~~~~~~~~~~~~

X [ERROR] Could not resolve "./icons/printer-x.js"

    node_modules/lucide-react/dist/esm/lucide-react.js:1274:88:
      1274 │ ...PrinterX, default as PrinterXIcon } from './icons/printer-x.js';
           ╵                                             ~~~~~~~~~~~~~~~~~~~~~~

X [ERROR] Could not resolve "./icons/printer.js"

    node_modules/lucide-react/dist/esm/lucide-react.js:1275:85:
      1275 │ ... as Printer, default as PrinterIcon } from './icons/printer.js';
           ╵                                               ~~~~~~~~~~~~~~~~~~~~

X [ERROR] Could not resolve "./icons/projector.js"

    node_modules/lucide-react/dist/esm/lucide-react.js:1276:91:
      1276 │ ...ojector, default as ProjectorIcon } from './icons/projector.js';
           ╵                                             ~~~~~~~~~~~~~~~~~~~~~~

X [ERROR] Could not resolve "./icons/puzzle.js"

    node_modules/lucide-react/dist/esm/lucide-react.js:1277:82:
      1277 │ ...ult as Puzzle, default as PuzzleIcon } from './icons/puzzle.js';
           ╵                                                ~~~~~~~~~~~~~~~~~~~

X [ERROR] Could not resolve "./icons/proportions.js"

    node_modules/lucide-react/dist/esm/lucide-react.js:1278:97:
      1278 │ ...ons, default as ProportionsIcon } from './icons/proportions.js';
           ╵                                           ~~~~~~~~~~~~~~~~~~~~~~~~

X [ERROR] Could not resolve "./icons/pyramid.js"

    node_modules/lucide-react/dist/esm/lucide-react.js:1279:85:
      1279 │ ... as Pyramid, default as PyramidIcon } from './icons/pyramid.js';
           ╵                                               ~~~~~~~~~~~~~~~~~~~~

X [ERROR] Could not resolve "./icons/qr-code.js"

    node_modules/lucide-react/dist/esm/lucide-react.js:1280:82:
      1280 │ ...lt as QrCode, default as QrCodeIcon } from './icons/qr-code.js';
           ╵                                               ~~~~~~~~~~~~~~~~~~~~

X [ERROR] Could not resolve "./icons/rabbit.js"

    node_modules/lucide-react/dist/esm/lucide-react.js:1281:82:
      1281 │ ...ult as Rabbit, default as RabbitIcon } from './icons/rabbit.js';
           ╵                                                ~~~~~~~~~~~~~~~~~~~

X [ERROR] Could not resolve "./icons/quote.js"

    node_modules/lucide-react/dist/esm/lucide-react.js:1282:79:
      1282 │ ...efault as Quote, default as QuoteIcon } from './icons/quote.js';
           ╵                                                 ~~~~~~~~~~~~~~~~~~

X [ERROR] Could not resolve "./icons/radar.js"

    node_modules/lucide-react/dist/esm/lucide-react.js:1283:79:
      1283 │ ...efault as Radar, default as RadarIcon } from './icons/radar.js';
           ╵                                                 ~~~~~~~~~~~~~~~~~~

X [ERROR] Could not resolve "./icons/radiation.js"

    node_modules/lucide-react/dist/esm/lucide-react.js:1284:91:
      1284 │ ...diation, default as RadiationIcon } from './icons/radiation.js';
           ╵                                             ~~~~~~~~~~~~~~~~~~~~~~

X [ERROR] Could not resolve "./icons/radical.js"

    node_modules/lucide-react/dist/esm/lucide-react.js:1285:85:
      1285 │ ... as Radical, default as RadicalIcon } from './icons/radical.js';
           ╵                                               ~~~~~~~~~~~~~~~~~~~~

X [ERROR] Could not resolve "./icons/radio-tower.js"

    node_modules/lucide-react/dist/esm/lucide-react.js:1286:94:
      1286 │ ...ower, default as RadioTowerIcon } from './icons/radio-tower.js';
           ╵                                           ~~~~~~~~~~~~~~~~~~~~~~~~

X [ERROR] Could not resolve "./icons/radio-receiver.js"

    node_modules/lucide-react/dist/esm/lucide-react.js:1287:103:
      1287 │ ...default as RadioReceiverIcon } from './icons/radio-receiver.js';
           ╵                                        ~~~~~~~~~~~~~~~~~~~~~~~~~~~

X [ERROR] Could not resolve "./icons/radius.js"

    node_modules/lucide-react/dist/esm/lucide-react.js:1288:82:
      1288 │ ...ult as Radius, default as RadiusIcon } from './icons/radius.js';
           ╵                                                ~~~~~~~~~~~~~~~~~~~

X [ERROR] Could not resolve "./icons/radio.js"

    node_modules/lucide-react/dist/esm/lucide-react.js:1289:79:
      1289 │ ...efault as Radio, default as RadioIcon } from './icons/radio.js';
           ╵                                                 ~~~~~~~~~~~~~~~~~~

X [ERROR] Could not resolve "./icons/rail-symbol.js"

    node_modules/lucide-react/dist/esm/lucide-react.js:1290:94:
      1290 │ ...mbol, default as RailSymbolIcon } from './icons/rail-symbol.js';
           ╵                                           ~~~~~~~~~~~~~~~~~~~~~~~~

X [ERROR] Could not resolve "./icons/rainbow.js"

    node_modules/lucide-react/dist/esm/lucide-react.js:1291:85:
      1291 │ ... as Rainbow, default as RainbowIcon } from './icons/rainbow.js';
           ╵                                               ~~~~~~~~~~~~~~~~~~~~

X [ERROR] Could not resolve "./icons/rat.js"

    node_modules/lucide-react/dist/esm/lucide-react.js:1292:73:
      1292 │ ...Rat, default as Rat, default as RatIcon } from './icons/rat.js';
           ╵                                                   ~~~~~~~~~~~~~~~~

X [ERROR] Could not resolve "./icons/ratio.js"

    node_modules/lucide-react/dist/esm/lucide-react.js:1293:79:
      1293 │ ...efault as Ratio, default as RatioIcon } from './icons/ratio.js';
           ╵                                                 ~~~~~~~~~~~~~~~~~~

X [ERROR] Could not resolve "./icons/receipt-euro.js"

    node_modules/lucide-react/dist/esm/lucide-react.js:1294:97:
      1294 │ ...ro, default as ReceiptEuroIcon } from './icons/receipt-euro.js';
           ╵                                          ~~~~~~~~~~~~~~~~~~~~~~~~~

X [ERROR] Could not resolve "./icons/receipt-cent.js"

    node_modules/lucide-react/dist/esm/lucide-react.js:1295:97:
      1295 │ ...nt, default as ReceiptCentIcon } from './icons/receipt-cent.js';
           ╵                                          ~~~~~~~~~~~~~~~~~~~~~~~~~

X [ERROR] Could not resolve "./icons/receipt-indian-rupee.js"

    node_modules/lucide-react/dist/esm/lucide-react.js:1296:118:
      1296 │ ...ReceiptIndianRupeeIcon } from './icons/receipt-indian-rupee.js';
           ╵                                  ~~~~~~~~~~~~~~~~~~~~~~~~~~~~~~~~~

X [ERROR] Could not resolve "./icons/receipt-japanese-yen.js"

    node_modules/lucide-react/dist/esm/lucide-react.js:1297:118:
      1297 │ ...ReceiptJapaneseYenIcon } from './icons/receipt-japanese-yen.js';
           ╵                                  ~~~~~~~~~~~~~~~~~~~~~~~~~~~~~~~~~

X [ERROR] Could not resolve "./icons/receipt-pound-sterling.js"

    node_modules/lucide-react/dist/esm/lucide-react.js:1298:124:
      1298 │ ...iptPoundSterlingIcon } from './icons/receipt-pound-sterling.js';
           ╵                                ~~~~~~~~~~~~~~~~~~~~~~~~~~~~~~~~~~~

X [ERROR] Could not resolve "./icons/receipt-russian-ruble.js"

    node_modules/lucide-react/dist/esm/lucide-react.js:1299:121:
      1299 │ ...ceiptRussianRubleIcon } from './icons/receipt-russian-ruble.js';
           ╵                                 ~~~~~~~~~~~~~~~~~~~~~~~~~~~~~~~~~~

X [ERROR] Could not resolve "./icons/receipt-swiss-franc.js"

    node_modules/lucide-react/dist/esm/lucide-react.js:1300:115:
      1300 │ ...s ReceiptSwissFrancIcon } from './icons/receipt-swiss-franc.js';
           ╵                                   ~~~~~~~~~~~~~~~~~~~~~~~~~~~~~~~~

X [ERROR] Could not resolve "./icons/receipt-text.js"

    node_modules/lucide-react/dist/esm/lucide-react.js:1301:97:
      1301 │ ...xt, default as ReceiptTextIcon } from './icons/receipt-text.js';
           ╵                                          ~~~~~~~~~~~~~~~~~~~~~~~~~

X [ERROR] Could not resolve "./icons/receipt-turkish-lira.js"

    node_modules/lucide-react/dist/esm/lucide-react.js:1302:118:
      1302 │ ...ReceiptTurkishLiraIcon } from './icons/receipt-turkish-lira.js';
           ╵                                  ~~~~~~~~~~~~~~~~~~~~~~~~~~~~~~~~~

X [ERROR] Could not resolve "./icons/receipt.js"

    node_modules/lucide-react/dist/esm/lucide-react.js:1303:85:
      1303 │ ... as Receipt, default as ReceiptIcon } from './icons/receipt.js';
           ╵                                               ~~~~~~~~~~~~~~~~~~~~

X [ERROR] Could not resolve "./icons/rectangle-circle.js"

    node_modules/lucide-react/dist/esm/lucide-react.js:1304:109:
      1304 │ ...ult as RectangleCircleIcon } from './icons/rectangle-circle.js';
           ╵                                      ~~~~~~~~~~~~~~~~~~~~~~~~~~~~~

X [ERROR] Could not resolve "./icons/rectangle-goggles.js"

    node_modules/lucide-react/dist/esm/lucide-react.js:1305:112:
      1305 │ ...t as RectangleGogglesIcon } from './icons/rectangle-goggles.js';
           ╵                                     ~~~~~~~~~~~~~~~~~~~~~~~~~~~~~~

X [ERROR] Could not resolve "./icons/rectangle-horizontal.js"

    node_modules/lucide-react/dist/esm/lucide-react.js:1306:121:
      1306 │ ...ectangleHorizontalIcon } from './icons/rectangle-horizontal.js';
           ╵                                  ~~~~~~~~~~~~~~~~~~~~~~~~~~~~~~~~~

X [ERROR] Could not resolve "./icons/rectangle-vertical.js"

    node_modules/lucide-react/dist/esm/lucide-react.js:1307:115:
      1307 │ ...as RectangleVerticalIcon } from './icons/rectangle-vertical.js';
           ╵                                    ~~~~~~~~~~~~~~~~~~~~~~~~~~~~~~~

X [ERROR] Could not resolve "./icons/recycle.js"

    node_modules/lucide-react/dist/esm/lucide-react.js:1308:85:
      1308 │ ... as Recycle, default as RecycleIcon } from './icons/recycle.js';
           ╵                                               ~~~~~~~~~~~~~~~~~~~~

X [ERROR] Could not resolve "./icons/redo-2.js"

    node_modules/lucide-react/dist/esm/lucide-react.js:1309:79:
      1309 │ ...fault as Redo2, default as Redo2Icon } from './icons/redo-2.js';
           ╵                                                ~~~~~~~~~~~~~~~~~~~

X [ERROR] Could not resolve "./icons/redo-dot.js"

    node_modules/lucide-react/dist/esm/lucide-react.js:1310:85:
      1310 │ ...as RedoDot, default as RedoDotIcon } from './icons/redo-dot.js';
           ╵                                              ~~~~~~~~~~~~~~~~~~~~~

X [ERROR] Could not resolve "./icons/redo.js"

    node_modules/lucide-react/dist/esm/lucide-react.js:1311:76:
      1311 │ ..., default as Redo, default as RedoIcon } from './icons/redo.js';
           ╵                                                  ~~~~~~~~~~~~~~~~~

X [ERROR] Could not resolve "./icons/refresh-ccw.js"

    node_modules/lucide-react/dist/esm/lucide-react.js:1312:94:
      1312 │ ...hCcw, default as RefreshCcwIcon } from './icons/refresh-ccw.js';
           ╵                                           ~~~~~~~~~~~~~~~~~~~~~~~~

X [ERROR] Could not resolve "./icons/refresh-ccw-dot.js"

    node_modules/lucide-react/dist/esm/lucide-react.js:1313:103:
      1313 │ ...efault as RefreshCcwDotIcon } from './icons/refresh-ccw-dot.js';
           ╵                                       ~~~~~~~~~~~~~~~~~~~~~~~~~~~~

X [ERROR] Could not resolve "./icons/refresh-cw.js"

    node_modules/lucide-react/dist/esm/lucide-react.js:1314:91:
      1314 │ ...reshCw, default as RefreshCwIcon } from './icons/refresh-cw.js';
           ╵                                            ~~~~~~~~~~~~~~~~~~~~~~~

X [ERROR] Could not resolve "./icons/refresh-cw-off.js"

    node_modules/lucide-react/dist/esm/lucide-react.js:1315:100:
      1315 │ ... default as RefreshCwOffIcon } from './icons/refresh-cw-off.js';
           ╵                                        ~~~~~~~~~~~~~~~~~~~~~~~~~~~

X [ERROR] Could not resolve "./icons/refrigerator.js"

    node_modules/lucide-react/dist/esm/lucide-react.js:1316:100:
      1316 │ ...r, default as RefrigeratorIcon } from './icons/refrigerator.js';
           ╵                                          ~~~~~~~~~~~~~~~~~~~~~~~~~

X [ERROR] Could not resolve "./icons/remove-formatting.js"

    node_modules/lucide-react/dist/esm/lucide-react.js:1317:112:
      1317 │ ...t as RemoveFormattingIcon } from './icons/remove-formatting.js';
           ╵                                     ~~~~~~~~~~~~~~~~~~~~~~~~~~~~~~

X [ERROR] Could not resolve "./icons/regex.js"

    node_modules/lucide-react/dist/esm/lucide-react.js:1318:79:
      1318 │ ...efault as Regex, default as RegexIcon } from './icons/regex.js';
           ╵                                                 ~~~~~~~~~~~~~~~~~~

X [ERROR] Could not resolve "./icons/repeat-1.js"

    node_modules/lucide-react/dist/esm/lucide-react.js:1319:85:
      1319 │ ...as Repeat1, default as Repeat1Icon } from './icons/repeat-1.js';
           ╵                                              ~~~~~~~~~~~~~~~~~~~~~

X [ERROR] Could not resolve "./icons/repeat-2.js"

    node_modules/lucide-react/dist/esm/lucide-react.js:1320:85:
      1320 │ ...as Repeat2, default as Repeat2Icon } from './icons/repeat-2.js';
           ╵                                              ~~~~~~~~~~~~~~~~~~~~~

X [ERROR] Could not resolve "./icons/repeat.js"

    node_modules/lucide-react/dist/esm/lucide-react.js:1321:82:
      1321 │ ...ult as Repeat, default as RepeatIcon } from './icons/repeat.js';
           ╵                                                ~~~~~~~~~~~~~~~~~~~

X [ERROR] Could not resolve "./icons/replace-all.js"

    node_modules/lucide-react/dist/esm/lucide-react.js:1322:94:
      1322 │ ...eAll, default as ReplaceAllIcon } from './icons/replace-all.js';
           ╵                                           ~~~~~~~~~~~~~~~~~~~~~~~~

X [ERROR] Could not resolve "./icons/replace.js"

    node_modules/lucide-react/dist/esm/lucide-react.js:1323:85:
      1323 │ ... as Replace, default as ReplaceIcon } from './icons/replace.js';
           ╵                                               ~~~~~~~~~~~~~~~~~~~~

X [ERROR] Could not resolve "./icons/reply-all.js"

    node_modules/lucide-react/dist/esm/lucide-react.js:1324:88:
      1324 │ ...ReplyAll, default as ReplyAllIcon } from './icons/reply-all.js';
           ╵                                             ~~~~~~~~~~~~~~~~~~~~~~

X [ERROR] Could not resolve "./icons/reply.js"

    node_modules/lucide-react/dist/esm/lucide-react.js:1325:79:
      1325 │ ...efault as Reply, default as ReplyIcon } from './icons/reply.js';
           ╵                                                 ~~~~~~~~~~~~~~~~~~

X [ERROR] Could not resolve "./icons/rewind.js"

    node_modules/lucide-react/dist/esm/lucide-react.js:1326:82:
      1326 │ ...ult as Rewind, default as RewindIcon } from './icons/rewind.js';
           ╵                                                ~~~~~~~~~~~~~~~~~~~

X [ERROR] Could not resolve "./icons/rocket.js"

    node_modules/lucide-react/dist/esm/lucide-react.js:1327:82:
      1327 │ ...ult as Rocket, default as RocketIcon } from './icons/rocket.js';
           ╵                                                ~~~~~~~~~~~~~~~~~~~

X [ERROR] Could not resolve "./icons/ribbon.js"

    node_modules/lucide-react/dist/esm/lucide-react.js:1328:82:
      1328 │ ...ult as Ribbon, default as RibbonIcon } from './icons/ribbon.js';
           ╵                                                ~~~~~~~~~~~~~~~~~~~

X [ERROR] Could not resolve "./icons/rocking-chair.js"

    node_modules/lucide-react/dist/esm/lucide-react.js:1329:100:
      1329 │ ..., default as RockingChairIcon } from './icons/rocking-chair.js';
           ╵                                         ~~~~~~~~~~~~~~~~~~~~~~~~~~

X [ERROR] Could not resolve "./icons/roller-coaster.js"

    node_modules/lucide-react/dist/esm/lucide-react.js:1330:103:
      1330 │ ...default as RollerCoasterIcon } from './icons/roller-coaster.js';
           ╵                                        ~~~~~~~~~~~~~~~~~~~~~~~~~~~

X [ERROR] Could not resolve "./icons/rose.js"

    node_modules/lucide-react/dist/esm/lucide-react.js:1331:76:
      1331 │ ..., default as Rose, default as RoseIcon } from './icons/rose.js';
           ╵                                                  ~~~~~~~~~~~~~~~~~

X [ERROR] Could not resolve "./icons/rotate-ccw-key.js"

    node_modules/lucide-react/dist/esm/lucide-react.js:1332:100:
      1332 │ ... default as RotateCcwKeyIcon } from './icons/rotate-ccw-key.js';
           ╵                                        ~~~~~~~~~~~~~~~~~~~~~~~~~~~

X [ERROR] Could not resolve "./icons/rotate-ccw-square.js"

    node_modules/lucide-react/dist/esm/lucide-react.js:1333:109:
      1333 │ ...lt as RotateCcwSquareIcon } from './icons/rotate-ccw-square.js';
           ╵                                     ~~~~~~~~~~~~~~~~~~~~~~~~~~~~~~

X [ERROR] Could not resolve "./icons/rotate-cw-square.js"

    node_modules/lucide-react/dist/esm/lucide-react.js:1334:106:
      1334 │ ...ault as RotateCwSquareIcon } from './icons/rotate-cw-square.js';
           ╵                                      ~~~~~~~~~~~~~~~~~~~~~~~~~~~~~

X [ERROR] Could not resolve "./icons/rotate-ccw.js"

    node_modules/lucide-react/dist/esm/lucide-react.js:1335:91:
      1335 │ ...ateCcw, default as RotateCcwIcon } from './icons/rotate-ccw.js';
           ╵                                            ~~~~~~~~~~~~~~~~~~~~~~~

X [ERROR] Could not resolve "./icons/rotate-cw.js"

    node_modules/lucide-react/dist/esm/lucide-react.js:1336:88:
      1336 │ ...RotateCw, default as RotateCwIcon } from './icons/rotate-cw.js';
           ╵                                             ~~~~~~~~~~~~~~~~~~~~~~

X [ERROR] Could not resolve "./icons/route-off.js"

    node_modules/lucide-react/dist/esm/lucide-react.js:1337:88:
      1337 │ ...RouteOff, default as RouteOffIcon } from './icons/route-off.js';
           ╵                                             ~~~~~~~~~~~~~~~~~~~~~~

X [ERROR] Could not resolve "./icons/route.js"

    node_modules/lucide-react/dist/esm/lucide-react.js:1338:79:
      1338 │ ...efault as Route, default as RouteIcon } from './icons/route.js';
           ╵                                                 ~~~~~~~~~~~~~~~~~~

X [ERROR] Could not resolve "./icons/router.js"

    node_modules/lucide-react/dist/esm/lucide-react.js:1339:82:
      1339 │ ...ult as Router, default as RouterIcon } from './icons/router.js';
           ╵                                                ~~~~~~~~~~~~~~~~~~~

X [ERROR] Could not resolve "./icons/rows-4.js"

    node_modules/lucide-react/dist/esm/lucide-react.js:1340:79:
      1340 │ ...fault as Rows4, default as Rows4Icon } from './icons/rows-4.js';
           ╵                                                ~~~~~~~~~~~~~~~~~~~

X [ERROR] Could not resolve "./icons/rss.js"

    node_modules/lucide-react/dist/esm/lucide-react.js:1341:73:
      1341 │ ...Rss, default as Rss, default as RssIcon } from './icons/rss.js';
           ╵                                                   ~~~~~~~~~~~~~~~~

X [ERROR] Could not resolve "./icons/ruler-dimension-line.js"

    node_modules/lucide-react/dist/esm/lucide-react.js:1342:118:
      1342 │ ...RulerDimensionLineIcon } from './icons/ruler-dimension-line.js';
           ╵                                  ~~~~~~~~~~~~~~~~~~~~~~~~~~~~~~~~~

X [ERROR] Could not resolve "./icons/russian-ruble.js"

    node_modules/lucide-react/dist/esm/lucide-react.js:1343:100:
      1343 │ ..., default as RussianRubleIcon } from './icons/russian-ruble.js';
           ╵                                         ~~~~~~~~~~~~~~~~~~~~~~~~~~

X [ERROR] Could not resolve "./icons/sailboat.js"

    node_modules/lucide-react/dist/esm/lucide-react.js:1344:88:
      1344 │ ... Sailboat, default as SailboatIcon } from './icons/sailboat.js';
           ╵                                              ~~~~~~~~~~~~~~~~~~~~~

X [ERROR] Could not resolve "./icons/ruler.js"

    node_modules/lucide-react/dist/esm/lucide-react.js:1345:79:
      1345 │ ...efault as Ruler, default as RulerIcon } from './icons/ruler.js';
           ╵                                                 ~~~~~~~~~~~~~~~~~~

X [ERROR] Could not resolve "./icons/salad.js"

    node_modules/lucide-react/dist/esm/lucide-react.js:1346:79:
      1346 │ ...efault as Salad, default as SaladIcon } from './icons/salad.js';
           ╵                                                 ~~~~~~~~~~~~~~~~~~

X [ERROR] Could not resolve "./icons/sandwich.js"

    node_modules/lucide-react/dist/esm/lucide-react.js:1347:88:
      1347 │ ... Sandwich, default as SandwichIcon } from './icons/sandwich.js';
           ╵                                              ~~~~~~~~~~~~~~~~~~~~~

X [ERROR] Could not resolve "./icons/satellite-dish.js"

    node_modules/lucide-react/dist/esm/lucide-react.js:1348:103:
      1348 │ ...default as SatelliteDishIcon } from './icons/satellite-dish.js';
           ╵                                        ~~~~~~~~~~~~~~~~~~~~~~~~~~~

X [ERROR] Could not resolve "./icons/saudi-riyal.js"

    node_modules/lucide-react/dist/esm/lucide-react.js:1349:94:
      1349 │ ...iyal, default as SaudiRiyalIcon } from './icons/saudi-riyal.js';
           ╵                                           ~~~~~~~~~~~~~~~~~~~~~~~~

X [ERROR] Could not resolve "./icons/satellite.js"

    node_modules/lucide-react/dist/esm/lucide-react.js:1350:91:
      1350 │ ...tellite, default as SatelliteIcon } from './icons/satellite.js';
           ╵                                             ~~~~~~~~~~~~~~~~~~~~~~

X [ERROR] Could not resolve "./icons/save-all.js"

    node_modules/lucide-react/dist/esm/lucide-react.js:1351:85:
      1351 │ ...as SaveAll, default as SaveAllIcon } from './icons/save-all.js';
           ╵                                              ~~~~~~~~~~~~~~~~~~~~~

X [ERROR] Could not resolve "./icons/save.js"

    node_modules/lucide-react/dist/esm/lucide-react.js:1352:76:
      1352 │ ..., default as Save, default as SaveIcon } from './icons/save.js';
           ╵                                                  ~~~~~~~~~~~~~~~~~

X [ERROR] Could not resolve "./icons/save-off.js"

    node_modules/lucide-react/dist/esm/lucide-react.js:1353:85:
      1353 │ ...as SaveOff, default as SaveOffIcon } from './icons/save-off.js';
           ╵                                              ~~~~~~~~~~~~~~~~~~~~~

X [ERROR] Could not resolve "./icons/scale.js"

    node_modules/lucide-react/dist/esm/lucide-react.js:1354:79:
      1354 │ ...efault as Scale, default as ScaleIcon } from './icons/scale.js';
           ╵                                                 ~~~~~~~~~~~~~~~~~~

X [ERROR] Could not resolve "./icons/scaling.js"

    node_modules/lucide-react/dist/esm/lucide-react.js:1355:85:
      1355 │ ... as Scaling, default as ScalingIcon } from './icons/scaling.js';
           ╵                                               ~~~~~~~~~~~~~~~~~~~~

X [ERROR] Could not resolve "./icons/scan-barcode.js"

    node_modules/lucide-react/dist/esm/lucide-react.js:1356:97:
      1356 │ ...de, default as ScanBarcodeIcon } from './icons/scan-barcode.js';
           ╵                                          ~~~~~~~~~~~~~~~~~~~~~~~~~

X [ERROR] Could not resolve "./icons/scan-face.js"

    node_modules/lucide-react/dist/esm/lucide-react.js:1357:88:
      1357 │ ...ScanFace, default as ScanFaceIcon } from './icons/scan-face.js';
           ╵                                             ~~~~~~~~~~~~~~~~~~~~~~

X [ERROR] Could not resolve "./icons/scan-heart.js"

    node_modules/lucide-react/dist/esm/lucide-react.js:1358:91:
      1358 │ ...nHeart, default as ScanHeartIcon } from './icons/scan-heart.js';
           ╵                                            ~~~~~~~~~~~~~~~~~~~~~~~

X [ERROR] Could not resolve "./icons/scan-eye.js"

    node_modules/lucide-react/dist/esm/lucide-react.js:1359:85:
      1359 │ ...as ScanEye, default as ScanEyeIcon } from './icons/scan-eye.js';
           ╵                                              ~~~~~~~~~~~~~~~~~~~~~

X [ERROR] Could not resolve "./icons/scan-line.js"

    node_modules/lucide-react/dist/esm/lucide-react.js:1360:88:
      1360 │ ...ScanLine, default as ScanLineIcon } from './icons/scan-line.js';
           ╵                                             ~~~~~~~~~~~~~~~~~~~~~~

X [ERROR] Could not resolve "./icons/scan-qr-code.js"

    node_modules/lucide-react/dist/esm/lucide-react.js:1361:94:
      1361 │ ...ode, default as ScanQrCodeIcon } from './icons/scan-qr-code.js';
           ╵                                          ~~~~~~~~~~~~~~~~~~~~~~~~~

X [ERROR] Could not resolve "./icons/scan-search.js"

    node_modules/lucide-react/dist/esm/lucide-react.js:1362:94:
      1362 │ ...arch, default as ScanSearchIcon } from './icons/scan-search.js';
           ╵                                           ~~~~~~~~~~~~~~~~~~~~~~~~

X [ERROR] Could not resolve "./icons/scan-text.js"

    node_modules/lucide-react/dist/esm/lucide-react.js:1363:88:
      1363 │ ...ScanText, default as ScanTextIcon } from './icons/scan-text.js';
           ╵                                             ~~~~~~~~~~~~~~~~~~~~~~

X [ERROR] Could not resolve "./icons/scan.js"

    node_modules/lucide-react/dist/esm/lucide-react.js:1364:76:
      1364 │ ..., default as Scan, default as ScanIcon } from './icons/scan.js';
           ╵                                                  ~~~~~~~~~~~~~~~~~

X [ERROR] Could not resolve "./icons/school.js"

    node_modules/lucide-react/dist/esm/lucide-react.js:1365:82:
      1365 │ ...ult as School, default as SchoolIcon } from './icons/school.js';
           ╵                                                ~~~~~~~~~~~~~~~~~~~

X [ERROR] Could not resolve "./icons/scissors-line-dashed.js"

    node_modules/lucide-react/dist/esm/lucide-react.js:1366:118:
      1366 │ ...ScissorsLineDashedIcon } from './icons/scissors-line-dashed.js';
           ╵                                  ~~~~~~~~~~~~~~~~~~~~~~~~~~~~~~~~~

X [ERROR] Could not resolve "./icons/scissors.js"

    node_modules/lucide-react/dist/esm/lucide-react.js:1367:88:
      1367 │ ... Scissors, default as ScissorsIcon } from './icons/scissors.js';
           ╵                                              ~~~~~~~~~~~~~~~~~~~~~

X [ERROR] Could not resolve "./icons/scooter.js"

    node_modules/lucide-react/dist/esm/lucide-react.js:1368:85:
      1368 │ ... as Scooter, default as ScooterIcon } from './icons/scooter.js';
           ╵                                               ~~~~~~~~~~~~~~~~~~~~

X [ERROR] Could not resolve "./icons/screen-share-off.js"

    node_modules/lucide-react/dist/esm/lucide-react.js:1369:106:
      1369 │ ...ault as ScreenShareOffIcon } from './icons/screen-share-off.js';
           ╵                                      ~~~~~~~~~~~~~~~~~~~~~~~~~~~~~

X [ERROR] Could not resolve "./icons/screen-share.js"

    node_modules/lucide-react/dist/esm/lucide-react.js:1370:97:
      1370 │ ...re, default as ScreenShareIcon } from './icons/screen-share.js';
           ╵                                          ~~~~~~~~~~~~~~~~~~~~~~~~~

X [ERROR] Could not resolve "./icons/scroll-text.js"

    node_modules/lucide-react/dist/esm/lucide-react.js:1371:94:
      1371 │ ...Text, default as ScrollTextIcon } from './icons/scroll-text.js';
           ╵                                           ~~~~~~~~~~~~~~~~~~~~~~~~

X [ERROR] Could not resolve "./icons/scroll.js"

    node_modules/lucide-react/dist/esm/lucide-react.js:1372:82:
      1372 │ ...ult as Scroll, default as ScrollIcon } from './icons/scroll.js';
           ╵                                                ~~~~~~~~~~~~~~~~~~~

X [ERROR] Could not resolve "./icons/search-alert.js"

    node_modules/lucide-react/dist/esm/lucide-react.js:1373:97:
      1373 │ ...rt, default as SearchAlertIcon } from './icons/search-alert.js';
           ╵                                          ~~~~~~~~~~~~~~~~~~~~~~~~~

X [ERROR] Could not resolve "./icons/search-check.js"

    node_modules/lucide-react/dist/esm/lucide-react.js:1374:97:
      1374 │ ...ck, default as SearchCheckIcon } from './icons/search-check.js';
           ╵                                          ~~~~~~~~~~~~~~~~~~~~~~~~~

X [ERROR] Could not resolve "./icons/search-code.js"

    node_modules/lucide-react/dist/esm/lucide-react.js:1375:94:
      1375 │ ...Code, default as SearchCodeIcon } from './icons/search-code.js';
           ╵                                           ~~~~~~~~~~~~~~~~~~~~~~~~

X [ERROR] Could not resolve "./icons/search-slash.js"

    node_modules/lucide-react/dist/esm/lucide-react.js:1376:97:
      1376 │ ...sh, default as SearchSlashIcon } from './icons/search-slash.js';
           ╵                                          ~~~~~~~~~~~~~~~~~~~~~~~~~

X [ERROR] Could not resolve "./icons/search-x.js"

    node_modules/lucide-react/dist/esm/lucide-react.js:1377:85:
      1377 │ ...as SearchX, default as SearchXIcon } from './icons/search-x.js';
           ╵                                              ~~~~~~~~~~~~~~~~~~~~~

X [ERROR] Could not resolve "./icons/search.js"

    node_modules/lucide-react/dist/esm/lucide-react.js:1378:82:
      1378 │ ...ult as Search, default as SearchIcon } from './icons/search.js';
           ╵                                                ~~~~~~~~~~~~~~~~~~~

X [ERROR] Could not resolve "./icons/section.js"

    node_modules/lucide-react/dist/esm/lucide-react.js:1379:85:
      1379 │ ... as Section, default as SectionIcon } from './icons/section.js';
           ╵                                               ~~~~~~~~~~~~~~~~~~~~

X [ERROR] Could not resolve "./icons/send-to-back.js"

    node_modules/lucide-react/dist/esm/lucide-react.js:1380:94:
      1380 │ ...ack, default as SendToBackIcon } from './icons/send-to-back.js';
           ╵                                          ~~~~~~~~~~~~~~~~~~~~~~~~~

X [ERROR] Could not resolve "./icons/send.js"

    node_modules/lucide-react/dist/esm/lucide-react.js:1381:76:
      1381 │ ..., default as Send, default as SendIcon } from './icons/send.js';
           ╵                                                  ~~~~~~~~~~~~~~~~~

X [ERROR] Could not resolve "./icons/separator-horizontal.js"

    node_modules/lucide-react/dist/esm/lucide-react.js:1382:121:
      1382 │ ...eparatorHorizontalIcon } from './icons/separator-horizontal.js';
           ╵                                  ~~~~~~~~~~~~~~~~~~~~~~~~~~~~~~~~~

X [ERROR] Could not resolve "./icons/separator-vertical.js"

    node_modules/lucide-react/dist/esm/lucide-react.js:1383:115:
      1383 │ ...as SeparatorVerticalIcon } from './icons/separator-vertical.js';
           ╵                                    ~~~~~~~~~~~~~~~~~~~~~~~~~~~~~~~

X [ERROR] Could not resolve "./icons/server-cog.js"

    node_modules/lucide-react/dist/esm/lucide-react.js:1384:91:
      1384 │ ...verCog, default as ServerCogIcon } from './icons/server-cog.js';
           ╵                                            ~~~~~~~~~~~~~~~~~~~~~~~

X [ERROR] Could not resolve "./icons/server-crash.js"

    node_modules/lucide-react/dist/esm/lucide-react.js:1385:97:
      1385 │ ...sh, default as ServerCrashIcon } from './icons/server-crash.js';
           ╵                                          ~~~~~~~~~~~~~~~~~~~~~~~~~

X [ERROR] Could not resolve "./icons/server.js"

    node_modules/lucide-react/dist/esm/lucide-react.js:1386:82:
      1386 │ ...ult as Server, default as ServerIcon } from './icons/server.js';
           ╵                                                ~~~~~~~~~~~~~~~~~~~

X [ERROR] Could not resolve "./icons/settings-2.js"

    node_modules/lucide-react/dist/esm/lucide-react.js:1387:91:
      1387 │ ...tings2, default as Settings2Icon } from './icons/settings-2.js';
           ╵                                            ~~~~~~~~~~~~~~~~~~~~~~~

X [ERROR] Could not resolve "./icons/server-off.js"

    node_modules/lucide-react/dist/esm/lucide-react.js:1388:91:
      1388 │ ...verOff, default as ServerOffIcon } from './icons/server-off.js';
           ╵                                            ~~~~~~~~~~~~~~~~~~~~~~~

X [ERROR] Could not resolve "./icons/settings.js"

    node_modules/lucide-react/dist/esm/lucide-react.js:1389:88:
      1389 │ ... Settings, default as SettingsIcon } from './icons/settings.js';
           ╵                                              ~~~~~~~~~~~~~~~~~~~~~

X [ERROR] Could not resolve "./icons/shapes.js"

    node_modules/lucide-react/dist/esm/lucide-react.js:1390:82:
      1390 │ ...ult as Shapes, default as ShapesIcon } from './icons/shapes.js';
           ╵                                                ~~~~~~~~~~~~~~~~~~~

X [ERROR] Could not resolve "./icons/share-2.js"

    node_modules/lucide-react/dist/esm/lucide-react.js:1391:82:
      1391 │ ...lt as Share2, default as Share2Icon } from './icons/share-2.js';
           ╵                                               ~~~~~~~~~~~~~~~~~~~~

X [ERROR] Could not resolve "./icons/share.js"

    node_modules/lucide-react/dist/esm/lucide-react.js:1392:79:
      1392 │ ...efault as Share, default as ShareIcon } from './icons/share.js';
           ╵                                                 ~~~~~~~~~~~~~~~~~~

X [ERROR] Could not resolve "./icons/shell.js"

    node_modules/lucide-react/dist/esm/lucide-react.js:1393:79:
      1393 │ ...efault as Shell, default as ShellIcon } from './icons/shell.js';
           ╵                                                 ~~~~~~~~~~~~~~~~~~

X [ERROR] Could not resolve "./icons/sheet.js"

    node_modules/lucide-react/dist/esm/lucide-react.js:1394:79:
      1394 │ ...efault as Sheet, default as SheetIcon } from './icons/sheet.js';
           ╵                                                 ~~~~~~~~~~~~~~~~~~

X [ERROR] Could not resolve "./icons/shelving-unit.js"

    node_modules/lucide-react/dist/esm/lucide-react.js:1395:100:
      1395 │ ..., default as ShelvingUnitIcon } from './icons/shelving-unit.js';
           ╵                                         ~~~~~~~~~~~~~~~~~~~~~~~~~~

X [ERROR] Could not resolve "./icons/shield-ban.js"

    node_modules/lucide-react/dist/esm/lucide-react.js:1396:91:
      1396 │ ...eldBan, default as ShieldBanIcon } from './icons/shield-ban.js';
           ╵                                            ~~~~~~~~~~~~~~~~~~~~~~~

X [ERROR] Could not resolve "./icons/shield-alert.js"

    node_modules/lucide-react/dist/esm/lucide-react.js:1397:97:
      1397 │ ...rt, default as ShieldAlertIcon } from './icons/shield-alert.js';
           ╵                                          ~~~~~~~~~~~~~~~~~~~~~~~~~

X [ERROR] Could not resolve "./icons/shield-check.js"

    node_modules/lucide-react/dist/esm/lucide-react.js:1398:97:
      1398 │ ...ck, default as ShieldCheckIcon } from './icons/shield-check.js';
           ╵                                          ~~~~~~~~~~~~~~~~~~~~~~~~~

X [ERROR] Could not resolve "./icons/shield-ellipsis.js"

    node_modules/lucide-react/dist/esm/lucide-react.js:1399:106:
      1399 │ ...fault as ShieldEllipsisIcon } from './icons/shield-ellipsis.js';
           ╵                                       ~~~~~~~~~~~~~~~~~~~~~~~~~~~~

X [ERROR] Could not resolve "./icons/shield-half.js"

    node_modules/lucide-react/dist/esm/lucide-react.js:1400:94:
      1400 │ ...Half, default as ShieldHalfIcon } from './icons/shield-half.js';
           ╵                                           ~~~~~~~~~~~~~~~~~~~~~~~~

X [ERROR] Could not resolve "./icons/shield-minus.js"

    node_modules/lucide-react/dist/esm/lucide-react.js:1401:97:
      1401 │ ...us, default as ShieldMinusIcon } from './icons/shield-minus.js';
           ╵                                          ~~~~~~~~~~~~~~~~~~~~~~~~~

X [ERROR] Could not resolve "./icons/shield-off.js"

    node_modules/lucide-react/dist/esm/lucide-react.js:1402:91:
      1402 │ ...eldOff, default as ShieldOffIcon } from './icons/shield-off.js';
           ╵                                            ~~~~~~~~~~~~~~~~~~~~~~~

X [ERROR] Could not resolve "./icons/shield-plus.js"

    node_modules/lucide-react/dist/esm/lucide-react.js:1403:94:
      1403 │ ...Plus, default as ShieldPlusIcon } from './icons/shield-plus.js';
           ╵                                           ~~~~~~~~~~~~~~~~~~~~~~~~

X [ERROR] Could not resolve "./icons/shield-user.js"

    node_modules/lucide-react/dist/esm/lucide-react.js:1404:94:
      1404 │ ...User, default as ShieldUserIcon } from './icons/shield-user.js';
           ╵                                           ~~~~~~~~~~~~~~~~~~~~~~~~

X [ERROR] Could not resolve "./icons/shield.js"

    node_modules/lucide-react/dist/esm/lucide-react.js:1405:82:
      1405 │ ...ult as Shield, default as ShieldIcon } from './icons/shield.js';
           ╵                                                ~~~~~~~~~~~~~~~~~~~

X [ERROR] Could not resolve "./icons/ship-wheel.js"

    node_modules/lucide-react/dist/esm/lucide-react.js:1406:91:
      1406 │ ...pWheel, default as ShipWheelIcon } from './icons/ship-wheel.js';
           ╵                                            ~~~~~~~~~~~~~~~~~~~~~~~

X [ERROR] Could not resolve "./icons/ship.js"

    node_modules/lucide-react/dist/esm/lucide-react.js:1407:76:
      1407 │ ..., default as Ship, default as ShipIcon } from './icons/ship.js';
           ╵                                                  ~~~~~~~~~~~~~~~~~

X [ERROR] Could not resolve "./icons/shirt.js"

    node_modules/lucide-react/dist/esm/lucide-react.js:1408:79:
      1408 │ ...efault as Shirt, default as ShirtIcon } from './icons/shirt.js';
           ╵                                                 ~~~~~~~~~~~~~~~~~~

X [ERROR] Could not resolve "./icons/shopping-bag.js"

    node_modules/lucide-react/dist/esm/lucide-react.js:1409:97:
      1409 │ ...ag, default as ShoppingBagIcon } from './icons/shopping-bag.js';
           ╵                                          ~~~~~~~~~~~~~~~~~~~~~~~~~

X [ERROR] Could not resolve "./icons/shopping-basket.js"

    node_modules/lucide-react/dist/esm/lucide-react.js:1410:106:
      1410 │ ...fault as ShoppingBasketIcon } from './icons/shopping-basket.js';
           ╵                                       ~~~~~~~~~~~~~~~~~~~~~~~~~~~~

X [ERROR] Could not resolve "./icons/shopping-cart.js"

    node_modules/lucide-react/dist/esm/lucide-react.js:1411:100:
      1411 │ ..., default as ShoppingCartIcon } from './icons/shopping-cart.js';
           ╵                                         ~~~~~~~~~~~~~~~~~~~~~~~~~~

X [ERROR] Could not resolve "./icons/shovel.js"

    node_modules/lucide-react/dist/esm/lucide-react.js:1412:82:
      1412 │ ...ult as Shovel, default as ShovelIcon } from './icons/shovel.js';
           ╵                                                ~~~~~~~~~~~~~~~~~~~

X [ERROR] Could not resolve "./icons/shower-head.js"

    node_modules/lucide-react/dist/esm/lucide-react.js:1413:94:
      1413 │ ...Head, default as ShowerHeadIcon } from './icons/shower-head.js';
           ╵                                           ~~~~~~~~~~~~~~~~~~~~~~~~

X [ERROR] Could not resolve "./icons/shredder.js"

    node_modules/lucide-react/dist/esm/lucide-react.js:1414:88:
      1414 │ ... Shredder, default as ShredderIcon } from './icons/shredder.js';
           ╵                                              ~~~~~~~~~~~~~~~~~~~~~

X [ERROR] Could not resolve "./icons/shrimp.js"

    node_modules/lucide-react/dist/esm/lucide-react.js:1415:82:
      1415 │ ...ult as Shrimp, default as ShrimpIcon } from './icons/shrimp.js';
           ╵                                                ~~~~~~~~~~~~~~~~~~~

X [ERROR] Could not resolve "./icons/shrink.js"

    node_modules/lucide-react/dist/esm/lucide-react.js:1416:82:
      1416 │ ...ult as Shrink, default as ShrinkIcon } from './icons/shrink.js';
           ╵                                                ~~~~~~~~~~~~~~~~~~~

X [ERROR] Could not resolve "./icons/shuffle.js"

    node_modules/lucide-react/dist/esm/lucide-react.js:1417:85:
      1417 │ ... as Shuffle, default as ShuffleIcon } from './icons/shuffle.js';
           ╵                                               ~~~~~~~~~~~~~~~~~~~~

X [ERROR] Could not resolve "./icons/shrub.js"

    node_modules/lucide-react/dist/esm/lucide-react.js:1418:79:
      1418 │ ...efault as Shrub, default as ShrubIcon } from './icons/shrub.js';
           ╵                                                 ~~~~~~~~~~~~~~~~~~

X [ERROR] Could not resolve "./icons/signal-high.js"

    node_modules/lucide-react/dist/esm/lucide-react.js:1419:94:
      1419 │ ...High, default as SignalHighIcon } from './icons/signal-high.js';
           ╵                                           ~~~~~~~~~~~~~~~~~~~~~~~~

X [ERROR] Could not resolve "./icons/signal-low.js"

    node_modules/lucide-react/dist/esm/lucide-react.js:1420:91:
      1420 │ ...nalLow, default as SignalLowIcon } from './icons/signal-low.js';
           ╵                                            ~~~~~~~~~~~~~~~~~~~~~~~

X [ERROR] Could not resolve "./icons/sigma.js"

    node_modules/lucide-react/dist/esm/lucide-react.js:1421:79:
      1421 │ ...efault as Sigma, default as SigmaIcon } from './icons/sigma.js';
           ╵                                                 ~~~~~~~~~~~~~~~~~~

X [ERROR] Could not resolve "./icons/signal-medium.js"

    node_modules/lucide-react/dist/esm/lucide-react.js:1422:100:
      1422 │ ..., default as SignalMediumIcon } from './icons/signal-medium.js';
           ╵                                         ~~~~~~~~~~~~~~~~~~~~~~~~~~

X [ERROR] Could not resolve "./icons/signal-zero.js"

    node_modules/lucide-react/dist/esm/lucide-react.js:1423:94:
      1423 │ ...Zero, default as SignalZeroIcon } from './icons/signal-zero.js';
           ╵                                           ~~~~~~~~~~~~~~~~~~~~~~~~

X [ERROR] Could not resolve "./icons/signal.js"

    node_modules/lucide-react/dist/esm/lucide-react.js:1424:82:
      1424 │ ...ult as Signal, default as SignalIcon } from './icons/signal.js';
           ╵                                                ~~~~~~~~~~~~~~~~~~~

X [ERROR] Could not resolve "./icons/signature.js"

    node_modules/lucide-react/dist/esm/lucide-react.js:1425:91:
      1425 │ ...gnature, default as SignatureIcon } from './icons/signature.js';
           ╵                                             ~~~~~~~~~~~~~~~~~~~~~~

X [ERROR] Could not resolve "./icons/signpost.js"

    node_modules/lucide-react/dist/esm/lucide-react.js:1426:88:
      1426 │ ... Signpost, default as SignpostIcon } from './icons/signpost.js';
           ╵                                              ~~~~~~~~~~~~~~~~~~~~~

X [ERROR] Could not resolve "./icons/signpost-big.js"

    node_modules/lucide-react/dist/esm/lucide-react.js:1427:97:
      1427 │ ...ig, default as SignpostBigIcon } from './icons/signpost-big.js';
           ╵                                          ~~~~~~~~~~~~~~~~~~~~~~~~~

X [ERROR] Could not resolve "./icons/siren.js"

    node_modules/lucide-react/dist/esm/lucide-react.js:1428:79:
      1428 │ ...efault as Siren, default as SirenIcon } from './icons/siren.js';
           ╵                                                 ~~~~~~~~~~~~~~~~~~

X [ERROR] Could not resolve "./icons/skip-back.js"

    node_modules/lucide-react/dist/esm/lucide-react.js:1429:88:
      1429 │ ...SkipBack, default as SkipBackIcon } from './icons/skip-back.js';
           ╵                                             ~~~~~~~~~~~~~~~~~~~~~~

X [ERROR] Could not resolve "./icons/skip-forward.js"

    node_modules/lucide-react/dist/esm/lucide-react.js:1430:97:
      1430 │ ...rd, default as SkipForwardIcon } from './icons/skip-forward.js';
           ╵                                          ~~~~~~~~~~~~~~~~~~~~~~~~~

X [ERROR] Could not resolve "./icons/skull.js"

    node_modules/lucide-react/dist/esm/lucide-react.js:1431:79:
      1431 │ ...efault as Skull, default as SkullIcon } from './icons/skull.js';
           ╵                                                 ~~~~~~~~~~~~~~~~~~

X [ERROR] Could not resolve "./icons/slack.js"

    node_modules/lucide-react/dist/esm/lucide-react.js:1432:79:
      1432 │ ...efault as Slack, default as SlackIcon } from './icons/slack.js';
           ╵                                                 ~~~~~~~~~~~~~~~~~~

X [ERROR] Could not resolve "./icons/slash.js"

    node_modules/lucide-react/dist/esm/lucide-react.js:1433:79:
      1433 │ ...efault as Slash, default as SlashIcon } from './icons/slash.js';
           ╵                                                 ~~~~~~~~~~~~~~~~~~

X [ERROR] Could not resolve "./icons/slice.js"

    node_modules/lucide-react/dist/esm/lucide-react.js:1434:79:
      1434 │ ...efault as Slice, default as SliceIcon } from './icons/slice.js';
           ╵                                                 ~~~~~~~~~~~~~~~~~~

X [ERROR] Could not resolve "./icons/sliders-horizontal.js"

    node_modules/lucide-react/dist/esm/lucide-react.js:1435:115:
      1435 │ ...as SlidersHorizontalIcon } from './icons/sliders-horizontal.js';
           ╵                                    ~~~~~~~~~~~~~~~~~~~~~~~~~~~~~~~

X [ERROR] Could not resolve "./icons/smartphone-charging.js"

    node_modules/lucide-react/dist/esm/lucide-react.js:1436:118:
      1436 │ ... SmartphoneChargingIcon } from './icons/smartphone-charging.js';
           ╵                                   ~~~~~~~~~~~~~~~~~~~~~~~~~~~~~~~~

X [ERROR] Could not resolve "./icons/smartphone-nfc.js"

    node_modules/lucide-react/dist/esm/lucide-react.js:1437:103:
      1437 │ ...default as SmartphoneNfcIcon } from './icons/smartphone-nfc.js';
           ╵                                        ~~~~~~~~~~~~~~~~~~~~~~~~~~~

X [ERROR] Could not resolve "./icons/smartphone.js"

    node_modules/lucide-react/dist/esm/lucide-react.js:1438:94:
      1438 │ ...phone, default as SmartphoneIcon } from './icons/smartphone.js';
           ╵                                            ~~~~~~~~~~~~~~~~~~~~~~~

X [ERROR] Could not resolve "./icons/smile.js"

    node_modules/lucide-react/dist/esm/lucide-react.js:1439:79:
      1439 │ ...efault as Smile, default as SmileIcon } from './icons/smile.js';
           ╵                                                 ~~~~~~~~~~~~~~~~~~

X [ERROR] Could not resolve "./icons/smile-plus.js"

    node_modules/lucide-react/dist/esm/lucide-react.js:1440:91:
      1440 │ ...lePlus, default as SmilePlusIcon } from './icons/smile-plus.js';
           ╵                                            ~~~~~~~~~~~~~~~~~~~~~~~

X [ERROR] Could not resolve "./icons/snail.js"

    node_modules/lucide-react/dist/esm/lucide-react.js:1441:79:
      1441 │ ...efault as Snail, default as SnailIcon } from './icons/snail.js';
           ╵                                                 ~~~~~~~~~~~~~~~~~~

X [ERROR] Could not resolve "./icons/snowflake.js"

    node_modules/lucide-react/dist/esm/lucide-react.js:1442:91:
      1442 │ ...owflake, default as SnowflakeIcon } from './icons/snowflake.js';
           ╵                                             ~~~~~~~~~~~~~~~~~~~~~~

X [ERROR] Could not resolve "./icons/soap-dispenser-droplet.js"

    node_modules/lucide-react/dist/esm/lucide-react.js:1443:124:
      1443 │ ...DispenserDropletIcon } from './icons/soap-dispenser-droplet.js';
           ╵                                ~~~~~~~~~~~~~~~~~~~~~~~~~~~~~~~~~~~

X [ERROR] Could not resolve "./icons/sofa.js"

    node_modules/lucide-react/dist/esm/lucide-react.js:1444:76:
      1444 │ ..., default as Sofa, default as SofaIcon } from './icons/sofa.js';
           ╵                                                  ~~~~~~~~~~~~~~~~~

X [ERROR] Could not resolve "./icons/solar-panel.js"

    node_modules/lucide-react/dist/esm/lucide-react.js:1445:94:
      1445 │ ...anel, default as SolarPanelIcon } from './icons/solar-panel.js';
           ╵                                           ~~~~~~~~~~~~~~~~~~~~~~~~

X [ERROR] Could not resolve "./icons/space.js"

    node_modules/lucide-react/dist/esm/lucide-react.js:1446:79:
      1446 │ ...efault as Space, default as SpaceIcon } from './icons/space.js';
           ╵                                                 ~~~~~~~~~~~~~~~~~~

X [ERROR] Could not resolve "./icons/spade.js"

    node_modules/lucide-react/dist/esm/lucide-react.js:1447:79:
      1447 │ ...efault as Spade, default as SpadeIcon } from './icons/spade.js';
           ╵                                                 ~~~~~~~~~~~~~~~~~~

X [ERROR] Could not resolve "./icons/soup.js"

    node_modules/lucide-react/dist/esm/lucide-react.js:1448:76:
      1448 │ ..., default as Soup, default as SoupIcon } from './icons/soup.js';
           ╵                                                  ~~~~~~~~~~~~~~~~~

X [ERROR] Could not resolve "./icons/sparkle.js"

    node_modules/lucide-react/dist/esm/lucide-react.js:1449:85:
      1449 │ ... as Sparkle, default as SparkleIcon } from './icons/sparkle.js';
           ╵                                               ~~~~~~~~~~~~~~~~~~~~

X [ERROR] Could not resolve "./icons/speaker.js"

    node_modules/lucide-react/dist/esm/lucide-react.js:1450:85:
      1450 │ ... as Speaker, default as SpeakerIcon } from './icons/speaker.js';
           ╵                                               ~~~~~~~~~~~~~~~~~~~~

X [ERROR] Could not resolve "./icons/speech.js"

    node_modules/lucide-react/dist/esm/lucide-react.js:1451:82:
      1451 │ ...ult as Speech, default as SpeechIcon } from './icons/speech.js';
           ╵                                                ~~~~~~~~~~~~~~~~~~~

X [ERROR] Could not resolve "./icons/spell-check.js"

    node_modules/lucide-react/dist/esm/lucide-react.js:1452:94:
      1452 │ ...heck, default as SpellCheckIcon } from './icons/spell-check.js';
           ╵                                           ~~~~~~~~~~~~~~~~~~~~~~~~

X [ERROR] Could not resolve "./icons/spline-pointer.js"

    node_modules/lucide-react/dist/esm/lucide-react.js:1453:103:
      1453 │ ...default as SplinePointerIcon } from './icons/spline-pointer.js';
           ╵                                        ~~~~~~~~~~~~~~~~~~~~~~~~~~~

X [ERROR] Could not resolve "./icons/spell-check-2.js"

    node_modules/lucide-react/dist/esm/lucide-react.js:1454:97:
      1454 │ ...2, default as SpellCheck2Icon } from './icons/spell-check-2.js';
           ╵                                         ~~~~~~~~~~~~~~~~~~~~~~~~~~

X [ERROR] Could not resolve "./icons/spline.js"

    node_modules/lucide-react/dist/esm/lucide-react.js:1455:82:
      1455 │ ...ult as Spline, default as SplineIcon } from './icons/spline.js';
           ╵                                                ~~~~~~~~~~~~~~~~~~~

X [ERROR] Could not resolve "./icons/split.js"

    node_modules/lucide-react/dist/esm/lucide-react.js:1456:79:
      1456 │ ...efault as Split, default as SplitIcon } from './icons/split.js';
           ╵                                                 ~~~~~~~~~~~~~~~~~~

X [ERROR] Could not resolve "./icons/spool.js"

    node_modules/lucide-react/dist/esm/lucide-react.js:1457:79:
      1457 │ ...efault as Spool, default as SpoolIcon } from './icons/spool.js';
           ╵                                                 ~~~~~~~~~~~~~~~~~~

X [ERROR] Could not resolve "./icons/spotlight.js"

    node_modules/lucide-react/dist/esm/lucide-react.js:1458:91:
      1458 │ ...otlight, default as SpotlightIcon } from './icons/spotlight.js';
           ╵                                             ~~~~~~~~~~~~~~~~~~~~~~

X [ERROR] Could not resolve "./icons/spray-can.js"

    node_modules/lucide-react/dist/esm/lucide-react.js:1459:88:
      1459 │ ...SprayCan, default as SprayCanIcon } from './icons/spray-can.js';
           ╵                                             ~~~~~~~~~~~~~~~~~~~~~~

X [ERROR] Could not resolve "./icons/sprout.js"

    node_modules/lucide-react/dist/esm/lucide-react.js:1460:82:
      1460 │ ...ult as Sprout, default as SproutIcon } from './icons/sprout.js';
           ╵                                                ~~~~~~~~~~~~~~~~~~~

X [ERROR] Could not resolve "./icons/square-arrow-right-enter.js"

    node_modules/lucide-react/dist/esm/lucide-react.js:1461:127:
      1461 │ ...rrowRightEnterIcon } from './icons/square-arrow-right-enter.js';
           ╵                              ~~~~~~~~~~~~~~~~~~~~~~~~~~~~~~~~~~~~~

X [ERROR] Could not resolve "./icons/square-arrow-right-exit.js"

    node_modules/lucide-react/dist/esm/lucide-react.js:1462:124:
      1462 │ ...eArrowRightExitIcon } from './icons/square-arrow-right-exit.js';
           ╵                               ~~~~~~~~~~~~~~~~~~~~~~~~~~~~~~~~~~~~

X [ERROR] Could not resolve "./icons/square-dashed-bottom-code.js"

    node_modules/lucide-react/dist/esm/lucide-react.js:1463:130:
      1463 │ ...hedBottomCodeIcon } from './icons/square-dashed-bottom-code.js';
           ╵                             ~~~~~~~~~~~~~~~~~~~~~~~~~~~~~~~~~~~~~~

X [ERROR] Could not resolve "./icons/square-dashed-bottom.js"

    node_modules/lucide-react/dist/esm/lucide-react.js:1464:118:
      1464 │ ...SquareDashedBottomIcon } from './icons/square-dashed-bottom.js';
           ╵                                  ~~~~~~~~~~~~~~~~~~~~~~~~~~~~~~~~~

X [ERROR] Could not resolve "./icons/square-dashed-top-solid.js"

    node_modules/lucide-react/dist/esm/lucide-react.js:1465:124:
      1465 │ ...eDashedTopSolidIcon } from './icons/square-dashed-top-solid.js';
           ╵                               ~~~~~~~~~~~~~~~~~~~~~~~~~~~~~~~~~~~~

X [ERROR] Could not resolve "./icons/square-pause.js"

    node_modules/lucide-react/dist/esm/lucide-react.js:1466:97:
      1466 │ ...se, default as SquarePauseIcon } from './icons/square-pause.js';
           ╵                                          ~~~~~~~~~~~~~~~~~~~~~~~~~

X [ERROR] Could not resolve "./icons/square-radical.js"

    node_modules/lucide-react/dist/esm/lucide-react.js:1467:103:
      1467 │ ...default as SquareRadicalIcon } from './icons/square-radical.js';
           ╵                                        ~~~~~~~~~~~~~~~~~~~~~~~~~~~

X [ERROR] Could not resolve "./icons/square-round-corner.js"

    node_modules/lucide-react/dist/esm/lucide-react.js:1468:115:
      1468 │ ...s SquareRoundCornerIcon } from './icons/square-round-corner.js';
           ╵                                   ~~~~~~~~~~~~~~~~~~~~~~~~~~~~~~~~

X [ERROR] Could not resolve "./icons/square-stack.js"

    node_modules/lucide-react/dist/esm/lucide-react.js:1469:97:
      1469 │ ...ck, default as SquareStackIcon } from './icons/square-stack.js';
           ╵                                          ~~~~~~~~~~~~~~~~~~~~~~~~~

X [ERROR] Could not resolve "./icons/square-square.js"

    node_modules/lucide-react/dist/esm/lucide-react.js:1470:100:
      1470 │ ..., default as SquareSquareIcon } from './icons/square-square.js';
           ╵                                         ~~~~~~~~~~~~~~~~~~~~~~~~~~

X [ERROR] Could not resolve "./icons/square-star.js"

    node_modules/lucide-react/dist/esm/lucide-react.js:1471:94:
      1471 │ ...Star, default as SquareStarIcon } from './icons/square-star.js';
           ╵                                           ~~~~~~~~~~~~~~~~~~~~~~~~

X [ERROR] Could not resolve "./icons/square-stop.js"

    node_modules/lucide-react/dist/esm/lucide-react.js:1472:94:
      1472 │ ...Stop, default as SquareStopIcon } from './icons/square-stop.js';
           ╵                                           ~~~~~~~~~~~~~~~~~~~~~~~~

X [ERROR] Could not resolve "./icons/square.js"

    node_modules/lucide-react/dist/esm/lucide-react.js:1473:82:
      1473 │ ...ult as Square, default as SquareIcon } from './icons/square.js';
           ╵                                                ~~~~~~~~~~~~~~~~~~~

X [ERROR] Could not resolve "./icons/squares-exclude.js"

    node_modules/lucide-react/dist/esm/lucide-react.js:1474:106:
      1474 │ ...fault as SquaresExcludeIcon } from './icons/squares-exclude.js';
           ╵                                       ~~~~~~~~~~~~~~~~~~~~~~~~~~~~

X [ERROR] Could not resolve "./icons/squares-intersect.js"

    node_modules/lucide-react/dist/esm/lucide-react.js:1475:112:
      1475 │ ...t as SquaresIntersectIcon } from './icons/squares-intersect.js';
           ╵                                     ~~~~~~~~~~~~~~~~~~~~~~~~~~~~~~

X [ERROR] Could not resolve "./icons/squares-subtract.js"

    node_modules/lucide-react/dist/esm/lucide-react.js:1476:109:
      1476 │ ...ult as SquaresSubtractIcon } from './icons/squares-subtract.js';
           ╵                                      ~~~~~~~~~~~~~~~~~~~~~~~~~~~~~

X [ERROR] Could not resolve "./icons/squares-unite.js"

    node_modules/lucide-react/dist/esm/lucide-react.js:1477:100:
      1477 │ ..., default as SquaresUniteIcon } from './icons/squares-unite.js';
           ╵                                         ~~~~~~~~~~~~~~~~~~~~~~~~~~

X [ERROR] Could not resolve "./icons/squircle-dashed.js"

    node_modules/lucide-react/dist/esm/lucide-react.js:1478:106:
      1478 │ ...fault as SquircleDashedIcon } from './icons/squircle-dashed.js';
           ╵                                       ~~~~~~~~~~~~~~~~~~~~~~~~~~~~

X [ERROR] Could not resolve "./icons/squirrel.js"

    node_modules/lucide-react/dist/esm/lucide-react.js:1479:88:
      1479 │ ... Squirrel, default as SquirrelIcon } from './icons/squirrel.js';
           ╵                                              ~~~~~~~~~~~~~~~~~~~~~

X [ERROR] Could not resolve "./icons/stamp.js"

    node_modules/lucide-react/dist/esm/lucide-react.js:1480:79:
      1480 │ ...efault as Stamp, default as StampIcon } from './icons/stamp.js';
           ╵                                                 ~~~~~~~~~~~~~~~~~~

X [ERROR] Could not resolve "./icons/star-half.js"

    node_modules/lucide-react/dist/esm/lucide-react.js:1481:88:
      1481 │ ...StarHalf, default as StarHalfIcon } from './icons/star-half.js';
           ╵                                             ~~~~~~~~~~~~~~~~~~~~~~

X [ERROR] Could not resolve "./icons/squircle.js"

    node_modules/lucide-react/dist/esm/lucide-react.js:1482:88:
      1482 │ ... Squircle, default as SquircleIcon } from './icons/squircle.js';
           ╵                                              ~~~~~~~~~~~~~~~~~~~~~

X [ERROR] Could not resolve "./icons/star-off.js"

    node_modules/lucide-react/dist/esm/lucide-react.js:1483:85:
      1483 │ ...as StarOff, default as StarOffIcon } from './icons/star-off.js';
           ╵                                              ~~~~~~~~~~~~~~~~~~~~~

X [ERROR] Could not resolve "./icons/star.js"

    node_modules/lucide-react/dist/esm/lucide-react.js:1484:76:
      1484 │ ..., default as Star, default as StarIcon } from './icons/star.js';
           ╵                                                  ~~~~~~~~~~~~~~~~~

X [ERROR] Could not resolve "./icons/step-back.js"

    node_modules/lucide-react/dist/esm/lucide-react.js:1485:88:
      1485 │ ...StepBack, default as StepBackIcon } from './icons/step-back.js';
           ╵                                             ~~~~~~~~~~~~~~~~~~~~~~

X [ERROR] Could not resolve "./icons/step-forward.js"

    node_modules/lucide-react/dist/esm/lucide-react.js:1486:97:
      1486 │ ...rd, default as StepForwardIcon } from './icons/step-forward.js';
           ╵                                          ~~~~~~~~~~~~~~~~~~~~~~~~~

X [ERROR] Could not resolve "./icons/sticker.js"

    node_modules/lucide-react/dist/esm/lucide-react.js:1487:85:
      1487 │ ... as Sticker, default as StickerIcon } from './icons/sticker.js';
           ╵                                               ~~~~~~~~~~~~~~~~~~~~

X [ERROR] Could not resolve "./icons/stethoscope.js"

    node_modules/lucide-react/dist/esm/lucide-react.js:1488:97:
      1488 │ ...ope, default as StethoscopeIcon } from './icons/stethoscope.js';
           ╵                                           ~~~~~~~~~~~~~~~~~~~~~~~~

X [ERROR] Could not resolve "./icons/sticky-note.js"

    node_modules/lucide-react/dist/esm/lucide-react.js:1489:94:
      1489 │ ...Note, default as StickyNoteIcon } from './icons/sticky-note.js';
           ╵                                           ~~~~~~~~~~~~~~~~~~~~~~~~

X [ERROR] Could not resolve "./icons/stone.js"

    node_modules/lucide-react/dist/esm/lucide-react.js:1490:79:
      1490 │ ...efault as Stone, default as StoneIcon } from './icons/stone.js';
           ╵                                                 ~~~~~~~~~~~~~~~~~~

X [ERROR] Could not resolve "./icons/store.js"

    node_modules/lucide-react/dist/esm/lucide-react.js:1491:79:
      1491 │ ...efault as Store, default as StoreIcon } from './icons/store.js';
           ╵                                                 ~~~~~~~~~~~~~~~~~~

X [ERROR] Could not resolve "./icons/stretch-horizontal.js"

    node_modules/lucide-react/dist/esm/lucide-react.js:1492:115:
      1492 │ ...as StretchHorizontalIcon } from './icons/stretch-horizontal.js';
           ╵                                    ~~~~~~~~~~~~~~~~~~~~~~~~~~~~~~~

X [ERROR] Could not resolve "./icons/stretch-vertical.js"

    node_modules/lucide-react/dist/esm/lucide-react.js:1493:109:
      1493 │ ...ult as StretchVerticalIcon } from './icons/stretch-vertical.js';
           ╵                                      ~~~~~~~~~~~~~~~~~~~~~~~~~~~~~

X [ERROR] Could not resolve "./icons/strikethrough.js"

    node_modules/lucide-react/dist/esm/lucide-react.js:1494:103:
      1494 │ ... default as StrikethroughIcon } from './icons/strikethrough.js';
           ╵                                         ~~~~~~~~~~~~~~~~~~~~~~~~~~

X [ERROR] Could not resolve "./icons/subscript.js"

    node_modules/lucide-react/dist/esm/lucide-react.js:1495:91:
      1495 │ ...bscript, default as SubscriptIcon } from './icons/subscript.js';
           ╵                                             ~~~~~~~~~~~~~~~~~~~~~~

X [ERROR] Could not resolve "./icons/sun-dim.js"

    node_modules/lucide-react/dist/esm/lucide-react.js:1496:82:
      1496 │ ...lt as SunDim, default as SunDimIcon } from './icons/sun-dim.js';
           ╵                                               ~~~~~~~~~~~~~~~~~~~~

X [ERROR] Could not resolve "./icons/sun-medium.js"

    node_modules/lucide-react/dist/esm/lucide-react.js:1497:91:
      1497 │ ...Medium, default as SunMediumIcon } from './icons/sun-medium.js';
           ╵                                            ~~~~~~~~~~~~~~~~~~~~~~~

X [ERROR] Could not resolve "./icons/sun-moon.js"

    node_modules/lucide-react/dist/esm/lucide-react.js:1498:85:
      1498 │ ...as SunMoon, default as SunMoonIcon } from './icons/sun-moon.js';
           ╵                                              ~~~~~~~~~~~~~~~~~~~~~

X [ERROR] Could not resolve "./icons/sun-snow.js"

    node_modules/lucide-react/dist/esm/lucide-react.js:1499:85:
      1499 │ ...as SunSnow, default as SunSnowIcon } from './icons/sun-snow.js';
           ╵                                              ~~~~~~~~~~~~~~~~~~~~~

X [ERROR] Could not resolve "./icons/sunrise.js"

    node_modules/lucide-react/dist/esm/lucide-react.js:1500:85:
      1500 │ ... as Sunrise, default as SunriseIcon } from './icons/sunrise.js';
           ╵                                               ~~~~~~~~~~~~~~~~~~~~

X [ERROR] Could not resolve "./icons/sunset.js"

    node_modules/lucide-react/dist/esm/lucide-react.js:1501:82:
      1501 │ ...ult as Sunset, default as SunsetIcon } from './icons/sunset.js';
           ╵                                                ~~~~~~~~~~~~~~~~~~~

X [ERROR] Could not resolve "./icons/sun.js"

    node_modules/lucide-react/dist/esm/lucide-react.js:1502:73:
      1502 │ ...Sun, default as Sun, default as SunIcon } from './icons/sun.js';
           ╵                                                   ~~~~~~~~~~~~~~~~

X [ERROR] Could not resolve "./icons/superscript.js"

    node_modules/lucide-react/dist/esm/lucide-react.js:1503:97:
      1503 │ ...ipt, default as SuperscriptIcon } from './icons/superscript.js';
           ╵                                           ~~~~~~~~~~~~~~~~~~~~~~~~

X [ERROR] Could not resolve "./icons/swatch-book.js"

    node_modules/lucide-react/dist/esm/lucide-react.js:1504:94:
      1504 │ ...Book, default as SwatchBookIcon } from './icons/swatch-book.js';
           ╵                                           ~~~~~~~~~~~~~~~~~~~~~~~~

X [ERROR] Could not resolve "./icons/swiss-franc.js"

    node_modules/lucide-react/dist/esm/lucide-react.js:1505:94:
      1505 │ ...ranc, default as SwissFrancIcon } from './icons/swiss-franc.js';
           ╵                                           ~~~~~~~~~~~~~~~~~~~~~~~~

X [ERROR] Could not resolve "./icons/switch-camera.js"

    node_modules/lucide-react/dist/esm/lucide-react.js:1506:100:
      1506 │ ..., default as SwitchCameraIcon } from './icons/switch-camera.js';
           ╵                                         ~~~~~~~~~~~~~~~~~~~~~~~~~~

X [ERROR] Could not resolve "./icons/sword.js"

    node_modules/lucide-react/dist/esm/lucide-react.js:1507:79:
      1507 │ ...efault as Sword, default as SwordIcon } from './icons/sword.js';
           ╵                                                 ~~~~~~~~~~~~~~~~~~

X [ERROR] Could not resolve "./icons/swords.js"

    node_modules/lucide-react/dist/esm/lucide-react.js:1508:82:
      1508 │ ...ult as Swords, default as SwordsIcon } from './icons/swords.js';
           ╵                                                ~~~~~~~~~~~~~~~~~~~

X [ERROR] Could not resolve "./icons/syringe.js"

    node_modules/lucide-react/dist/esm/lucide-react.js:1509:85:
      1509 │ ... as Syringe, default as SyringeIcon } from './icons/syringe.js';
           ╵                                               ~~~~~~~~~~~~~~~~~~~~

X [ERROR] Could not resolve "./icons/table-2.js"

    node_modules/lucide-react/dist/esm/lucide-react.js:1510:82:
      1510 │ ...lt as Table2, default as Table2Icon } from './icons/table-2.js';
           ╵                                               ~~~~~~~~~~~~~~~~~~~~

X [ERROR] Could not resolve "./icons/table-cells-merge.js"

    node_modules/lucide-react/dist/esm/lucide-react.js:1511:109:
      1511 │ ...lt as TableCellsMergeIcon } from './icons/table-cells-merge.js';
           ╵                                     ~~~~~~~~~~~~~~~~~~~~~~~~~~~~~~

X [ERROR] Could not resolve "./icons/table-cells-split.js"

    node_modules/lucide-react/dist/esm/lucide-react.js:1512:109:
      1512 │ ...lt as TableCellsSplitIcon } from './icons/table-cells-split.js';
           ╵                                     ~~~~~~~~~~~~~~~~~~~~~~~~~~~~~~

X [ERROR] Could not resolve "./icons/table-columns-split.js"

    node_modules/lucide-react/dist/esm/lucide-react.js:1513:115:
      1513 │ ...s TableColumnsSplitIcon } from './icons/table-columns-split.js';
           ╵                                   ~~~~~~~~~~~~~~~~~~~~~~~~~~~~~~~~

X [ERROR] Could not resolve "./icons/table-of-contents.js"

    node_modules/lucide-react/dist/esm/lucide-react.js:1514:109:
      1514 │ ...lt as TableOfContentsIcon } from './icons/table-of-contents.js';
           ╵                                     ~~~~~~~~~~~~~~~~~~~~~~~~~~~~~~

X [ERROR] Could not resolve "./icons/table-properties.js"

    node_modules/lucide-react/dist/esm/lucide-react.js:1515:109:
      1515 │ ...ult as TablePropertiesIcon } from './icons/table-properties.js';
           ╵                                      ~~~~~~~~~~~~~~~~~~~~~~~~~~~~~

X [ERROR] Could not resolve "./icons/table-rows-split.js"

    node_modules/lucide-react/dist/esm/lucide-react.js:1516:106:
      1516 │ ...ault as TableRowsSplitIcon } from './icons/table-rows-split.js';
           ╵                                      ~~~~~~~~~~~~~~~~~~~~~~~~~~~~~

X [ERROR] Could not resolve "./icons/table.js"

    node_modules/lucide-react/dist/esm/lucide-react.js:1517:79:
      1517 │ ...efault as Table, default as TableIcon } from './icons/table.js';
           ╵                                                 ~~~~~~~~~~~~~~~~~~

X [ERROR] Could not resolve "./icons/tablet.js"

    node_modules/lucide-react/dist/esm/lucide-react.js:1518:82:
      1518 │ ...ult as Tablet, default as TabletIcon } from './icons/tablet.js';
           ╵                                                ~~~~~~~~~~~~~~~~~~~

X [ERROR] Could not resolve "./icons/tablet-smartphone.js"

    node_modules/lucide-react/dist/esm/lucide-react.js:1519:112:
      1519 │ ...t as TabletSmartphoneIcon } from './icons/tablet-smartphone.js';
           ╵                                     ~~~~~~~~~~~~~~~~~~~~~~~~~~~~~~

X [ERROR] Could not resolve "./icons/tablets.js"

    node_modules/lucide-react/dist/esm/lucide-react.js:1520:85:
      1520 │ ... as Tablets, default as TabletsIcon } from './icons/tablets.js';
           ╵                                               ~~~~~~~~~~~~~~~~~~~~

X [ERROR] Could not resolve "./icons/tag.js"

    node_modules/lucide-react/dist/esm/lucide-react.js:1521:73:
      1521 │ ...Tag, default as Tag, default as TagIcon } from './icons/tag.js';
           ╵                                                   ~~~~~~~~~~~~~~~~

X [ERROR] Could not resolve "./icons/tags.js"

    node_modules/lucide-react/dist/esm/lucide-react.js:1522:76:
      1522 │ ..., default as Tags, default as TagsIcon } from './icons/tags.js';
           ╵                                                  ~~~~~~~~~~~~~~~~~

X [ERROR] Could not resolve "./icons/tally-1.js"

    node_modules/lucide-react/dist/esm/lucide-react.js:1523:82:
      1523 │ ...lt as Tally1, default as Tally1Icon } from './icons/tally-1.js';
           ╵                                               ~~~~~~~~~~~~~~~~~~~~

X [ERROR] Could not resolve "./icons/tally-2.js"

    node_modules/lucide-react/dist/esm/lucide-react.js:1524:82:
      1524 │ ...lt as Tally2, default as Tally2Icon } from './icons/tally-2.js';
           ╵                                               ~~~~~~~~~~~~~~~~~~~~

X [ERROR] Could not resolve "./icons/tally-3.js"

    node_modules/lucide-react/dist/esm/lucide-react.js:1525:82:
      1525 │ ...lt as Tally3, default as Tally3Icon } from './icons/tally-3.js';
           ╵                                               ~~~~~~~~~~~~~~~~~~~~

X [ERROR] Could not resolve "./icons/tally-4.js"

    node_modules/lucide-react/dist/esm/lucide-react.js:1526:82:
      1526 │ ...lt as Tally4, default as Tally4Icon } from './icons/tally-4.js';
           ╵                                               ~~~~~~~~~~~~~~~~~~~~

X [ERROR] Could not resolve "./icons/tally-5.js"

    node_modules/lucide-react/dist/esm/lucide-react.js:1527:82:
      1527 │ ...lt as Tally5, default as Tally5Icon } from './icons/tally-5.js';
           ╵                                               ~~~~~~~~~~~~~~~~~~~~

X [ERROR] Could not resolve "./icons/tangent.js"

    node_modules/lucide-react/dist/esm/lucide-react.js:1528:85:
      1528 │ ... as Tangent, default as TangentIcon } from './icons/tangent.js';
           ╵                                               ~~~~~~~~~~~~~~~~~~~~

X [ERROR] Could not resolve "./icons/target.js"

    node_modules/lucide-react/dist/esm/lucide-react.js:1529:82:
      1529 │ ...ult as Target, default as TargetIcon } from './icons/target.js';
           ╵                                                ~~~~~~~~~~~~~~~~~~~

X [ERROR] Could not resolve "./icons/telescope.js"

    node_modules/lucide-react/dist/esm/lucide-react.js:1530:91:
      1530 │ ...lescope, default as TelescopeIcon } from './icons/telescope.js';
           ╵                                             ~~~~~~~~~~~~~~~~~~~~~~

X [ERROR] Could not resolve "./icons/tent-tree.js"

    node_modules/lucide-react/dist/esm/lucide-react.js:1531:88:
      1531 │ ...TentTree, default as TentTreeIcon } from './icons/tent-tree.js';
           ╵                                             ~~~~~~~~~~~~~~~~~~~~~~

X [ERROR] Could not resolve "./icons/tent.js"

    node_modules/lucide-react/dist/esm/lucide-react.js:1532:76:
      1532 │ ..., default as Tent, default as TentIcon } from './icons/tent.js';
           ╵                                                  ~~~~~~~~~~~~~~~~~

X [ERROR] Could not resolve "./icons/terminal.js"

    node_modules/lucide-react/dist/esm/lucide-react.js:1533:88:
      1533 │ ... Terminal, default as TerminalIcon } from './icons/terminal.js';
           ╵                                              ~~~~~~~~~~~~~~~~~~~~~

X [ERROR] Could not resolve "./icons/test-tube.js"

    node_modules/lucide-react/dist/esm/lucide-react.js:1534:88:
      1534 │ ...TestTube, default as TestTubeIcon } from './icons/test-tube.js';
           ╵                                             ~~~~~~~~~~~~~~~~~~~~~~

X [ERROR] Could not resolve "./icons/test-tubes.js"

    node_modules/lucide-react/dist/esm/lucide-react.js:1535:91:
      1535 │ ...tTubes, default as TestTubesIcon } from './icons/test-tubes.js';
           ╵                                            ~~~~~~~~~~~~~~~~~~~~~~~

X [ERROR] Could not resolve "./icons/text-cursor-input.js"

    node_modules/lucide-react/dist/esm/lucide-react.js:1536:109:
      1536 │ ...lt as TextCursorInputIcon } from './icons/text-cursor-input.js';
           ╵                                     ~~~~~~~~~~~~~~~~~~~~~~~~~~~~~~

X [ERROR] Could not resolve "./icons/text-cursor.js"

    node_modules/lucide-react/dist/esm/lucide-react.js:1537:94:
      1537 │ ...rsor, default as TextCursorIcon } from './icons/text-cursor.js';
           ╵                                           ~~~~~~~~~~~~~~~~~~~~~~~~

X [ERROR] Could not resolve "./icons/text-quote.js"

    node_modules/lucide-react/dist/esm/lucide-react.js:1538:91:
      1538 │ ...tQuote, default as TextQuoteIcon } from './icons/text-quote.js';
           ╵                                            ~~~~~~~~~~~~~~~~~~~~~~~

X [ERROR] Could not resolve "./icons/text-search.js"

    node_modules/lucide-react/dist/esm/lucide-react.js:1539:94:
      1539 │ ...arch, default as TextSearchIcon } from './icons/text-search.js';
           ╵                                           ~~~~~~~~~~~~~~~~~~~~~~~~

X [ERROR] Could not resolve "./icons/theater.js"

    node_modules/lucide-react/dist/esm/lucide-react.js:1540:85:
      1540 │ ... as Theater, default as TheaterIcon } from './icons/theater.js';
           ╵                                               ~~~~~~~~~~~~~~~~~~~~

X [ERROR] Could not resolve "./icons/thermometer-snowflake.js"

    node_modules/lucide-react/dist/esm/lucide-react.js:1541:124:
      1541 │ ...rmometerSnowflakeIcon } from './icons/thermometer-snowflake.js';
           ╵                                 ~~~~~~~~~~~~~~~~~~~~~~~~~~~~~~~~~~

X [ERROR] Could not resolve "./icons/thermometer-sun.js"

    node_modules/lucide-react/dist/esm/lucide-react.js:1542:106:
      1542 │ ...fault as ThermometerSunIcon } from './icons/thermometer-sun.js';
           ╵                                       ~~~~~~~~~~~~~~~~~~~~~~~~~~~~

X [ERROR] Could not resolve "./icons/thermometer.js"

    node_modules/lucide-react/dist/esm/lucide-react.js:1543:97:
      1543 │ ...ter, default as ThermometerIcon } from './icons/thermometer.js';
           ╵                                           ~~~~~~~~~~~~~~~~~~~~~~~~

X [ERROR] Could not resolve "./icons/thumbs-down.js"

    node_modules/lucide-react/dist/esm/lucide-react.js:1544:94:
      1544 │ ...Down, default as ThumbsDownIcon } from './icons/thumbs-down.js';
           ╵                                           ~~~~~~~~~~~~~~~~~~~~~~~~

X [ERROR] Could not resolve "./icons/thumbs-up.js"

    node_modules/lucide-react/dist/esm/lucide-react.js:1545:88:
      1545 │ ...ThumbsUp, default as ThumbsUpIcon } from './icons/thumbs-up.js';
           ╵                                             ~~~~~~~~~~~~~~~~~~~~~~

X [ERROR] Could not resolve "./icons/ticket-check.js"

    node_modules/lucide-react/dist/esm/lucide-react.js:1546:97:
      1546 │ ...ck, default as TicketCheckIcon } from './icons/ticket-check.js';
           ╵                                          ~~~~~~~~~~~~~~~~~~~~~~~~~

X [ERROR] Could not resolve "./icons/ticket-minus.js"

    node_modules/lucide-react/dist/esm/lucide-react.js:1547:97:
      1547 │ ...us, default as TicketMinusIcon } from './icons/ticket-minus.js';
           ╵                                          ~~~~~~~~~~~~~~~~~~~~~~~~~

X [ERROR] Could not resolve "./icons/ticket-percent.js"

    node_modules/lucide-react/dist/esm/lucide-react.js:1548:103:
      1548 │ ...default as TicketPercentIcon } from './icons/ticket-percent.js';
           ╵                                        ~~~~~~~~~~~~~~~~~~~~~~~~~~~

X [ERROR] Could not resolve "./icons/ticket-plus.js"

    node_modules/lucide-react/dist/esm/lucide-react.js:1549:94:
      1549 │ ...Plus, default as TicketPlusIcon } from './icons/ticket-plus.js';
           ╵                                           ~~~~~~~~~~~~~~~~~~~~~~~~

X [ERROR] Could not resolve "./icons/ticket-slash.js"

    node_modules/lucide-react/dist/esm/lucide-react.js:1550:97:
      1550 │ ...sh, default as TicketSlashIcon } from './icons/ticket-slash.js';
           ╵                                          ~~~~~~~~~~~~~~~~~~~~~~~~~

X [ERROR] Could not resolve "./icons/ticket-x.js"

    node_modules/lucide-react/dist/esm/lucide-react.js:1551:85:
      1551 │ ...as TicketX, default as TicketXIcon } from './icons/ticket-x.js';
           ╵                                              ~~~~~~~~~~~~~~~~~~~~~

X [ERROR] Could not resolve "./icons/ticket.js"

    node_modules/lucide-react/dist/esm/lucide-react.js:1552:82:
      1552 │ ...ult as Ticket, default as TicketIcon } from './icons/ticket.js';
           ╵                                                ~~~~~~~~~~~~~~~~~~~

X [ERROR] Could not resolve "./icons/tickets-plane.js"

    node_modules/lucide-react/dist/esm/lucide-react.js:1553:100:
      1553 │ ..., default as TicketsPlaneIcon } from './icons/tickets-plane.js';
           ╵                                         ~~~~~~~~~~~~~~~~~~~~~~~~~~

X [ERROR] Could not resolve "./icons/tickets.js"

    node_modules/lucide-react/dist/esm/lucide-react.js:1554:85:
      1554 │ ... as Tickets, default as TicketsIcon } from './icons/tickets.js';
           ╵                                               ~~~~~~~~~~~~~~~~~~~~

X [ERROR] Could not resolve "./icons/timer-off.js"

    node_modules/lucide-react/dist/esm/lucide-react.js:1555:88:
      1555 │ ...TimerOff, default as TimerOffIcon } from './icons/timer-off.js';
           ╵                                             ~~~~~~~~~~~~~~~~~~~~~~

X [ERROR] Could not resolve "./icons/timer-reset.js"

    node_modules/lucide-react/dist/esm/lucide-react.js:1556:94:
      1556 │ ...eset, default as TimerResetIcon } from './icons/timer-reset.js';
           ╵                                           ~~~~~~~~~~~~~~~~~~~~~~~~

X [ERROR] Could not resolve "./icons/timer.js"

    node_modules/lucide-react/dist/esm/lucide-react.js:1557:79:
      1557 │ ...efault as Timer, default as TimerIcon } from './icons/timer.js';
           ╵                                                 ~~~~~~~~~~~~~~~~~~

X [ERROR] Could not resolve "./icons/toggle-left.js"

    node_modules/lucide-react/dist/esm/lucide-react.js:1558:94:
      1558 │ ...Left, default as ToggleLeftIcon } from './icons/toggle-left.js';
           ╵                                           ~~~~~~~~~~~~~~~~~~~~~~~~

X [ERROR] Could not resolve "./icons/toggle-right.js"

    node_modules/lucide-react/dist/esm/lucide-react.js:1559:97:
      1559 │ ...ht, default as ToggleRightIcon } from './icons/toggle-right.js';
           ╵                                          ~~~~~~~~~~~~~~~~~~~~~~~~~

X [ERROR] Could not resolve "./icons/toilet.js"

    node_modules/lucide-react/dist/esm/lucide-react.js:1560:82:
      1560 │ ...ult as Toilet, default as ToiletIcon } from './icons/toilet.js';
           ╵                                                ~~~~~~~~~~~~~~~~~~~

X [ERROR] Could not resolve "./icons/tool-case.js"

    node_modules/lucide-react/dist/esm/lucide-react.js:1561:88:
      1561 │ ...ToolCase, default as ToolCaseIcon } from './icons/tool-case.js';
           ╵                                             ~~~~~~~~~~~~~~~~~~~~~~

X [ERROR] Could not resolve "./icons/tornado.js"

    node_modules/lucide-react/dist/esm/lucide-react.js:1562:85:
      1562 │ ... as Tornado, default as TornadoIcon } from './icons/tornado.js';
           ╵                                               ~~~~~~~~~~~~~~~~~~~~

X [ERROR] Could not resolve "./icons/toolbox.js"

    node_modules/lucide-react/dist/esm/lucide-react.js:1563:85:
      1563 │ ... as Toolbox, default as ToolboxIcon } from './icons/toolbox.js';
           ╵                                               ~~~~~~~~~~~~~~~~~~~~

X [ERROR] Could not resolve "./icons/torus.js"

    node_modules/lucide-react/dist/esm/lucide-react.js:1564:79:
      1564 │ ...efault as Torus, default as TorusIcon } from './icons/torus.js';
           ╵                                                 ~~~~~~~~~~~~~~~~~~

X [ERROR] Could not resolve "./icons/touchpad-off.js"

    node_modules/lucide-react/dist/esm/lucide-react.js:1565:97:
      1565 │ ...ff, default as TouchpadOffIcon } from './icons/touchpad-off.js';
           ╵                                          ~~~~~~~~~~~~~~~~~~~~~~~~~

X [ERROR] Could not resolve "./icons/touchpad.js"

    node_modules/lucide-react/dist/esm/lucide-react.js:1566:88:
      1566 │ ... Touchpad, default as TouchpadIcon } from './icons/touchpad.js';
           ╵                                              ~~~~~~~~~~~~~~~~~~~~~

X [ERROR] Could not resolve "./icons/towel-rack.js"

    node_modules/lucide-react/dist/esm/lucide-react.js:1567:91:
      1567 │ ...elRack, default as TowelRackIcon } from './icons/towel-rack.js';
           ╵                                            ~~~~~~~~~~~~~~~~~~~~~~~

X [ERROR] Could not resolve "./icons/tower-control.js"

    node_modules/lucide-react/dist/esm/lucide-react.js:1568:100:
      1568 │ ..., default as TowerControlIcon } from './icons/tower-control.js';
           ╵                                         ~~~~~~~~~~~~~~~~~~~~~~~~~~

X [ERROR] Could not resolve "./icons/toy-brick.js"

    node_modules/lucide-react/dist/esm/lucide-react.js:1569:88:
      1569 │ ...ToyBrick, default as ToyBrickIcon } from './icons/toy-brick.js';
           ╵                                             ~~~~~~~~~~~~~~~~~~~~~~

X [ERROR] Could not resolve "./icons/tractor.js"

    node_modules/lucide-react/dist/esm/lucide-react.js:1570:85:
      1570 │ ... as Tractor, default as TractorIcon } from './icons/tractor.js';
           ╵                                               ~~~~~~~~~~~~~~~~~~~~

X [ERROR] Could not resolve "./icons/traffic-cone.js"

    node_modules/lucide-react/dist/esm/lucide-react.js:1571:97:
      1571 │ ...ne, default as TrafficConeIcon } from './icons/traffic-cone.js';
           ╵                                          ~~~~~~~~~~~~~~~~~~~~~~~~~

X [ERROR] Could not resolve "./icons/train-front-tunnel.js"

    node_modules/lucide-react/dist/esm/lucide-react.js:1572:112:
      1572 │ ... as TrainFrontTunnelIcon } from './icons/train-front-tunnel.js';
           ╵                                    ~~~~~~~~~~~~~~~~~~~~~~~~~~~~~~~

X [ERROR] Could not resolve "./icons/train-front.js"

    node_modules/lucide-react/dist/esm/lucide-react.js:1573:94:
      1573 │ ...ront, default as TrainFrontIcon } from './icons/train-front.js';
           ╵                                           ~~~~~~~~~~~~~~~~~~~~~~~~

X [ERROR] Could not resolve "./icons/train-track.js"

    node_modules/lucide-react/dist/esm/lucide-react.js:1574:94:
      1574 │ ...rack, default as TrainTrackIcon } from './icons/train-track.js';
           ╵                                           ~~~~~~~~~~~~~~~~~~~~~~~~

X [ERROR] Could not resolve "./icons/transgender.js"

    node_modules/lucide-react/dist/esm/lucide-react.js:1575:97:
      1575 │ ...der, default as TransgenderIcon } from './icons/transgender.js';
           ╵                                           ~~~~~~~~~~~~~~~~~~~~~~~~

X [ERROR] Could not resolve "./icons/trash-2.js"

    node_modules/lucide-react/dist/esm/lucide-react.js:1576:82:
      1576 │ ...lt as Trash2, default as Trash2Icon } from './icons/trash-2.js';
           ╵                                               ~~~~~~~~~~~~~~~~~~~~

X [ERROR] Could not resolve "./icons/trash.js"

    node_modules/lucide-react/dist/esm/lucide-react.js:1577:79:
      1577 │ ...efault as Trash, default as TrashIcon } from './icons/trash.js';
           ╵                                                 ~~~~~~~~~~~~~~~~~~

X [ERROR] Could not resolve "./icons/tree-deciduous.js"

    node_modules/lucide-react/dist/esm/lucide-react.js:1578:103:
      1578 │ ...default as TreeDeciduousIcon } from './icons/tree-deciduous.js';
           ╵                                        ~~~~~~~~~~~~~~~~~~~~~~~~~~~

X [ERROR] Could not resolve "./icons/tree-pine.js"

    node_modules/lucide-react/dist/esm/lucide-react.js:1579:88:
      1579 │ ...TreePine, default as TreePineIcon } from './icons/tree-pine.js';
           ╵                                             ~~~~~~~~~~~~~~~~~~~~~~

X [ERROR] Could not resolve "./icons/trees.js"

    node_modules/lucide-react/dist/esm/lucide-react.js:1580:79:
      1580 │ ...efault as Trees, default as TreesIcon } from './icons/trees.js';
           ╵                                                 ~~~~~~~~~~~~~~~~~~

X [ERROR] Could not resolve "./icons/trello.js"

    node_modules/lucide-react/dist/esm/lucide-react.js:1581:82:
      1581 │ ...ult as Trello, default as TrelloIcon } from './icons/trello.js';
           ╵                                                ~~~~~~~~~~~~~~~~~~~

X [ERROR] Could not resolve "./icons/trending-down.js"

    node_modules/lucide-react/dist/esm/lucide-react.js:1582:100:
      1582 │ ..., default as TrendingDownIcon } from './icons/trending-down.js';
           ╵                                         ~~~~~~~~~~~~~~~~~~~~~~~~~~

X [ERROR] Could not resolve "./icons/trending-up-down.js"

    node_modules/lucide-react/dist/esm/lucide-react.js:1583:106:
      1583 │ ...ault as TrendingUpDownIcon } from './icons/trending-up-down.js';
           ╵                                      ~~~~~~~~~~~~~~~~~~~~~~~~~~~~~

X [ERROR] Could not resolve "./icons/trending-up.js"

    node_modules/lucide-react/dist/esm/lucide-react.js:1584:94:
      1584 │ ...ngUp, default as TrendingUpIcon } from './icons/trending-up.js';
           ╵                                           ~~~~~~~~~~~~~~~~~~~~~~~~

X [ERROR] Could not resolve "./icons/triangle-dashed.js"

    node_modules/lucide-react/dist/esm/lucide-react.js:1585:106:
      1585 │ ...fault as TriangleDashedIcon } from './icons/triangle-dashed.js';
           ╵                                       ~~~~~~~~~~~~~~~~~~~~~~~~~~~~

X [ERROR] Could not resolve "./icons/triangle-right.js"

    node_modules/lucide-react/dist/esm/lucide-react.js:1586:103:
      1586 │ ...default as TriangleRightIcon } from './icons/triangle-right.js';
           ╵                                        ~~~~~~~~~~~~~~~~~~~~~~~~~~~

X [ERROR] Could not resolve "./icons/triangle.js"

    node_modules/lucide-react/dist/esm/lucide-react.js:1587:88:
      1587 │ ... Triangle, default as TriangleIcon } from './icons/triangle.js';
           ╵                                              ~~~~~~~~~~~~~~~~~~~~~

X [ERROR] Could not resolve "./icons/trophy.js"

    node_modules/lucide-react/dist/esm/lucide-react.js:1588:82:
      1588 │ ...ult as Trophy, default as TrophyIcon } from './icons/trophy.js';
           ╵                                                ~~~~~~~~~~~~~~~~~~~

X [ERROR] Could not resolve "./icons/truck-electric.js"

    node_modules/lucide-react/dist/esm/lucide-react.js:1589:103:
      1589 │ ...default as TruckElectricIcon } from './icons/truck-electric.js';
           ╵                                        ~~~~~~~~~~~~~~~~~~~~~~~~~~~

X [ERROR] Could not resolve "./icons/truck.js"

    node_modules/lucide-react/dist/esm/lucide-react.js:1590:79:
      1590 │ ...efault as Truck, default as TruckIcon } from './icons/truck.js';
           ╵                                                 ~~~~~~~~~~~~~~~~~~

X [ERROR] Could not resolve "./icons/turkish-lira.js"

    node_modules/lucide-react/dist/esm/lucide-react.js:1591:97:
      1591 │ ...ra, default as TurkishLiraIcon } from './icons/turkish-lira.js';
           ╵                                          ~~~~~~~~~~~~~~~~~~~~~~~~~

X [ERROR] Could not resolve "./icons/turntable.js"

    node_modules/lucide-react/dist/esm/lucide-react.js:1592:91:
      1592 │ ...rntable, default as TurntableIcon } from './icons/turntable.js';
           ╵                                             ~~~~~~~~~~~~~~~~~~~~~~

X [ERROR] Could not resolve "./icons/turtle.js"

    node_modules/lucide-react/dist/esm/lucide-react.js:1593:82:
      1593 │ ...ult as Turtle, default as TurtleIcon } from './icons/turtle.js';
           ╵                                                ~~~~~~~~~~~~~~~~~~~

X [ERROR] Could not resolve "./icons/tv-minimal-play.js"

    node_modules/lucide-react/dist/esm/lucide-react.js:1594:103:
      1594 │ ...efault as TvMinimalPlayIcon } from './icons/tv-minimal-play.js';
           ╵                                       ~~~~~~~~~~~~~~~~~~~~~~~~~~~~

X [ERROR] Could not resolve "./icons/tv.js"

    node_modules/lucide-react/dist/esm/lucide-react.js:1595:70:
      1595 │ ...cideTv, default as Tv, default as TvIcon } from './icons/tv.js';
           ╵                                                    ~~~~~~~~~~~~~~~

X [ERROR] Could not resolve "./icons/twitch.js"

    node_modules/lucide-react/dist/esm/lucide-react.js:1596:82:
      1596 │ ...ult as Twitch, default as TwitchIcon } from './icons/twitch.js';
           ╵                                                ~~~~~~~~~~~~~~~~~~~

X [ERROR] Could not resolve "./icons/twitter.js"

    node_modules/lucide-react/dist/esm/lucide-react.js:1597:85:
      1597 │ ... as Twitter, default as TwitterIcon } from './icons/twitter.js';
           ╵                                               ~~~~~~~~~~~~~~~~~~~~

X [ERROR] Could not resolve "./icons/type-outline.js"

    node_modules/lucide-react/dist/esm/lucide-react.js:1598:97:
      1598 │ ...ne, default as TypeOutlineIcon } from './icons/type-outline.js';
           ╵                                          ~~~~~~~~~~~~~~~~~~~~~~~~~

X [ERROR] Could not resolve "./icons/type.js"

    node_modules/lucide-react/dist/esm/lucide-react.js:1599:76:
      1599 │ ..., default as Type, default as TypeIcon } from './icons/type.js';
           ╵                                                  ~~~~~~~~~~~~~~~~~

X [ERROR] Could not resolve "./icons/umbrella-off.js"

    node_modules/lucide-react/dist/esm/lucide-react.js:1600:97:
      1600 │ ...ff, default as UmbrellaOffIcon } from './icons/umbrella-off.js';
           ╵                                          ~~~~~~~~~~~~~~~~~~~~~~~~~

X [ERROR] Could not resolve "./icons/umbrella.js"

    node_modules/lucide-react/dist/esm/lucide-react.js:1601:88:
      1601 │ ... Umbrella, default as UmbrellaIcon } from './icons/umbrella.js';
           ╵                                              ~~~~~~~~~~~~~~~~~~~~~

X [ERROR] Could not resolve "./icons/underline.js"

    node_modules/lucide-react/dist/esm/lucide-react.js:1602:91:
      1602 │ ...derline, default as UnderlineIcon } from './icons/underline.js';
           ╵                                             ~~~~~~~~~~~~~~~~~~~~~~

X [ERROR] Could not resolve "./icons/undo-2.js"

    node_modules/lucide-react/dist/esm/lucide-react.js:1603:79:
      1603 │ ...fault as Undo2, default as Undo2Icon } from './icons/undo-2.js';
           ╵                                                ~~~~~~~~~~~~~~~~~~~

X [ERROR] Could not resolve "./icons/undo-dot.js"

    node_modules/lucide-react/dist/esm/lucide-react.js:1604:85:
      1604 │ ...as UndoDot, default as UndoDotIcon } from './icons/undo-dot.js';
           ╵                                              ~~~~~~~~~~~~~~~~~~~~~

X [ERROR] Could not resolve "./icons/undo.js"

    node_modules/lucide-react/dist/esm/lucide-react.js:1605:76:
      1605 │ ..., default as Undo, default as UndoIcon } from './icons/undo.js';
           ╵                                                  ~~~~~~~~~~~~~~~~~

X [ERROR] Could not resolve "./icons/unfold-horizontal.js"

    node_modules/lucide-react/dist/esm/lucide-react.js:1606:112:
      1606 │ ...t as UnfoldHorizontalIcon } from './icons/unfold-horizontal.js';
           ╵                                     ~~~~~~~~~~~~~~~~~~~~~~~~~~~~~~

X [ERROR] Could not resolve "./icons/unfold-vertical.js"

    node_modules/lucide-react/dist/esm/lucide-react.js:1607:106:
      1607 │ ...fault as UnfoldVerticalIcon } from './icons/unfold-vertical.js';
           ╵                                       ~~~~~~~~~~~~~~~~~~~~~~~~~~~~

X [ERROR] Could not resolve "./icons/ungroup.js"

    node_modules/lucide-react/dist/esm/lucide-react.js:1608:85:
      1608 │ ... as Ungroup, default as UngroupIcon } from './icons/ungroup.js';
           ╵                                               ~~~~~~~~~~~~~~~~~~~~

X [ERROR] Could not resolve "./icons/unlink-2.js"

    node_modules/lucide-react/dist/esm/lucide-react.js:1609:85:
      1609 │ ...as Unlink2, default as Unlink2Icon } from './icons/unlink-2.js';
           ╵                                              ~~~~~~~~~~~~~~~~~~~~~

X [ERROR] Could not resolve "./icons/unlink.js"

    node_modules/lucide-react/dist/esm/lucide-react.js:1610:82:
      1610 │ ...ult as Unlink, default as UnlinkIcon } from './icons/unlink.js';
           ╵                                                ~~~~~~~~~~~~~~~~~~~

X [ERROR] Could not resolve "./icons/unplug.js"

    node_modules/lucide-react/dist/esm/lucide-react.js:1611:82:
      1611 │ ...ult as Unplug, default as UnplugIcon } from './icons/unplug.js';
           ╵                                                ~~~~~~~~~~~~~~~~~~~

X [ERROR] Could not resolve "./icons/upload.js"

    node_modules/lucide-react/dist/esm/lucide-react.js:1612:82:
      1612 │ ...ult as Upload, default as UploadIcon } from './icons/upload.js';
           ╵                                                ~~~~~~~~~~~~~~~~~~~

X [ERROR] Could not resolve "./icons/usb.js"

    node_modules/lucide-react/dist/esm/lucide-react.js:1613:73:
      1613 │ ...Usb, default as Usb, default as UsbIcon } from './icons/usb.js';
           ╵                                                   ~~~~~~~~~~~~~~~~

X [ERROR] Could not resolve "./icons/user-check.js"

    node_modules/lucide-react/dist/esm/lucide-react.js:1614:91:
      1614 │ ...rCheck, default as UserCheckIcon } from './icons/user-check.js';
           ╵                                            ~~~~~~~~~~~~~~~~~~~~~~~

X [ERROR] Could not resolve "./icons/user-cog.js"

    node_modules/lucide-react/dist/esm/lucide-react.js:1615:85:
      1615 │ ...as UserCog, default as UserCogIcon } from './icons/user-cog.js';
           ╵                                              ~~~~~~~~~~~~~~~~~~~~~

X [ERROR] Could not resolve "./icons/user-key.js"

    node_modules/lucide-react/dist/esm/lucide-react.js:1616:85:
      1616 │ ...as UserKey, default as UserKeyIcon } from './icons/user-key.js';
           ╵                                              ~~~~~~~~~~~~~~~~~~~~~

X [ERROR] Could not resolve "./icons/user-lock.js"

    node_modules/lucide-react/dist/esm/lucide-react.js:1617:88:
      1617 │ ...UserLock, default as UserLockIcon } from './icons/user-lock.js';
           ╵                                             ~~~~~~~~~~~~~~~~~~~~~~

X [ERROR] Could not resolve "./icons/user-minus.js"

    node_modules/lucide-react/dist/esm/lucide-react.js:1618:91:
      1618 │ ...rMinus, default as UserMinusIcon } from './icons/user-minus.js';
           ╵                                            ~~~~~~~~~~~~~~~~~~~~~~~

X [ERROR] Could not resolve "./icons/user-pen.js"

    node_modules/lucide-react/dist/esm/lucide-react.js:1619:85:
      1619 │ ...as UserPen, default as UserPenIcon } from './icons/user-pen.js';
           ╵                                              ~~~~~~~~~~~~~~~~~~~~~

X [ERROR] Could not resolve "./icons/user-plus.js"

    node_modules/lucide-react/dist/esm/lucide-react.js:1620:88:
      1620 │ ...UserPlus, default as UserPlusIcon } from './icons/user-plus.js';
           ╵                                             ~~~~~~~~~~~~~~~~~~~~~~

X [ERROR] Could not resolve "./icons/user-round-key.js"

    node_modules/lucide-react/dist/esm/lucide-react.js:1621:100:
      1621 │ ... default as UserRoundKeyIcon } from './icons/user-round-key.js';
           ╵                                        ~~~~~~~~~~~~~~~~~~~~~~~~~~~

X [ERROR] Could not resolve "./icons/user-round-pen.js"

    node_modules/lucide-react/dist/esm/lucide-react.js:1622:100:
      1622 │ ... default as UserRoundPenIcon } from './icons/user-round-pen.js';
           ╵                                        ~~~~~~~~~~~~~~~~~~~~~~~~~~~

X [ERROR] Could not resolve "./icons/user-round-search.js"

    node_modules/lucide-react/dist/esm/lucide-react.js:1623:109:
      1623 │ ...lt as UserRoundSearchIcon } from './icons/user-round-search.js';
           ╵                                     ~~~~~~~~~~~~~~~~~~~~~~~~~~~~~~

X [ERROR] Could not resolve "./icons/user-search.js"

    node_modules/lucide-react/dist/esm/lucide-react.js:1624:94:
      1624 │ ...arch, default as UserSearchIcon } from './icons/user-search.js';
           ╵                                           ~~~~~~~~~~~~~~~~~~~~~~~~

X [ERROR] Could not resolve "./icons/user-star.js"

    node_modules/lucide-react/dist/esm/lucide-react.js:1625:88:
      1625 │ ...UserStar, default as UserStarIcon } from './icons/user-star.js';
           ╵                                             ~~~~~~~~~~~~~~~~~~~~~~

X [ERROR] Could not resolve "./icons/user-x.js"

    node_modules/lucide-react/dist/esm/lucide-react.js:1626:79:
      1626 │ ...fault as UserX, default as UserXIcon } from './icons/user-x.js';
           ╵                                                ~~~~~~~~~~~~~~~~~~~

X [ERROR] Could not resolve "./icons/user.js"

    node_modules/lucide-react/dist/esm/lucide-react.js:1627:76:
      1627 │ ..., default as User, default as UserIcon } from './icons/user.js';
           ╵                                                  ~~~~~~~~~~~~~~~~~

X [ERROR] Could not resolve "./icons/users.js"

    node_modules/lucide-react/dist/esm/lucide-react.js:1628:79:
      1628 │ ...efault as Users, default as UsersIcon } from './icons/users.js';
           ╵                                                 ~~~~~~~~~~~~~~~~~~

X [ERROR] Could not resolve "./icons/utility-pole.js"

    node_modules/lucide-react/dist/esm/lucide-react.js:1629:97:
      1629 │ ...le, default as UtilityPoleIcon } from './icons/utility-pole.js';
           ╵                                          ~~~~~~~~~~~~~~~~~~~~~~~~~

X [ERROR] Could not resolve "./icons/van.js"

    node_modules/lucide-react/dist/esm/lucide-react.js:1630:73:
      1630 │ ...Van, default as Van, default as VanIcon } from './icons/van.js';
           ╵                                                   ~~~~~~~~~~~~~~~~

X [ERROR] Could not resolve "./icons/vault.js"

    node_modules/lucide-react/dist/esm/lucide-react.js:1631:79:
      1631 │ ...efault as Vault, default as VaultIcon } from './icons/vault.js';
           ╵                                                 ~~~~~~~~~~~~~~~~~~

X [ERROR] Could not resolve "./icons/variable.js"

    node_modules/lucide-react/dist/esm/lucide-react.js:1632:88:
      1632 │ ... Variable, default as VariableIcon } from './icons/variable.js';
           ╵                                              ~~~~~~~~~~~~~~~~~~~~~

X [ERROR] Could not resolve "./icons/vector-square.js"

    node_modules/lucide-react/dist/esm/lucide-react.js:1633:100:
      1633 │ ..., default as VectorSquareIcon } from './icons/vector-square.js';
           ╵                                         ~~~~~~~~~~~~~~~~~~~~~~~~~~

X [ERROR] Could not resolve "./icons/vegan.js"

    node_modules/lucide-react/dist/esm/lucide-react.js:1634:79:
      1634 │ ...efault as Vegan, default as VeganIcon } from './icons/vegan.js';
           ╵                                                 ~~~~~~~~~~~~~~~~~~

X [ERROR] Could not resolve "./icons/venetian-mask.js"

    node_modules/lucide-react/dist/esm/lucide-react.js:1635:100:
      1635 │ ..., default as VenetianMaskIcon } from './icons/venetian-mask.js';
           ╵                                         ~~~~~~~~~~~~~~~~~~~~~~~~~~

X [ERROR] Could not resolve "./icons/venus-and-mars.js"

    node_modules/lucide-react/dist/esm/lucide-react.js:1636:100:
      1636 │ ... default as VenusAndMarsIcon } from './icons/venus-and-mars.js';
           ╵                                        ~~~~~~~~~~~~~~~~~~~~~~~~~~~

X [ERROR] Could not resolve "./icons/venus.js"

    node_modules/lucide-react/dist/esm/lucide-react.js:1637:79:
      1637 │ ...efault as Venus, default as VenusIcon } from './icons/venus.js';
           ╵                                                 ~~~~~~~~~~~~~~~~~~

X [ERROR] Could not resolve "./icons/vibrate-off.js"

    node_modules/lucide-react/dist/esm/lucide-react.js:1638:94:
      1638 │ ...eOff, default as VibrateOffIcon } from './icons/vibrate-off.js';
           ╵                                           ~~~~~~~~~~~~~~~~~~~~~~~~

X [ERROR] Could not resolve "./icons/vibrate.js"

    node_modules/lucide-react/dist/esm/lucide-react.js:1639:85:
      1639 │ ... as Vibrate, default as VibrateIcon } from './icons/vibrate.js';
           ╵                                               ~~~~~~~~~~~~~~~~~~~~

X [ERROR] Could not resolve "./icons/video-off.js"

    node_modules/lucide-react/dist/esm/lucide-react.js:1640:88:
      1640 │ ...VideoOff, default as VideoOffIcon } from './icons/video-off.js';
           ╵                                             ~~~~~~~~~~~~~~~~~~~~~~

X [ERROR] Could not resolve "./icons/video.js"

    node_modules/lucide-react/dist/esm/lucide-react.js:1641:79:
      1641 │ ...efault as Video, default as VideoIcon } from './icons/video.js';
           ╵                                                 ~~~~~~~~~~~~~~~~~~

X [ERROR] Could not resolve "./icons/videotape.js"

    node_modules/lucide-react/dist/esm/lucide-react.js:1642:91:
      1642 │ ...deotape, default as VideotapeIcon } from './icons/videotape.js';
           ╵                                             ~~~~~~~~~~~~~~~~~~~~~~

X [ERROR] Could not resolve "./icons/view.js"

    node_modules/lucide-react/dist/esm/lucide-react.js:1643:76:
      1643 │ ..., default as View, default as ViewIcon } from './icons/view.js';
           ╵                                                  ~~~~~~~~~~~~~~~~~

X [ERROR] Could not resolve "./icons/voicemail.js"

    node_modules/lucide-react/dist/esm/lucide-react.js:1644:91:
      1644 │ ...icemail, default as VoicemailIcon } from './icons/voicemail.js';
           ╵                                             ~~~~~~~~~~~~~~~~~~~~~~

X [ERROR] Could not resolve "./icons/volleyball.js"

    node_modules/lucide-react/dist/esm/lucide-react.js:1645:94:
      1645 │ ...yball, default as VolleyballIcon } from './icons/volleyball.js';
           ╵                                            ~~~~~~~~~~~~~~~~~~~~~~~

X [ERROR] Could not resolve "./icons/volume-2.js"

    node_modules/lucide-react/dist/esm/lucide-react.js:1646:85:
      1646 │ ...as Volume2, default as Volume2Icon } from './icons/volume-2.js';
           ╵                                              ~~~~~~~~~~~~~~~~~~~~~

X [ERROR] Could not resolve "./icons/volume-1.js"

    node_modules/lucide-react/dist/esm/lucide-react.js:1647:85:
      1647 │ ...as Volume1, default as Volume1Icon } from './icons/volume-1.js';
           ╵                                              ~~~~~~~~~~~~~~~~~~~~~

X [ERROR] Could not resolve "./icons/volume-off.js"

    node_modules/lucide-react/dist/esm/lucide-react.js:1648:91:
      1648 │ ...umeOff, default as VolumeOffIcon } from './icons/volume-off.js';
           ╵                                            ~~~~~~~~~~~~~~~~~~~~~~~

X [ERROR] Could not resolve "./icons/volume-x.js"

    node_modules/lucide-react/dist/esm/lucide-react.js:1649:85:
      1649 │ ...as VolumeX, default as VolumeXIcon } from './icons/volume-x.js';
           ╵                                              ~~~~~~~~~~~~~~~~~~~~~

X [ERROR] Could not resolve "./icons/volume.js"

    node_modules/lucide-react/dist/esm/lucide-react.js:1650:82:
      1650 │ ...ult as Volume, default as VolumeIcon } from './icons/volume.js';
           ╵                                                ~~~~~~~~~~~~~~~~~~~

X [ERROR] Could not resolve "./icons/vote.js"

    node_modules/lucide-react/dist/esm/lucide-react.js:1651:76:
      1651 │ ..., default as Vote, default as VoteIcon } from './icons/vote.js';
           ╵                                                  ~~~~~~~~~~~~~~~~~

X [ERROR] Could not resolve "./icons/wallet-cards.js"

    node_modules/lucide-react/dist/esm/lucide-react.js:1652:97:
      1652 │ ...ds, default as WalletCardsIcon } from './icons/wallet-cards.js';
           ╵                                          ~~~~~~~~~~~~~~~~~~~~~~~~~

X [ERROR] Could not resolve "./icons/wallet.js"

    node_modules/lucide-react/dist/esm/lucide-react.js:1653:82:
      1653 │ ...ult as Wallet, default as WalletIcon } from './icons/wallet.js';
           ╵                                                ~~~~~~~~~~~~~~~~~~~

X [ERROR] Could not resolve "./icons/wallpaper.js"

    node_modules/lucide-react/dist/esm/lucide-react.js:1654:91:
      1654 │ ...llpaper, default as WallpaperIcon } from './icons/wallpaper.js';
           ╵                                             ~~~~~~~~~~~~~~~~~~~~~~

X [ERROR] Could not resolve "./icons/wand.js"

    node_modules/lucide-react/dist/esm/lucide-react.js:1655:76:
      1655 │ ..., default as Wand, default as WandIcon } from './icons/wand.js';
           ╵                                                  ~~~~~~~~~~~~~~~~~

X [ERROR] Could not resolve "./icons/warehouse.js"

    node_modules/lucide-react/dist/esm/lucide-react.js:1656:91:
      1656 │ ...rehouse, default as WarehouseIcon } from './icons/warehouse.js';
           ╵                                             ~~~~~~~~~~~~~~~~~~~~~~

X [ERROR] Could not resolve "./icons/washing-machine.js"

    node_modules/lucide-react/dist/esm/lucide-react.js:1657:106:
      1657 │ ...fault as WashingMachineIcon } from './icons/washing-machine.js';
           ╵                                       ~~~~~~~~~~~~~~~~~~~~~~~~~~~~

X [ERROR] Could not resolve "./icons/waves-arrow-down.js"

    node_modules/lucide-react/dist/esm/lucide-react.js:1658:106:
      1658 │ ...ault as WavesArrowDownIcon } from './icons/waves-arrow-down.js';
           ╵                                      ~~~~~~~~~~~~~~~~~~~~~~~~~~~~~

X [ERROR] Could not resolve "./icons/watch.js"

    node_modules/lucide-react/dist/esm/lucide-react.js:1659:79:
      1659 │ ...efault as Watch, default as WatchIcon } from './icons/watch.js';
           ╵                                                 ~~~~~~~~~~~~~~~~~~

X [ERROR] Could not resolve "./icons/waves-ladder.js"

    node_modules/lucide-react/dist/esm/lucide-react.js:1660:97:
      1660 │ ...er, default as WavesLadderIcon } from './icons/waves-ladder.js';
           ╵                                          ~~~~~~~~~~~~~~~~~~~~~~~~~

X [ERROR] Could not resolve "./icons/waves-arrow-up.js"

    node_modules/lucide-react/dist/esm/lucide-react.js:1661:100:
      1661 │ ... default as WavesArrowUpIcon } from './icons/waves-arrow-up.js';
           ╵                                        ~~~~~~~~~~~~~~~~~~~~~~~~~~~

X [ERROR] Could not resolve "./icons/waves.js"

    node_modules/lucide-react/dist/esm/lucide-react.js:1662:79:
      1662 │ ...efault as Waves, default as WavesIcon } from './icons/waves.js';
           ╵                                                 ~~~~~~~~~~~~~~~~~~

X [ERROR] Could not resolve "./icons/waypoints.js"

    node_modules/lucide-react/dist/esm/lucide-react.js:1663:91:
      1663 │ ...ypoints, default as WaypointsIcon } from './icons/waypoints.js';
           ╵                                             ~~~~~~~~~~~~~~~~~~~~~~

X [ERROR] Could not resolve "./icons/webcam.js"

    node_modules/lucide-react/dist/esm/lucide-react.js:1664:82:
      1664 │ ...ult as Webcam, default as WebcamIcon } from './icons/webcam.js';
           ╵                                                ~~~~~~~~~~~~~~~~~~~

X [ERROR] Could not resolve "./icons/webhook.js"

    node_modules/lucide-react/dist/esm/lucide-react.js:1665:85:
      1665 │ ... as Webhook, default as WebhookIcon } from './icons/webhook.js';
           ╵                                               ~~~~~~~~~~~~~~~~~~~~

X [ERROR] Could not resolve "./icons/webhook-off.js"

    node_modules/lucide-react/dist/esm/lucide-react.js:1666:94:
      1666 │ ...kOff, default as WebhookOffIcon } from './icons/webhook-off.js';
           ╵                                           ~~~~~~~~~~~~~~~~~~~~~~~~

X [ERROR] Could not resolve "./icons/weight-tilde.js"

    node_modules/lucide-react/dist/esm/lucide-react.js:1667:97:
      1667 │ ...de, default as WeightTildeIcon } from './icons/weight-tilde.js';
           ╵                                          ~~~~~~~~~~~~~~~~~~~~~~~~~

X [ERROR] Could not resolve "./icons/weight.js"

    node_modules/lucide-react/dist/esm/lucide-react.js:1668:82:
      1668 │ ...ult as Weight, default as WeightIcon } from './icons/weight.js';
           ╵                                                ~~~~~~~~~~~~~~~~~~~

X [ERROR] Could not resolve "./icons/wheat-off.js"

    node_modules/lucide-react/dist/esm/lucide-react.js:1669:88:
      1669 │ ...WheatOff, default as WheatOffIcon } from './icons/wheat-off.js';
           ╵                                             ~~~~~~~~~~~~~~~~~~~~~~

X [ERROR] Could not resolve "./icons/wheat.js"

    node_modules/lucide-react/dist/esm/lucide-react.js:1670:79:
      1670 │ ...efault as Wheat, default as WheatIcon } from './icons/wheat.js';
           ╵                                                 ~~~~~~~~~~~~~~~~~~

X [ERROR] Could not resolve "./icons/whole-word.js"

    node_modules/lucide-react/dist/esm/lucide-react.js:1671:91:
      1671 │ ...leWord, default as WholeWordIcon } from './icons/whole-word.js';
           ╵                                            ~~~~~~~~~~~~~~~~~~~~~~~

X [ERROR] Could not resolve "./icons/wifi-cog.js"

    node_modules/lucide-react/dist/esm/lucide-react.js:1672:85:
      1672 │ ...as WifiCog, default as WifiCogIcon } from './icons/wifi-cog.js';
           ╵                                              ~~~~~~~~~~~~~~~~~~~~~

X [ERROR] Could not resolve "./icons/wifi-high.js"

    node_modules/lucide-react/dist/esm/lucide-react.js:1673:88:
      1673 │ ...WifiHigh, default as WifiHighIcon } from './icons/wifi-high.js';
           ╵                                             ~~~~~~~~~~~~~~~~~~~~~~

X [ERROR] Could not resolve "./icons/wifi-low.js"

    node_modules/lucide-react/dist/esm/lucide-react.js:1674:85:
      1674 │ ...as WifiLow, default as WifiLowIcon } from './icons/wifi-low.js';
           ╵                                              ~~~~~~~~~~~~~~~~~~~~~

X [ERROR] Could not resolve "./icons/wifi-off.js"

    node_modules/lucide-react/dist/esm/lucide-react.js:1675:85:
      1675 │ ...as WifiOff, default as WifiOffIcon } from './icons/wifi-off.js';
           ╵                                              ~~~~~~~~~~~~~~~~~~~~~

X [ERROR] Could not resolve "./icons/wifi-pen.js"

    node_modules/lucide-react/dist/esm/lucide-react.js:1676:85:
      1676 │ ...as WifiPen, default as WifiPenIcon } from './icons/wifi-pen.js';
           ╵                                              ~~~~~~~~~~~~~~~~~~~~~

X [ERROR] Could not resolve "./icons/wifi-sync.js"

    node_modules/lucide-react/dist/esm/lucide-react.js:1677:88:
      1677 │ ...WifiSync, default as WifiSyncIcon } from './icons/wifi-sync.js';
           ╵                                             ~~~~~~~~~~~~~~~~~~~~~~

X [ERROR] Could not resolve "./icons/wifi.js"

    node_modules/lucide-react/dist/esm/lucide-react.js:1678:76:
      1678 │ ..., default as Wifi, default as WifiIcon } from './icons/wifi.js';
           ╵                                                  ~~~~~~~~~~~~~~~~~

X [ERROR] Could not resolve "./icons/wifi-zero.js"

    node_modules/lucide-react/dist/esm/lucide-react.js:1679:88:
      1679 │ ...WifiZero, default as WifiZeroIcon } from './icons/wifi-zero.js';
           ╵                                             ~~~~~~~~~~~~~~~~~~~~~~

X [ERROR] Could not resolve "./icons/wind-arrow-down.js"

    node_modules/lucide-react/dist/esm/lucide-react.js:1680:103:
      1680 │ ...efault as WindArrowDownIcon } from './icons/wind-arrow-down.js';
           ╵                                       ~~~~~~~~~~~~~~~~~~~~~~~~~~~~

X [ERROR] Could not resolve "./icons/wind.js"

    node_modules/lucide-react/dist/esm/lucide-react.js:1681:76:
      1681 │ ..., default as Wind, default as WindIcon } from './icons/wind.js';
           ╵                                                  ~~~~~~~~~~~~~~~~~

X [ERROR] Could not resolve "./icons/wine-off.js"

    node_modules/lucide-react/dist/esm/lucide-react.js:1682:85:
      1682 │ ...as WineOff, default as WineOffIcon } from './icons/wine-off.js';
           ╵                                              ~~~~~~~~~~~~~~~~~~~~~

X [ERROR] Could not resolve "./icons/wine.js"

    node_modules/lucide-react/dist/esm/lucide-react.js:1683:76:
      1683 │ ..., default as Wine, default as WineIcon } from './icons/wine.js';
           ╵                                                  ~~~~~~~~~~~~~~~~~

X [ERROR] Could not resolve "./icons/workflow.js"

    node_modules/lucide-react/dist/esm/lucide-react.js:1684:88:
      1684 │ ... Workflow, default as WorkflowIcon } from './icons/workflow.js';
           ╵                                              ~~~~~~~~~~~~~~~~~~~~~

X [ERROR] Could not resolve "./icons/worm.js"

    node_modules/lucide-react/dist/esm/lucide-react.js:1685:76:
      1685 │ ..., default as Worm, default as WormIcon } from './icons/worm.js';
           ╵                                                  ~~~~~~~~~~~~~~~~~

X [ERROR] Could not resolve "./icons/wrench.js"

    node_modules/lucide-react/dist/esm/lucide-react.js:1686:82:
      1686 │ ...ult as Wrench, default as WrenchIcon } from './icons/wrench.js';
           ╵                                                ~~~~~~~~~~~~~~~~~~~

X [ERROR] Could not resolve "./icons/x-line-top.js"

    node_modules/lucide-react/dist/esm/lucide-react.js:1687:88:
      1687 │ ...LineTop, default as XLineTopIcon } from './icons/x-line-top.js';
           ╵                                            ~~~~~~~~~~~~~~~~~~~~~~~

X [ERROR] Could not resolve "./icons/x.js"

    node_modules/lucide-react/dist/esm/lucide-react.js:1688:67:
      1688 │ ...s LucideX, default as X, default as XIcon } from './icons/x.js';
           ╵                                                     ~~~~~~~~~~~~~~

X [ERROR] Could not resolve "./icons/youtube.js"

    node_modules/lucide-react/dist/esm/lucide-react.js:1689:85:
      1689 │ ... as Youtube, default as YoutubeIcon } from './icons/youtube.js';
           ╵                                               ~~~~~~~~~~~~~~~~~~~~

X [ERROR] Could not resolve "./icons/zap-off.js"

    node_modules/lucide-react/dist/esm/lucide-react.js:1690:82:
      1690 │ ...lt as ZapOff, default as ZapOffIcon } from './icons/zap-off.js';
           ╵                                               ~~~~~~~~~~~~~~~~~~~~

X [ERROR] Could not resolve "./icons/zoom-in.js"

    node_modules/lucide-react/dist/esm/lucide-react.js:1691:82:
      1691 │ ...lt as ZoomIn, default as ZoomInIcon } from './icons/zoom-in.js';
           ╵                                               ~~~~~~~~~~~~~~~~~~~~

X [ERROR] Could not resolve "./icons/zap.js"

    node_modules/lucide-react/dist/esm/lucide-react.js:1692:73:
      1692 │ ...Zap, default as Zap, default as ZapIcon } from './icons/zap.js';
           ╵                                                   ~~~~~~~~~~~~~~~~

X [ERROR] Could not resolve "./icons/zoom-out.js"

    node_modules/lucide-react/dist/esm/lucide-react.js:1693:85:
      1693 │ ...as ZoomOut, default as ZoomOutIcon } from './icons/zoom-out.js';
           ╵                                              ~~~~~~~~~~~~~~~~~~~~~

X [ERROR] Could not resolve "./icons/arrow-down-0-1.js"

    node_modules/lucide-react/dist/esm/lucide-react.js:1694:97:
      1694 │ ...default as LucideArrowDown01 } from './icons/arrow-down-0-1.js';
           ╵                                        ~~~~~~~~~~~~~~~~~~~~~~~~~~~

X [ERROR] Could not resolve "./icons/arrow-down-1-0.js"

    node_modules/lucide-react/dist/esm/lucide-react.js:1695:97:
      1695 │ ...default as LucideArrowDown10 } from './icons/arrow-down-1-0.js';
           ╵                                        ~~~~~~~~~~~~~~~~~~~~~~~~~~~

X [ERROR] Could not resolve "./icons/arrow-up-0-1.js"

    node_modules/lucide-react/dist/esm/lucide-react.js:1696:91:
      1696 │ ...on, default as LucideArrowUp01 } from './icons/arrow-up-0-1.js';
           ╵                                          ~~~~~~~~~~~~~~~~~~~~~~~~~

X [ERROR] Could not resolve "./icons/arrow-up-1-0.js"

    node_modules/lucide-react/dist/esm/lucide-react.js:1697:91:
      1697 │ ...on, default as LucideArrowUp10 } from './icons/arrow-up-1-0.js';
           ╵                                          ~~~~~~~~~~~~~~~~~~~~~~~~~

X [ERROR] Could not resolve "./createLucideIcon.js"

    node_modules/lucide-react/dist/esm/lucide-react.js:1698:44:
      1698 │ ...rt { default as createLucideIcon } from './createLucideIcon.js';
           ╵                                            ~~~~~~~~~~~~~~~~~~~~~~~

X [ERROR] Could not resolve "./Icon.js"

    node_modules/lucide-react/dist/esm/lucide-react.js:1699:32:
      1699 │ export { default as Icon } from './Icon.js';
           ╵                                 ~~~~~~~~~~~

C:\Users\ADMIN\Downloads\Manikandan Documents (1)\whatsapp\node_modules\esbuild\lib\main.js:1467
  let error = new Error(text);
              ^

Error: Build failed with 2199 errors:
error: Cannot read directory "../../..": Access is denied.
node_modules/@headlessui/react/dist/headlessui.esm.js:1:11: ERROR: Could not resolve "./components/button/button.js"
node_modules/@headlessui/react/dist/headlessui.esm.js:1:54: ERROR: Could not resolve "./components/checkbox/checkbox.js"
node_modules/@headlessui/react/dist/headlessui.esm.js:1:101: ERROR: Could not resolve "./components/close-button/close-button.js"
node_modules/@headlessui/react/dist/headlessui.esm.js:1:156: ERROR: Could not resolve "./components/combobox/combobox.js"
...
    at failureErrorWithLog (C:\Users\ADMIN\Downloads\Manikandan Documents (1)\whatsapp\node_modules\esbuild\lib\main.js:1467:15)
    at C:\Users\ADMIN\Downloads\Manikandan Documents (1)\whatsapp\node_modules\esbuild\lib\main.js:926:25
    at C:\Users\ADMIN\Downloads\Manikandan Documents (1)\whatsapp\node_modules\esbuild\lib\main.js:1345:9
    at process.processTicksAndRejections (node:internal/process/task_queues:105:5) {
  errors: [Getter/Setter],
  warnings: [Getter/Setter]
}

Node.js v22.22.0
